anime_id,nombre,anio,temporada,formato,mal_id
1,.hack//Liminality,2002,Spring,OVA,299.0
2,.hack//roots,2006,Spring,TV,873.0
3,.hack//Sign,2002,Spring,TV,48.0
4,.hack//Tasogare no Udewa Densetsu,2003,Winter,TV,298.0
5,07-Ghost,2009,Spring,TV,5525.0
6,100-man no Inochi no Ue ni Ore wa Tatteiru,2020,Fall,TV,41380.0
7,11eyes,2009,Fall,TV,6682.0
8,12-sai.: Chicchana Mune no Tokimeki,2016,Spring,TV,32601.0
9,12-sai.: Chicchana Mune no Tokimeki 2nd Season,2016,Fall,TV,33419.0
10,18if,2017,Summer,TV,35248.0
11,2.43: Seiin Koukou Danshi Volley-bu,2021,Winter,TV,40679.0
12,22/7,2020,Winter,TV,40148.0
13,22/7: 8＋3=?,2020,Summer,Special,40924.0
14,25-sai no Joshikousei,2018,Winter,TV Short,36840.0
15,3 Choume no Tama: Uchi no Tama Shirimasen ka?,1988,Fall,TV,2467.0
16,3-gatsu no Lion,2016,Fall,TV,31646.0
17,3-gatsu no Lion 2nd Season,2017,Fall,TV,35180.0
18,30-sai no Hoken Taiiku,2011,Spring,TV Short,9624.0
19,3D Kanojo: Real Girl,2018,Spring,TV,36793.0
20,3D Kanojo: Real Girl 2nd Season,2019,Winter,TV,37956.0
21,7 Seeds,2019,Spring,ONA,38735.0
22,7 Seeds 2nd Season,2020,Winter,ONA,40602.0
23,91 Days,2016,Summer,TV,32998.0
24,A-Channel,2011,Spring,TV,9776.0
25,A.I.C.O.: Incarnation,2018,Winter,ONA,36039.0
26,A3! Season Autumn & Winter,2020,Fall,TV,40272.0
27,A3! Season Spring & Summer,2020,Winter,TV,39184.0
28,Aa! Megami-sama! (TV),2005,Winter,TV,50.0
29,Aa! Megami-sama!: Sorezore no Tsubasa,2006,Spring,TV,880.0
30,Aa! Megami-sama!: Tatakau Tsubasa,2007,Fall,Special,3090.0
31,Abciee Shuugyou Nikki,2021,Winter,TV Short,44040.0
32,Abenobashi Mahou☆Shoutengai,2002,Spring,TV,306.0
33,Absolute Duo,2015,Winter,TV,25397.0
34,ACCA: 13-ku Kansatsu-ka,2017,Winter,TV,33337.0
35,ACCA: 13-ku Kansatsu-ka - Regards,2020,Winter,OVA,39610.0
36,Accel World,2012,Spring,TV,11759.0
37,Accel World EX,2012,Summer,OVA,13939.0
38,Acchi Kocchi (TV),2012,Spring,TV,12291.0
39,Ace wo Nerae!,1973,Fall,TV,311.0
40,Ace wo Nerae! Movie,1979,Summer,Movie,313.0
41,Action Heroine Cheer Fruits,2017,Summer,TV,34800.0
42,Active Raid: Kidou Kyoushuushitsu Dai Hachi Gakari,2016,Winter,TV,31790.0
43,Active Raid: Kidou Kyoushuushitsu Dai Hachi Gakari 2nd,2016,Summer,TV,32301.0
44,Actors: Songs Connection,2019,Fall,TV,38670.0
45,Adachi to Shimamura,2020,Fall,TV,39790.0
46,Africa no Salaryman,2019,Fall,TV,39590.0
47,Afro Samurai,2007,Spring,TV,1292.0
48,Afro Samurai: Resurrection,2009,Winter,Movie,4970.0
49,After War Gundam X,1996,Spring,TV,92.0
50,Aguu: Tensai Ningyou,2018,Summer,TV,37769.0
51,Ahiru no Sora,2019,Fall,TV,37403.0
52,Aho Girl,2017,Summer,TV Short,34881.0
53,Ai Tenchi Muyou!,2014,Fall,TV Short,24699.0
54,Ai Tenshi Densetsu Wedding Peach,1995,Spring,TV,1533.0
55,Ai Yori Aoshi,2002,Spring,TV,53.0
56,Ai Yori Aoshi: Enishi,2003,Fall,TV,394.0
57,AIKa,1997,Spring,OVA,366.0
58,AIKa: Special Trial,1998,Spring,OVA,4718.0
59,Aikatsu!,2012,Fall,TV,15061.0
60,Aikatsu Friends!,2018,Spring,TV,37204.0
61,Aikatsu Friends!: Kagayaki no Jewel,2019,Spring,TV,39078.0
62,Aikatsu! Movie,2014,Fall,Movie,22819.0
63,Aikatsu!: Nerawareta Mahou no Aikatsu! Card,2016,Summer,Movie,32806.0
64,Aikatsu on Parade!,2019,Fall,TV,40266.0
65,Aikatsu Stars!,2016,Spring,TV,32717.0
66,Aikatsu Stars! Movie,2016,Summer,Movie,31485.0
67,Air,2005,Winter,TV,101.0
68,Air Gear,2006,Spring,TV,857.0
69,Aishen Qiaokeli-ing...,2015,Fall,ONA,32323.0
70,Aishiteruze Baby★★,2004,Spring,TV,102.0
71,Aiura,2013,Spring,TV Short,17082.0
72,Ajimu: Kaigan Monogatari,2001,Spring,ONA,1734.0
73,Ajin,2016,Winter,TV,31580.0
74,Ajin 2nd Season,2016,Fall,TV,33253.0
75,Akachan to Boku,1996,Summer,TV,1485.0
76,Akagami no Shirayuki-hime,2015,Summer,TV,30123.0
77,Akagami no Shirayuki-hime 2nd Season,2016,Winter,TV,31173.0
78,Akage no Anne,1979,Winter,TV,283.0
79,Akahori Gedou Hour Rabuge,2005,Summer,TV,309.0
80,Akai Kiba: Blue Sonnet,1989,Summer,OVA,2051.0
81,Akai Koudan Zillion,1987,Spring,TV,2688.0
82,Akame ga Kill!,2014,Summer,TV,22199.0
83,Akaneiro ni Somaru Saka,2008,Fall,TV,4744.0
84,Akaneiro ni Somaru Saka: Hardcore,2009,Spring,Special,5772.0
85,Akanesasu Shoujo,2018,Fall,TV,37561.0
86,Akatsuki no Yona,2014,Fall,TV,25013.0
87,Akatsuki no Yona OVA,2015,Summer,OVA,30370.0
88,Akazukin Chacha,1994,Winter,TV,103.0
89,AKB0048,2012,Spring,TV,12149.0
90,AKB0048: Next Stage,2013,Winter,TV,14941.0
91,Aki-Sora: Yume no Naka,2010,Summer,OVA,8577.0
92,Akiba's Trip The Animation,2017,Winter,TV,34051.0
93,Akkun to Kanojo,2018,Spring,TV Short,36864.0
94,Aku no Hana,2013,Spring,TV,16201.0
95,Akudama Drive,2020,Fall,TV,41433.0
96,Akuma no Riddle,2014,Spring,TV,19429.0
97,Akuma no Riddle: Shousha wa Dare? Nukiuchi Test,2014,Fall,Special,24751.0
98,Aldnoah.Zero,2014,Summer,TV,22729.0
99,Aldnoah.Zero 2nd Season,2015,Winter,TV,27655.0
100,Alice in Deadly School,2021,Winter,OVA,33839.0
101,Alice or Alice: Siscon Niisan to Futago no Imouto,2018,Spring,TV Short,36001.0
102,Alice to Zouroku,2017,Spring,TV,34350.0
103,Alien 9,2001,Spring,OVA,1177.0
104,All Out!!,2016,Fall,TV,31588.0
105,Allison to Lillia,2008,Spring,TV,3549.0
106,Alps no Shoujo Heidi,1974,Winter,TV,2225.0
107,Amaama to Inazuma,2016,Summer,TV,32828.0
108,Amaenaide yo!!,2005,Summer,TV,591.0
109,Amaenaide yo!! Katsu!!,2006,Winter,TV,886.0
110,Amagami SS,2010,Summer,TV,8676.0
111,Amagami SS+ Plus,2012,Winter,TV,11235.0
112,Amagami SS: Tachibana Miya-hen - Imouto,2011,Spring,Special,9925.0
113,Amagi Brilliant Park,2014,Fall,TV,22147.0
114,Amai Choubatsu: Watashi wa Kanshu Senyou Pet,2018,Spring,ONA,37320.0
115,Amanchu!,2016,Summer,TV,31771.0
116,Amanchu! Advance,2018,Spring,TV,36800.0
117,Amatsuki,2008,Spring,TV,3359.0
118,Ame-iro Cocoa Series: Ame-con!!,2017,Fall,TV Short,35923.0
119,Ame-iro Cocoa: Side G,2019,Winter,TV Short,37747.0
120,Amnesia,2013,Winter,TV,15085.0
121,Ange Vierge,2016,Summer,TV,32171.0
122,Angel Beats!,2010,Spring,TV,6547.0
123,Angel Densetsu,1996,Fall,OVA,5251.0
124,Angolmois: Genkou Kassenki,2018,Summer,TV,35834.0
125,Ani ni Tsukeru Kusuri wa Nai!,2017,Spring,TV,35015.0
126,Ani ni Tsukeru Kusuri wa Nai! 2,2018,Summer,TV,37924.0
127,Ani ni Tsukeru Kusuri wa Nai! 3,2019,Fall,TV,39959.0
128,Ani ni Tsukeru Kusuri wa Nai! 4,2020,Fall,TV,42238.0
129,Anima Yell!,2018,Fall,TV,37206.0
130,Animegataris,2017,Fall,TV,35427.0
131,Animentary: Ketsudan,1971,Spring,TV,8436.0
132,Anitore! EX,2015,Fall,TV Short,31519.0
133,Anitore! XX,2016,Fall,TV Short,33746.0
134,Anne Happy♪,2016,Spring,TV,31080.0
135,Ano Hi Mita Hana no Namae wo Bokutachi wa Mada Shiranai.,2011,Spring,TV,9989.0
136,Ano Natsu de Matteru,2012,Winter,TV,11433.0
137,Another,2012,Winter,TV,11111.0
138,Ansatsu Kyoushitsu (TV),2015,Winter,TV,24833.0
139,Ansatsu Kyoushitsu (TV) 2nd Season,2016,Winter,TV,30654.0
140,Ansatsu Kyoushitsu: 365-nichi no Jikan,2016,Fall,Movie,33513.0
141,Anyamal Tantei Kiruminzoo,2009,Fall,TV,7152.0
142,Ao Haru Ride,2014,Summer,TV,21995.0
143,Ao no Exorcist,2011,Spring,TV,9919.0
144,Ao no Exorcist: Kyoto Fujouou-hen,2017,Winter,TV,33506.0
145,Ao no Kanata no Four Rhythm,2016,Winter,TV,28391.0
146,Ao Oni The Animation,2016,Fall,TV Short,33814.0
147,Aoharu x Kikanjuu,2015,Summer,TV,30205.0
148,Aoi Bungaku Series,2009,Fall,TV,7193.0
149,Aoi Hana,2009,Summer,TV,6164.0
150,Aoi Sekai no Chuushin de,2012,Fall,Special,15133.0
151,Aoki Hagane no Arpeggio: Ars Nova,2013,Fall,TV,18893.0
152,Aoki Ryuusei SPT Layzner,1985,Fall,TV,3079.0
153,Aoki Ryuusei SPT Layzner OVA,1986,Summer,OVA,5755.0
154,Apfelland Monogatari,1992,Fall,Movie,5673.0
155,Appare-Ranman!,2020,Spring,TV,40532.0
156,Aquarion Evol,2012,Winter,TV,10447.0
157,Aquarion Logos,2015,Summer,TV,30382.0
158,Ar Tonelico: Sekai no Owari de Utai Tsuzukeru Shoujo,2006,Winter,OVA,1202.0
159,Araburu Kisetsu no Otome-domo yo.,2019,Summer,TV,38753.0
160,Araiya-san!: Ore to Aitsu ga Onnayu de!?,2019,Spring,ONA,39337.0
161,Arakawa Under the Bridge,2010,Spring,TV,7647.0
162,Arakawa Under the Bridge x Bridge,2010,Fall,TV,9074.0
163,Arata Kangatari,2013,Spring,TV,16518.0
164,Arata naru Sekai: World's/Start/Load/End,2012,Fall,OVA,14373.0
165,Arcana Famiglia,2012,Summer,TV,12967.0
166,Area 88,1985,Winter,OVA,1488.0
167,Area no Kishi,2012,Winter,TV,11697.0
168,Argonavis from BanG Dream!,2020,Spring,TV,40677.0
169,Aria The Animation,2005,Fall,TV,477.0
170,Aria The Avvenire,2015,Fall,Special,29893.0
171,Aria The Natural,2006,Spring,TV,962.0
172,Aria The Origination,2008,Winter,TV,3297.0
173,Aria The OVA: Arietta,2007,Fall,OVA,2563.0
174,Arifureta Shokugyou de Sekai Saikyou,2019,Summer,TV,36882.0
175,ARP Backstage Pass,2020,Winter,TV,40137.0
176,Arslan Senki (TV),2015,Spring,TV,28249.0
177,Arslan Senki (TV): Fuujin Ranbu,2016,Summer,TV,31821.0
178,Arte,2020,Spring,TV,40128.0
179,Asa made Jugyou Chu!,2012,Spring,OVA,12581.0
180,Asagao to Kase-san.,2018,Spring,OVA,36214.0
181,Asatir: Mirai no Mukashibanashi,2020,Spring,TV,41558.0
182,Asatte no Houkou.,2006,Fall,TV,1554.0
183,Ashita no Joe,1970,Spring,TV,2402.0
184,Ashita no Joe 2,1980,Fall,TV,2921.0
185,Ashita no Nadja,2003,Winter,TV,1946.0
186,Ashita Sekai ga Owaru toshitemo,2019,Winter,Movie,38464.0
187,Asobi Asobase,2018,Summer,TV,37171.0
188,Asobi ni Iku yo!,2010,Summer,TV,6166.0
189,Assassins Pride,2019,Fall,TV,38572.0
190,Assault Lily: Bouquet,2020,Fall,TV,40550.0
191,Astarotte no Omocha!,2011,Spring,TV,9736.0
192,Astroganger,1972,Fall,TV,5311.0
193,Asu no Yoichi!,2009,Winter,TV,4999.0
194,Asura Cryin',2009,Spring,TV,5342.0
195,Asura Cryin' 2,2009,Fall,TV,6676.0
196,Atom: The Beginning,2017,Spring,TV,33371.0
197,Attack No.1,1970,Winter,TV,1550.0
198,Aura Battler Dunbine,1983,Winter,TV,929.0
199,Aware! Meisaku-kun,2016,Spring,TV Short,32956.0
200,Ayakashi,2008,Winter,TV,3166.0
201,Ayakashi: Japanese Classic Horror,2006,Winter,TV,586.0
202,Azumanga Daioh,2002,Spring,TV,66.0
203,Azur Lane,2019,Fall,TV,38328.0
204,Azur Lane: Bisoku Zenshin!,2021,Winter,TV Short,40930.0
205,B Gata H Kei,2010,Spring,TV,7817.0
206,B-Project: Kodou*Ambitious,2016,Summer,TV,33046.0
207,B-Project: Zecchou*Emotion,2019,Winter,TV,36483.0
208,B: The Beginning,2018,Winter,ONA,32827.0
209,Babel Nisei,1973,Winter,TV,1666.0
210,Baby Steps,2014,Spring,TV,21185.0
211,Babylon,2019,Fall,TV,37525.0
212,Baccano!,2007,Summer,TV,2251.0
213,Back Arrow,2021,Winter,TV,40964.0
214,Back Street Girls: Gokudolls,2018,Summer,TV,36873.0
215,Baka to Test to Shoukanjuu,2010,Winter,TV,6347.0
216,Baka to Test to Shoukanjuu: Matsuri,2011,Winter,OVA,9471.0
217,Baka to Test to Shoukanjuu Ni!,2011,Summer,TV,8516.0
218,Bakemonogatari,2009,Summer,TV,5081.0
219,Baki,2018,Spring,ONA,34443.0
220,Baki 2nd Season,2020,Spring,ONA,39555.0
221,Bakugan: Armored Alliance,2020,Spring,TV,41405.0
222,Bakugan Battle Brawlers,2007,Spring,TV,2156.0
223,Bakugan Battle Planet,2019,Spring,TV,39622.0
224,Bakuman.,2010,Fall,TV,7674.0
225,Bakuman. 2,2011,Fall,TV,10030.0
226,Bakuman. 3,2012,Fall,TV,12365.0
227,Bakumatsu,2018,Fall,TV,37584.0
228,Bakumatsu: Crisis,2019,Spring,TV,38860.0
229,Bakumatsu Gijinden Roman,2013,Winter,TV,16211.0
230,Bakumatsu Kikansetsu Irohanihoheto,2006,Fall,ONA,1576.0
231,Bakumatsu Rock,2014,Summer,TV,23037.0
232,Bakuon!!,2016,Spring,TV,30795.0
233,Bakuon!! OVA,2016,Spring,OVA,31883.0
234,Bakuretsu Tenshi,2004,Spring,TV,109.0
235,Bakusou Kyoudai Let's & Go MAX,1998,Winter,TV,2709.0
236,Bakutsuri Bar Hunter,2018,Fall,TV,37117.0
237,Baja no Studio,2017,Fall,OVA,35965.0
238,Baja no Studio: Baja no Mita Umi,2019,Fall,OVA,39735.0
239,Baldr Force Exe Resolution,2006,Fall,OVA,1682.0
240,Ballroom e Youkoso,2017,Summer,TV,34636.0
241,Bamboo Blade,2007,Fall,TV,2986.0
242,Banana Fish,2018,Summer,TV,36649.0
243,Bananya,2016,Summer,TV Short,32664.0
244,BanG Dream!,2017,Winter,TV,33573.0
245,BanG Dream! 2nd Season,2019,Winter,TV,37869.0
246,BanG Dream! 3rd Season,2020,Winter,TV,37870.0
247,BanG Dream! Garupa☆Pico,2018,Summer,TV Short,37873.0
248,BanG Dream! Garupa☆Pico: Oomori,2020,Spring,TV Short,40854.0
249,BanG Dream! Asonjatta!,2017,Fall,Special,34870.0
250,Barakamon,2014,Summer,TV,22789.0
251,Bartender,2006,Fall,TV,1589.0
252,Basilisk: Kouga Ninpou Chou,2005,Spring,TV,67.0
253,Basilisk: Ouka Ninpouchou,2018,Winter,TV,35964.0
254,Basquash!,2009,Spring,TV,5675.0
255,Battery,2016,Summer,TV,32947.0
256,Battle Athletess Daiundoukai (TV),1997,Fall,TV,1186.0
257,Battle Girl High School,2017,Summer,TV,33184.0
258,Battle Programmer Shirase,2003,Fall,TV Short,579.0
259,Beastars,2019,Fall,TV,39195.0
260,Beastars 2nd Season,2021,Winter,TV,40935.0
261,Beatless,2018,Winter,TV,36516.0
262,Beck,2004,Fall,TV,57.0
263,Beelzebub,2011,Winter,TV,9513.0
264,Beelzebub-jou no Okinimesu mama.,2018,Fall,TV,37716.0
265,Beet the Vandel Buster,2004,Fall,TV,8.0
266,Bem,2019,Summer,TV,39221.0
267,Bem Movie: Become Human,2020,Fall,Movie,42129.0
268,Ben-To,2011,Fall,TV,10396.0
269,Bermuda Triangle: Colorful Pastrale,2019,Winter,TV,38199.0
270,Bernard-jou Iwaku.,2016,Fall,TV Short,33462.0
271,Berserk,1997,Fall,TV,33.0
272,Berserk,2016,Summer,TV,32379.0
273,Berserk,2017,Spring,TV,34055.0
274,Berserk: Ougon Jidai-hen I - Haou no Tamago,2012,Winter,Movie,10218.0
275,Berserk: Ougon Jidai-hen II - Doldrey Kouryaku,2012,Spring,Movie,12113.0
276,Berserk: Ougon Jidai-hen III - Kourin,2013,Winter,Movie,12115.0
277,Beyblade Burst,2016,Spring,TV,31049.0
278,Beyblade Burst Gachi,2019,Spring,TV,39282.0
279,Beyblade Burst God,2017,Spring,TV,34901.0
280,Beyblade Burst Chouzetsu,2018,Spring,TV,37283.0
281,Beyblade Burst Super King,2020,Spring,ONA,41439.0
282,Big Order,2015,Fall,OVA,30137.0
283,Big Order (TV),2016,Spring,TV,31904.0
284,Big X,1964,Spring,TV,9613.0
285,Bikini Warriors,2015,Summer,TV Short,30782.0
286,Binan Koukou Chikyuu Bouei-bu Happy Kiss!,2018,Spring,TV,37036.0
287,Binan Koukou Chikyuu Bouei-bu Love!,2015,Winter,TV,27727.0
288,Binan Koukou Chikyuu Bouei-bu LOVE! LOVE!,2016,Summer,TV,31417.0
289,Binbougami ga!,2012,Summer,TV,13535.0
290,Binchou-tan,2006,Winter,TV Short,750.0
291,Birthday Wonderland,2019,Spring,Movie,38985.0
292,Bishoujo Senshi Sailor Moon,1992,Spring,TV,530.0
293,Bishoujo Senshi Sailor Moon Crystal,2014,Summer,ONA,14751.0
294,Bishoujo Senshi Sailor Moon Crystal Season III,2016,Spring,TV,31733.0
295,Bishoujo Senshi Sailor Moon R,1993,Spring,TV,740.0
296,Bishoujo Senshi Sailor Moon R: The Movie,1993,Fall,Movie,531.0
297,Bishoujo Senshi Sailor Moon S,1994,Spring,TV,532.0
298,Bishoujo Senshi Sailor Moon S: Kaguya-hime no Koibito,1994,Fall,Movie,997.0
299,Bishoujo Senshi Sailor Moon: Sailor Stars,1996,Spring,TV,996.0
300,Bishoujo Senshi Sailor Moon SuperS,1995,Spring,TV,1239.0
301,Bishoujo Senshi Sailor Moon SuperS Gaiden: Ami-chan no Hatsukoi,1995,Fall,Special,1278.0
302,Bishoujo Senshi Sailor Moon SuperS: Sailor 9 Senshi Shuuketsu! Black Dream Hole no Kiseki,1995,Fall,Movie,1240.0
303,Bishoujo Yuugi Unit Crane Game Girls,2016,Spring,TV Short,32906.0
304,Bishoujo Yuugi Unit Crane Game Girls Galaxy,2016,Fall,TV Short,33541.0
305,Black Blood Brothers,2006,Fall,TV,1498.0
306,Black Bullet,2014,Spring,TV,20787.0
307,Black Cat,2005,Fall,TV,68.0
308,Black Clover (TV),2017,Fall,TV,34572.0
309,Black Fox,2019,Fall,Movie,37498.0
310,Black Jack 21,2006,Spring,TV,2214.0
311,Black Lagoon,2006,Spring,TV,889.0
312,Black Lagoon: Roberta's Blood Trail,2010,Spring,OVA,4901.0
313,Black Lagoon: The Second Barrage,2006,Fall,TV,1519.0
314,Black★Rock Shooter (TV),2012,Winter,TV,11285.0
315,Blade & Soul,2014,Spring,TV,22547.0
316,Blade of the Immortal,2008,Summer,TV,4151.0
317,BlazBlue: Alter Memory,2013,Fall,TV,18767.0
318,BLEACH,2004,Fall,TV,269.0
319,Blend S,2017,Fall,TV,34618.0
320,Blood+,2005,Fall,TV,150.0
321,Blood-C,2011,Summer,TV,10490.0
322,Blood Lad,2013,Summer,TV,11633.0
323,Bloodivores,2016,Fall,TV,33985.0
324,Blue Dragon,2007,Spring,TV,2142.0
325,Blue Drop: Tenshi-tachi no Gikyoku,2007,Fall,TV,2964.0
326,Blue Seed,1994,Fall,TV,998.0
327,BNA,2020,Spring,TV,40060.0
328,Bobobo-bo Bo-bobo,2003,Fall,TV,1050.0
329,Boku dake ga Inai Machi,2016,Winter,TV,31043.0
330,Boku no Hero Academia,2016,Spring,TV,31964.0
331,Boku no Hero Academia 2nd Season,2017,Spring,TV,33486.0
332,Boku no Hero Academia 3rd Season,2018,Spring,TV,36456.0
333,Boku no Hero Academia 4th Season,2019,Fall,TV,38408.0
334,Boku no Hero Academia the Movie 1: Futari no Hero,2018,Summer,Movie,36896.0
335,Boku no Hero Academia the Movie 2: Heroes:Rising,2019,Fall,Movie,39565.0
336,Boku no Kanojo ga Majimesugiru Sho-bitch na Ken,2017,Fall,TV,35712.0
337,Boku no Tonari ni Ankoku Hakaishin ga Imasu.,2020,Winter,TV,38302.0
338,Boku wa Tomodachi ga Sukunai,2011,Fall,TV,10719.0
339,Boku wa Tomodachi ga Sukunai Next,2013,Winter,TV,14967.0
340,Boku wa Tomodachi ga Sukunai: Relay Shousetsu wa Ketsumatsu ga Hanpanai,2012,Summer,OVA,14027.0
341,Bokura no Nanokakan Sensou,2019,Fall,Movie,37828.0
342,Bokura wa Minna Kawaisou,2014,Spring,TV,21405.0
343,Bokurano,2007,Spring,TV,1690.0
344,Bokusatsu Tenshi Dokuro-chan,2005,Winter,OVA,357.0
345,Bokusatsu Tenshi Dokuro-chan 2,2007,Summer,OVA,2131.0
346,Bokutachi wa Benkyou ga Dekinai,2019,Spring,TV,38186.0
347,Bokutachi wa Benkyou ga Dekinai 2,2019,Fall,TV,40004.0
348,Bomberman Jetters,2002,Fall,TV,751.0
349,Bonobono,2016,Spring,TV Short,32353.0
350,Boogiepop wa Warawanai,2019,Winter,TV,37451.0
351,Boogiepop wa Warawanai: Boogiepop Phantom,2000,Winter,TV,369.0
352,Boruto: Naruto Next Generations,2017,Spring,TV,34566.0
353,Boruto: Naruto the Movie,2015,Summer,Movie,28755.0
354,Bounen no Xamdou,2008,Summer,ONA,4177.0
355,Brain Powerd,1998,Spring,TV,1542.0
356,Brave 10,2012,Winter,TV,11241.0
357,Brave Witches,2016,Fall,TV,32866.0
358,Brave Witches: Petersburg Daisenryaku,2017,Summer,Special,34644.0
359,Break Blade (TV),2014,Spring,TV,22433.0
360,Break Blade 1: Kakusei no Toki,2010,Spring,Movie,6772.0
361,Break Blade 2: Ketsubetsu no Michi,2010,Spring,Movie,8514.0
362,Break Blade 3: Kyoujin no Ato,2010,Summer,Movie,9252.0
363,Break Blade 4: Sanka no Chi,2010,Fall,Movie,9465.0
364,Break Blade 5: Shisen no Hate,2011,Winter,Movie,9724.0
365,Break Blade 6: Doukoku no Toride,2011,Winter,Movie,10092.0
366,Brigadoon: Marin to Melan,2000,Summer,TV,1450.0
367,Brothers Conflict,2013,Summer,TV,15605.0
368,Btooom!,2012,Fall,TV,14345.0
369,Bubuki Buranki,2016,Winter,TV,32023.0
370,Bubuki Buranki: Hoshi no Kyojin,2016,Fall,TV,33041.0
371,Buddy Complex,2014,Winter,TV,21437.0
372,Bungaku Shoujo: Memoire,2010,Spring,OVA,8481.0
373,Bungou Stray Dogs,2016,Spring,TV,31478.0
374,Bungou Stray Dogs 2nd Season,2016,Fall,TV,32867.0
375,Bungou Stray Dogs 3rd Season,2019,Spring,TV,38003.0
376,Bungou Stray Dogs: Dead Apple,2018,Winter,Movie,34944.0
377,Bungou Stray Dogs Wan!,2021,Winter,TV Short,42250.0
378,Bungou to Alchemist: Shinpan no Haguruma,2020,Spring,TV,40934.0
379,Burn the Witch,2020,Fall,Movie,41468.0
380,Burn-Up Scramble,2004,Winter,TV,693.0
381,Business Fish,2019,Summer,TV,39979.0
382,Busou Renkin,2006,Fall,TV,1536.0
383,Busou Shinki,2012,Fall,TV,14237.0
384,Busou Shinki Moon Angel,2011,Summer,ONA,11103.0
385,Busou Shoujo Machiavellianism,2017,Spring,TV,33475.0
386,Butlers: Chitose Momotose Monogatari,2018,Spring,TV,36309.0
387,Buttobi!! CPU,1997,Spring,OVA,458.0
388,Byousoku 5 Centimeter,2007,Winter,Movie,1689.0
389,C: The Money of Soul and Possibility Control,2011,Spring,TV,10163.0
390,C³,2011,Fall,TV,10578.0
391,Caligula,2018,Spring,TV,36828.0
392,Campione!: Matsurowanu Kamigami to Kamigoroshi no Maou,2012,Summer,TV,12293.0
393,Canaan,2009,Summer,TV,5356.0
394,Candy Boy: Nonchalant Talk of the Certain Twin Sisters in Daily Life,2008,Spring,ONA,4535.0
395,Candy Candy,1976,Fall,TV,2800.0
396,Cannon Busters,2019,Summer,ONA,40256.0
397,Canvas 2: Niji-iro no Sketch,2005,Fall,TV,694.0
398,Captain Earth,2014,Spring,TV,21677.0
399,Captain Tsubasa,2018,Spring,TV,36934.0
400,Captain Tsubasa,1983,Fall,TV,2116.0
401,Cardcaptor Sakura,1998,Spring,TV,232.0
402,Cardcaptor Sakura: Clear Card-hen,2018,Winter,TV,33354.0
403,Cardfight!! Vanguard,2011,Winter,TV,9539.0
404,Cardfight!! Vanguard,2018,Spring,TV,37476.0
405,Cardfight!! Vanguard: Asia Circuit-hen,2012,Spring,TV,13145.0
406,Cardfight!! Vanguard G,2014,Fall,TV,27815.0
407,Cardfight!! Vanguard G: GIRS Crisis-hen,2015,Fall,TV,31196.0
408,Cardfight!! Vanguard G: Next,2016,Fall,TV,34077.0
409,Cardfight!! Vanguard G: Stride Gate-hen,2016,Spring,TV,32802.0
410,Cardfight!! Vanguard G: Z,2017,Fall,TV,36022.0
411,Cardfight!! Vanguard Gaiden: If,2020,Spring,TV,41283.0
412,Cardfight!! Vanguard: Legion Mate-hen,2014,Spring,TV,21729.0
413,Cardfight!! Vanguard: Link Joker-hen,2013,Winter,TV,15611.0
414,Cardfight!! Vanguard Movie: Neon Messiah,2014,Fall,Movie,23991.0
415,Cardfight!! Vanguard: Shinemon-hen,2019,Summer,TV,40167.0
416,Cardfight!! Vanguard: Zoku Koukousei-hen,2019,Spring,TV,39244.0
417,Carnival Phantasm,2011,Summer,OVA,10012.0
418,Carole & Tuesday,2019,Spring,TV,37435.0
419,Casshern: Robot Hunter,1993,Summer,OVA,1598.0
420,Casshern Sins,2008,Fall,TV,4981.0
421,Cat's Eye,1983,Summer,TV,2043.0
422,Cencoroll Connect,2019,Spring,Movie,9488.0
423,Centaur no Nayami,2017,Summer,TV,34525.0
424,Chain Chronicle: Haecceitas no Hikari,2017,Winter,TV,28833.0
425,Change!! Getter Robo: Sekai Saigo no Hi,1998,Summer,OVA,978.0
426,Chaos Dragon: Sekiryuu Seneki,2015,Summer,TV,30091.0
427,ChäoS;Child,2017,Winter,TV,30485.0
428,ChäoS;Child Episode 0,2017,Winter,TV,34753.0
429,ChäoS;HEAd,2008,Fall,TV,4975.0
430,Charlotte,2015,Summer,TV,28999.0
431,Cheating Craft,2016,Fall,TV Short,33771.0
432,Cheer Danshi!!,2016,Summer,TV,32483.0
433,Chi's Sweet Home,2008,Spring,TV Short,3841.0
434,Chibi Maruko-chan,1990,Winter,TV,951.0
435,Chicchana Yukitsukai Sugar,2001,Fall,TV,831.0
436,Chicchana Yukitsukai Sugar Specials,2003,Summer,Special,1014.0
437,Chihayafuru,2011,Fall,TV,10800.0
438,Chihayafuru 2,2013,Winter,TV,14397.0
439,Chihayafuru 3,2019,Fall,TV,37379.0
440,Chiisana Eiyuu: Kani to Tamago to Toumei Ningen,2018,Summer,Movie,37623.0
441,Chikyuu Bouei Kazoku,2001,Winter,TV,1962.0
442,Chikyuu Shoujo Arjuna,2001,Winter,TV,812.0
443,Chio-chan no Tsuugakuro,2018,Summer,TV,35821.0
444,Chiruran: Nibun no Ichi,2017,Winter,TV Short,34088.0
445,Chitose Get You!!,2012,Summer,TV Short,14277.0
446,Chobits,2002,Spring,TV,59.0
447,Choboraunyopomi Gekijou Ai Mai Mii,2013,Winter,TV Short,16169.0
448,Choboraunyopomi Gekijou Dai San Maku Ai Mai Mii: Surgical Friends,2017,Winter,TV Short,34295.0
449,Chogattai Majutsu Robot Ginguiser,1977,Spring,TV,8375.0
450,Chou Denji Machine Voltes V,1977,Summer,TV,1069.0
451,Chou Denji Robo Combattler V,1976,Spring,TV,1068.0
452,Chou Henshin Cosprayers,2004,Winter,TV Short,112.0
453,Chou Kadou Girl ⅙: Amazing Stranger,2019,Spring,TV Short,38226.0
454,Chou Kousoku Galvion,1984,Winter,TV,6636.0
455,Choujigen Game Neptune The Animation,2013,Summer,TV,16157.0
456,Choujikuu Kidan Southern Cross,1984,Spring,TV,4503.0
457,Choujikuu Seiki Orguss,1983,Summer,TV,2089.0
458,Choujin Koukousei-tachi wa Isekai demo Yoyuu de Ikinuku you desu!,2019,Fall,TV,39523.0
459,Choujuu Kishin Dancougar,1985,Spring,TV,2255.0
460,Choujuushin Gravion,2002,Fall,TV,833.0
461,Choujuushin Gravion Zwei,2004,Winter,TV,1149.0
462,Chouon Senshi Borgman,1988,Spring,TV,3035.0
463,Chousoku Henkei Gyrozetter,2012,Fall,TV,14989.0
464,Chouyaku Hyakuninisshu: Uta Koi.,2012,Summer,TV,13349.0
465,Chrno Crusade,2003,Fall,TV,60.0
466,Chrome Shelled Regios,2009,Winter,TV,4186.0
467,Chu-Bra!!,2010,Winter,TV,6645.0
468,Chuubyou Gekihatsu Boy,2019,Fall,TV,38390.0
469,Chuuka Ichiban!,1997,Spring,TV,110.0
470,Chuukan Kanriroku Tonegawa,2018,Summer,TV,37338.0
471,Chuunibyou demo Koi ga Shitai!,2012,Fall,TV,14741.0
472,Chuunibyou demo Koi ga Shitai! Lite,2012,Fall,ONA,15687.0
473,Chuunibyou demo Koi ga Shitai! Movie: Take On Me,2018,Winter,Movie,35608.0
474,Chuunibyou demo Koi ga Shitai! Ren,2014,Winter,TV,18671.0
475,Chuunibyou demo Koi ga Shitai! Ren Lite,2013,Fall,ONA,21797.0
476,Cinderella Girls Gekijou,2017,Spring,TV Short,34257.0
477,Cinderella Girls Gekijou 2nd Season,2017,Fall,TV Short,35883.0
478,Cinderella Girls Gekijou 3rd Season,2018,Summer,TV Short,37422.0
479,Cinderella Girls Gekijou: Climax Season,2019,Spring,TV Short,38767.0
480,Cinderella Girls Gekijou: Extra Stage,2020,Spring,ONA,41299.0
481,Circlet Princess,2019,Winter,TV,38157.0
482,Citrus,2018,Winter,TV,34382.0
483,City Hunter,1987,Spring,TV,1470.0
484,City Hunter 2,1988,Spring,TV,1471.0
485,City Hunter Movie: Shinjuku Private Eyes,2019,Winter,Movie,37516.0
486,Clannad,2007,Fall,TV,2167.0
487,Clannad: After Story,2008,Fall,TV,4181.0
488,"Clannad: After Story - Mou Hitotsu no Sekai, Kyou-hen",2009,Summer,Special,6351.0
489,Clannad Movie,2007,Summer,Movie,1723.0
490,ClassicaLoid,2016,Fall,TV,31157.0
491,ClassicaLoid 2nd Season,2017,Fall,TV,35334.0
492,Classroom☆Crisis,2015,Summer,TV,30383.0
493,Claymore,2007,Spring,TV,1818.0
494,Clione no Akari,2017,Summer,TV Short,35114.0
495,Clockwork Planet,2017,Spring,TV,32407.0
496,Cocolors,2017,Spring,Movie,34167.0
497,Code Geass: Boukoku no Akito 1 - Yokuryuu wa Maiorita,2012,Summer,Movie,8888.0
498,Code Geass: Boukoku no Akito 2 - Hikisakareshi Yokuryuu,2013,Summer,Movie,15197.0
499,Code Geass: Boukoku no Akito 3 - Kagayaku Mono Ten yori Otsu,2015,Spring,Movie,15199.0
500,Code Geass: Boukoku no Akito 4 - Nikushimi no Kioku kara,2015,Summer,Movie,15201.0
501,Code Geass: Boukoku no Akito 5 - Itoshiki Mono-tachi e,2016,Winter,Movie,30711.0
502,Code Geass: Fukkatsu no Lelouch,2019,Winter,Movie,34437.0
503,Code Geass: Hangyaku no Lelouch,2006,Fall,TV,1575.0
504,Code Geass: Hangyaku no Lelouch I - Koudou,2017,Fall,Movie,34438.0
505,Code Geass: Hangyaku no Lelouch II - Handou,2018,Winter,Movie,34439.0
506,Code Geass: Hangyaku no Lelouch III - Oudou,2018,Spring,Movie,34440.0
507,Code Geass: Hangyaku no Lelouch R2,2008,Spring,TV,2904.0
508,Code:Breaker,2012,Fall,TV,11703.0
509,Code:Realize: Sousei no Himegimi,2017,Fall,TV,31456.0
510,Colorful,2010,Summer,Movie,8142.0
511,Comet Lucifer,2015,Fall,TV,31318.0
512,Comic Girls,2018,Spring,TV,35756.0
513,Conception,2018,Fall,TV,37823.0
514,Concrete Revolutio: Choujin Gensou,2015,Fall,TV,31147.0
515,Concrete Revolutio: Choujin Gensou - The Last Song,2016,Spring,TV,32313.0
516,Cop Craft,2019,Summer,TV,38940.0
517,Cop Craft Recap,2019,Summer,TV,40405.0
518,Coppelion,2013,Fall,TV,9479.0
519,Cosmic Baton Girl Comet-san☆,2001,Spring,TV,2036.0
520,Cosmic Fantasy: Ginga Mehyou no Wana,1994,Summer,OVA,5990.0
521,Cowboy Bebop,1998,Spring,TV,1.0
522,Cowboy Bebop: Tengoku no Tobira,2001,Fall,Movie,5.0
523,Crayon Shin-chan,1992,Spring,TV,966.0
524,Cross Ange: Tenshi to Ryuu no Rondo,2014,Fall,TV,25731.0
525,Cross Fight B-Daman,2011,Fall,TV Short,11177.0
526,Cross Game,2009,Spring,TV,5941.0
527,Crystal Blaze,2008,Spring,TV,3840.0
528,Cutey Honey,1973,Fall,TV,1661.0
529,Cutey Honey F,1997,Winter,TV,1853.0
530,Cuticle Tantei Inaba,2013,Winter,TV,15109.0
531,Cutie Honey Universe,2018,Spring,TV,36976.0
532,Cyborg 009,1968,Spring,TV,8394.0
533,Cyborg 009,1979,Spring,TV,4690.0
534,Cyborg 009: The Cyborg Soldier,2001,Fall,TV,1678.0
535,Cyborg 009 VS Devilman,2015,Fall,OVA,31050.0
536,D.C.: Da Capo,2003,Summer,TV,62.0
537,D.C.II: Da Capo II,2007,Fall,TV,2595.0
538,D.C.II S.S.: Da Capo II Second Season,2008,Spring,TV,3627.0
539,D.C.III: Da Capo III,2013,Winter,TV,14827.0
540,D.C.S.S: Da Capo Second Season,2005,Summer,TV,291.0
541,D-Frag!,2014,Winter,TV,20031.0
542,D.Gray-man,2006,Fall,TV,1482.0
543,D.Gray-man Hallow,2016,Summer,TV,32370.0
544,D.N.Angel,2003,Spring,TV,61.0
545,D4DJ First Mix,2020,Fall,TV,39681.0
546,Dagashi Kashi,2016,Winter,TV,31636.0
547,Dagashi Kashi 2,2018,Winter,TV Short,36049.0
548,Dai Mahou Touge,2006,Winter,OVA,933.0
549,Daikuu Maryuu Gaiking,1976,Spring,TV,956.0
550,Daitoshokan no Hitsujikai,2014,Fall,TV,17827.0
551,"Dakara Boku wa, H ga Dekinai.",2012,Summer,TV,12549.0
552,Dakaretai Otoko 1-i ni Odosarete Imasu.,2018,Fall,TV,37597.0
553,Dame x Prince Anime Caravan,2018,Winter,TV,35988.0
554,Danball Senki,2011,Spring,TV,7081.0
555,Dance in the Vampire Bund,2010,Winter,TV,6747.0
556,Dance with Devils,2015,Fall,TV,29976.0
557,Danchigai,2015,Summer,TV Short,30127.0
558,Danchi Tomoo,2013,Spring,TV,17703.0
559,Danganronpa 3: The End of Kibougamine Gakuen - Mirai-hen,2016,Summer,TV,32189.0
560,Danganronpa 3: The End of Kibougamine Gakuen - Zetsubou-hen,2016,Summer,TV,33028.0
561,Danganronpa: Kibou no Gakuen to Zetsubou no Koukousei The Animation,2013,Summer,TV,16592.0
562,Danna ga Nani wo Itteiru ka Wakaranai Ken,2014,Fall,TV Short,26349.0
563,Danna ga Nani wo Itteiru ka Wakaranai Ken 2 Sure-me,2015,Spring,TV Short,29067.0
564,Dansai Bunri no Crime Edge,2013,Spring,TV,16355.0
565,Danshi Koukousei no Nichijou,2012,Winter,TV,11843.0
566,Dantalian no Shoka,2011,Summer,TV,8915.0
567,Darker than Black: Kuro no Keiyakusha,2007,Spring,TV,2025.0
568,Darker than Black: Kuro no Keiyakusha Gaiden,2010,Winter,Special,7338.0
569,Darker than Black: Ryuusei no Gemini,2009,Fall,TV,6573.0
570,Darling in the FranXX,2018,Winter,TV,35849.0
571,Darwin's Game,2020,Winter,TV,38656.0
572,Dash! Kappei,1981,Fall,TV,2748.0
573,Date A Live,2013,Spring,TV,15583.0
574,Date A Live II,2014,Spring,TV,19163.0
575,Date A Live III,2019,Winter,TV,36633.0
576,Days (TV),2016,Summer,TV,32494.0
577,Deadman Wonderland,2011,Spring,TV,6880.0
578,Death March kara Hajimaru Isekai Kyousoukyoku,2018,Winter,TV,34497.0
579,Death Note,2006,Fall,TV,1535.0
580,Death Parade,2015,Winter,TV,28223.0
581,DearS,2004,Summer,TV,63.0
582,Deca-Dence,2020,Summer,TV,40056.0
583,Demi-chan wa Kataritai,2017,Winter,TV,33988.0
584,Denki-gai no Honya-san,2014,Fall,TV,24031.0
585,Dennou Boukenki Webdiver,2001,Spring,TV,3561.0
586,Dennou Coil,2007,Spring,TV,2164.0
587,Dennou Sentai Voogie's★Angel,1997,Summer,OVA,2453.0
588,Denpa Kyoushi,2015,Spring,TV,29589.0
589,Denpa Onna to Seishun Otoko,2011,Spring,TV,9379.0
590,Denpa-teki na Kanojo,2009,Winter,OVA,5177.0
591,Densetsu Kyojin Ideon,1980,Spring,TV,930.0
592,Densetsu no Yuusha Da Garn,1992,Winter,TV,2803.0
593,Densetsu no Yuusha no Densetsu,2010,Summer,TV,8086.0
594,Detective Conan,1996,Winter,TV,235.0
595,Detroit Metal City,2008,Summer,OVA,3702.0
596,Devidol!,2018,Fall,TV Short,38284.0
597,Devil May Cry,2007,Summer,TV,1726.0
598,Devil Survivor 2 The Animation,2013,Spring,TV,16512.0
599,Devilman,1972,Summer,TV,2252.0
600,Devilman: Crybaby,2018,Winter,ONA,35120.0
601,Devils Line,2018,Spring,TV,35928.0
602,Dia Horizon (Kabu),2017,Fall,TV Short,35999.0
603,Diamond no Ace,2013,Fall,TV,18689.0
604,Diamond no Ace: Act II,2019,Spring,TV,38731.0
605,Diamond no Ace: Second Season,2015,Spring,TV,30230.0
606,Dies Irae,2017,Fall,TV,32271.0
607,Digimon Adventure,1999,Spring,TV,552.0
608,Digimon Adventure:,2020,Spring,TV,41074.0
609,Digimon Adventure 02,2000,Spring,TV,1313.0
610,Digimon Adventure tri. 1: Saikai,2015,Fall,Movie,25687.0
611,Digimon Adventure tri. 2: Ketsui,2016,Winter,Movie,32108.0
612,Digimon Frontier,2002,Spring,TV,1132.0
613,Digimon Savers,2006,Spring,TV,859.0
614,Digimon Tamers,2001,Spring,TV,874.0
615,Digimon Universe: Appli Monsters,2016,Fall,TV,33314.0
616,Dimension High School,2019,Winter,TV,38449.0
617,Dimension W,2016,Winter,TV,31163.0
618,Dimension W Special,2016,Summer,Special,33069.0
619,Dirty Pair,1985,Summer,TV,424.0
620,Dirty Pair Flash,1994,Winter,OVA,1802.0
621,Dirty Pair Flash 2,1995,Spring,OVA,12343.0
622,Dirty Pair Flash 3,1995,Fall,OVA,12347.0
623,Dirty Pair no Ooshoubu: Nolandia no Nazo,1985,Fall,OVA,1794.0
624,Dirty Pair OVA,1987,Fall,OVA,4200.0
625,Dirty Pair: The Movie,1987,Winter,Movie,1796.0
626,Dive!!,2017,Summer,TV,34543.0
627,Divergence Eve,2003,Summer,TV,294.0
628,Divergence Eve 2: Misaki Chronicles,2004,Winter,TV,295.0
629,Divine Gate,2016,Winter,TV,31710.0
630,DNA²,1994,Fall,TV,563.0
631,Dog Days,2011,Spring,TV,10155.0
632,Dog Days',2012,Summer,TV,11783.0
633,Dog Days'',2015,Winter,TV,16385.0
634,Dogeza de Tanondemita,2020,Fall,TV Short,42571.0
635,Dokidoki! Precure,2013,Winter,TV,16419.0
636,Dokidoki! Precure Movie: Mana Kekkon!!? Mirai ni Tsunagu Kibou no Dress,2013,Fall,Movie,17357.0
637,Dokyuu Hentai HxEros,2020,Summer,TV,40623.0
638,Domestic na Kanojo,2019,Winter,TV,37982.0
639,Dominion,1988,Spring,OVA,1151.0
640,Donten ni Warau,2014,Fall,TV,21743.0
641,Dorei-ku The Animation,2018,Spring,TV,36525.0
642,Dorohedoro,2020,Winter,TV,38668.0
643,Dororo,2019,Winter,TV,37520.0
644,Dororo to Hyakkimaru,1969,Spring,TV,5760.0
645,Dororon Enma-kun,1973,Fall,TV,1337.0
646,Dororon Enma-kun Meeramera,2011,Spring,TV,9493.0
647,Double Decker! Doug & Kirill,2018,Fall,TV,37496.0
648,Double-J,2011,Summer,TV Short,10838.0
649,"Doukyonin wa Hiza, Tokidoki, Atama no Ue.",2019,Winter,TV,38145.0
650,Dr. Rin ni Kiitemite!,2001,Spring,TV,2259.0
651,Dr. Slump: Arale-chan,1981,Spring,TV,2222.0
652,Dr. Stone,2019,Summer,TV,38691.0
653,Dr. Stone: Stone Wars,2021,Winter,TV,40852.0
654,Dragon Ball,1986,Winter,TV,223.0
655,Dragon Ball GT,1996,Winter,TV,225.0
656,Dragon Ball Heroes,2018,Summer,ONA,37885.0
657,Dragon Ball Kai,2009,Spring,TV,6033.0
658,Dragon Ball Kai,2014,Spring,TV,22777.0
659,Dragon Ball Super,2015,Summer,TV,30694.0
660,Dragon Ball Super Movie: Broly,2018,Fall,Movie,36946.0
661,Dragon Ball Z,1989,Spring,TV,813.0
662,Dragon Crisis!,2011,Winter,TV,9330.0
663,Dragon Half,1993,Winter,OVA,870.0
664,Dragon Quest: Dai no Daibouken,1991,Fall,TV,2229.0
665,Dragon Quest: Dai no Daibouken,2020,Fall,TV,40906.0
666,Dragonaut: The Resonance,2007,Fall,TV,2795.0
667,DRAMAtical Murder,2014,Summer,TV,23333.0
668,Dream Festival!,2016,Fall,ONA,33045.0
669,Dream Festival! R,2017,Summer,ONA,34552.0
670,Drifters,2016,Fall,TV,31339.0
671,Druaga no Tou: The Aegis of Uruk,2008,Spring,TV,3230.0
672,Druaga no Tou: The Sword of Uruk,2009,Winter,TV,4726.0
673,Dual! Parallel Lun-Lun Monogatari,1999,Spring,TV,992.0
674,Duel Masters,2002,Fall,TV,1685.0
675,Duel Masters!,2018,Spring,TV,37484.0
676,Duel Masters!!,2019,Spring,TV,39039.0
677,Duel Masters Charge,2004,Spring,TV,4443.0
678,Duel Masters VSR,2015,Spring,TV,29687.0
679,Dumbbell Nan Kilo Moteru?,2019,Summer,TV,39026.0
680,Dungeon ni Deai wo Motomeru no wa Machigatteiru Darou ka,2015,Spring,TV,28121.0
681,Dungeon ni Deai wo Motomeru no wa Machigatteiru Darou ka II,2019,Summer,TV,37347.0
682,Dungeon ni Deai wo Motomeru no wa Machigatteiru Darou ka II OVA,2020,Winter,OVA,40453.0
683,Dungeon ni Deai wo Motomeru no wa Machigatteiru Darou ka III,2020,Fall,TV,40454.0
684,Dungeon ni Deai wo Motomeru no wa Machigatteiru Darou ka Gaiden: Sword Oratoria,2017,Spring,TV,32887.0
685,Dungeon ni Deai wo Motomeru no wa Machigatteiru Darou ka Movie: Orion no Ya,2019,Winter,Movie,37348.0
686,Dungeon ni Deai wo Motomeru no wa Machigatteiru Darou ka OVA,2016,Fall,OVA,32801.0
687,Durarara!!,2010,Winter,TV,6746.0
688,Durarara!!x2 Ketsu,2016,Winter,TV,27833.0
689,Durarara!!x2 Shou,2015,Winter,TV,23199.0
690,Durarara!!x2 Ten,2015,Summer,TV,27831.0
691,Dynamic Chord,2017,Fall,TV,34771.0
692,Eat-Man,1997,Winter,TV,1704.0
693,Eat-Man '98,1998,Fall,TV,1599.0
694,Ebiten: Kouritsu Ebisugawa Koukou Tenmonbu,2012,Summer,ONA,14073.0
695,ef: A Tale of Melodies.,2008,Fall,TV,4789.0
696,ef: A Tale of Memories.,2007,Fall,TV,2924.0
697,Egao no Daika,2019,Winter,TV,38544.0
698,Eightman,1963,Fall,TV,5052.0
699,Eikoku Koi Monogatari Emma,2005,Spring,TV,345.0
700,Eizouken ni wa Te wo Dasu na!,2020,Winter,TV,39792.0
701,El Cazador de la Bruja,2007,Spring,TV,2030.0
702,ēlDLIVE,2017,Winter,TV,32878.0
703,Elf wo Karu Mono-tachi II,1997,Fall,TV,1046.0
704,Elfen Lied,2004,Summer,TV,226.0
705,Emiya-san Chi no Kyou no Gohan,2018,Winter,ONA,37033.0
706,Endride,2016,Spring,TV,32608.0
707,Endro~!,2019,Winter,TV,38062.0
708,Enen no Shouboutai,2019,Summer,TV,38671.0
709,Enen no Shouboutai: Ni no Shou,2020,Summer,TV,40956.0
710,Enmusubi no Youko-chan,2017,Summer,ONA,31499.0
711,Ensemble Stars!,2019,Summer,TV,32212.0
712,Erementar Gerad,2005,Spring,TV,1250.0
713,Ergo Proxy,2006,Winter,TV,790.0
714,Eromanga-sensei,2017,Spring,TV,32901.0
715,Eromanga-sensei OVA,2019,Winter,OVA,36792.0
716,Escha & Logy no Atelier: Tasogare no Sora no Renkinjutsushi,2014,Spring,TV,21167.0
717,Escha Chron,2017,Summer,ONA,34208.0
718,Etotama,2015,Spring,TV,28221.0
719,Eureka Seven,2005,Spring,TV,237.0
720,Eureka Seven AO,2012,Spring,TV,12471.0
721,Evangelion: 1.0 You Are (Not) Alone,2007,Summer,Movie,2759.0
722,Evangelion: 2.0 You Can (Not) Advance,2009,Summer,Movie,3784.0
723,Evangelion: 3.0 You Can (Not) Redo,2012,Fall,Movie,3785.0
724,Eve no Jikan (Movie),2010,Winter,Movie,7465.0
725,Evil or Live,2017,Fall,TV,36245.0
726,Ex-Arm,2021,Winter,TV,38853.0
727,eX-Driver,2000,Summer,OVA,377.0
728,Eyeshield 21,2005,Spring,TV,15.0
729,F-Zero: Falcon Densetsu,2003,Fall,TV,3101.0
730,Fairy Gone,2019,Spring,TV,39063.0
731,Fairy Gone 2nd Season,2019,Fall,TV,39811.0
732,Fairy Tail,2009,Fall,TV,6702.0
733,Fairy Tail,2014,Spring,TV,22043.0
734,Fairy Tail: Final Series,2018,Fall,TV,35972.0
735,Fairy Tail Movie 2: Dragon Cry,2017,Spring,Movie,30778.0
736,Fairy Tail OVA,2011,Spring,OVA,9982.0
737,Fantasista Doll,2013,Summer,TV,15883.0
738,Fantastic Children,2004,Fall,TV,455.0
739,Fate/Apocrypha,2017,Summer,TV,34662.0
740,Fate/Extra Last Encore,2018,Winter,TV,33047.0
741,Fate/Grand Order: First Order,2016,Fall,Special,34321.0
742,Fate/Grand Order: Zettai Majuu Sensen Babylonia,2019,Fall,TV,38084.0
743,Fate/kaleid liner Prisma☆Illya,2013,Summer,TV,14829.0
744,Fate/kaleid liner Prisma☆Illya 2wei!,2014,Summer,TV,20509.0
745,Fate/kaleid liner Prisma☆Illya 2wei Herz!,2015,Summer,TV,27525.0
746,Fate/kaleid liner Prisma☆Illya 3rei!!,2016,Summer,TV,31706.0
747,Fate/kaleid liner Prisma☆Illya Movie: Sekka no Chikai,2017,Summer,Movie,34100.0
748,Fate/kaleid liner Prisma☆Illya: Prisma☆Phantasm,2019,Spring,Movie,38897.0
749,Fate/stay night,2006,Winter,TV,356.0
750,Fate/stay night TV Reproduction,2010,Winter,OVA,7559.0
751,Fate/stay night Movie: Heaven's Feel - I. Presage Flower,2017,Fall,Movie,25537.0
752,Fate/stay night Movie: Heaven's Feel - II. Lost Butterfly,2019,Winter,Movie,33049.0
753,Fate/stay night: Unlimited Blade Works (TV),2014,Fall,TV,22297.0
754,Fate/stay night: Unlimited Blade Works 2nd Season,2015,Spring,TV,28701.0
755,Fate/Zero,2011,Fall,TV,10087.0
756,Fate/Zero 2nd Season,2012,Spring,TV,11741.0
757,Fight Ippatsu! Juuden-chan!!,2009,Summer,TV,5973.0
758,Fight League: Gear Gadget Generators,2019,Winter,ONA,38719.0
759,Figure 17: Tsubasa & Hikaru,2001,Spring,TV,1126.0
760,Final Approach,2004,Fall,TV Short,119.0
761,Final Fantasy: Unlimited,2001,Fall,TV,1157.0
762,FLCL,2000,Spring,OVA,227.0
763,FLCL Alternative,2018,Summer,TV,35842.0
764,FLCL Progressive,2018,Spring,TV,33010.0
765,Flip Flappers,2016,Fall,TV,32979.0
766,Flying Witch,2016,Spring,TV,31376.0
767,Flying Witch Petit,2016,Spring,ONA,32954.0
768,Fortune Arterial: Akai Yakusoku,2010,Fall,TV,8536.0
769,Fractale,2011,Winter,TV,9314.0
770,Fragtime,2019,Fall,Movie,39545.0
771,Frame Arms Girl,2017,Spring,TV,34427.0
772,Frame Arms Girl Movie: Kyakkya Ufufu na Wonderland,2019,Spring,Movie,37600.0
773,Francesca,2014,Summer,TV Short,22955.0
774,Free!,2013,Summer,TV,18507.0
775,Free!: Dive to the Future,2018,Summer,TV,36704.0
776,Free!: Eternal Summer,2014,Summer,TV,22265.0
777,Free!: Take Your Marks,2017,Fall,Movie,35198.0
778,Freedom,2006,Fall,OVA,1747.0
779,Freezing,2011,Winter,TV,9367.0
780,Freezing Vibration,2013,Fall,TV,18001.0
781,Fresh Precure!,2009,Winter,TV,5684.0
782,Fresh Precure! Movie: Omocha no Kuni wa Himitsu ga Ippai!?,2009,Fall,Movie,6527.0
783,Fruits Basket,2001,Summer,TV,120.0
784,Fruits Basket,2019,Spring,TV,38680.0
785,Fruits Basket 2nd Season,2020,Spring,TV,40417.0
786,Fudanshi Koukou Seikatsu,2016,Summer,TV Short,33222.0
787,Fugou Keiji: Balance:Unlimited,2020,Spring,TV,41120.0
788,Fukigen na Mononokean,2016,Summer,TV,32696.0
789,Fukigen na Mononokean Tsuzuki,2019,Winter,TV,37958.0
790,Fukumenkei Noise,2017,Spring,TV,33203.0
791,Full Metal Panic!,2002,Winter,TV,71.0
792,Full Metal Panic? Fumoffu,2003,Summer,TV,72.0
793,Full Metal Panic! Invisible Victory,2018,Spring,TV,31931.0
794,Full Metal Panic! The Second Raid,2005,Summer,TV,73.0
795,Full Moon wo Sagashite,2002,Spring,TV,122.0
796,Fullmetal Alchemist,2003,Fall,TV,121.0
797,Fullmetal Alchemist: Brotherhood,2009,Spring,TV,5114.0
798,Fumikiri Jikan,2018,Spring,TV Short,37188.0
799,Fune wo Amu,2016,Fall,TV,32948.0
800,Fushigi Mahou Fun Fun Pharmacy,1998,Winter,TV Short,8503.0
801,Fushigi na Somera-chan,2015,Fall,TV Short,30746.0
802,Fushigi no Umi no Nadia,1990,Spring,TV,1251.0
803,Fushigi Yuugi,1995,Spring,TV,123.0
804,Futakoi,2004,Fall,TV,125.0
805,Futari wa Milky Holmes,2013,Summer,TV Short,17267.0
806,Futari wa Precure,2004,Winter,TV,603.0
807,Futari wa Precure: Max Heart,2005,Winter,TV,1929.0
808,Futari wa Precure: Max Heart Movie 1,2005,Spring,Movie,1930.0
809,Futari wa Precure: Max Heart Movie 2 - Yukizora no Tomodachi,2005,Fall,Movie,1931.0
810,Futari wa Precure: Splash☆Star,2006,Winter,TV,1534.0
811,Futari wa Precure: Splash☆Star Movie - Tick Tack Kiki Ippatsu!,2006,Fall,Movie,4124.0
812,Futatsu no Spica,2003,Fall,TV,344.0
813,Futsuu no Joshikousei ga [Locodol] Yattemita.,2014,Summer,TV,22189.0
814,Future Card Buddyfight,2014,Winter,TV,19067.0
815,Future Card Buddyfight 100,2015,Spring,TV,30039.0
816,Future Card Buddyfight DDD,2016,Spring,TV,32785.0
817,Future Card Shin Buddyfight,2018,Summer,TV,37739.0
818,Future GPX Cyber Formula Saga,1996,Summer,OVA,1394.0
819,Future GPX Cyber Formula Sin,1998,Fall,OVA,1395.0
820,Future GPX Cyber Formula Zero,1994,Spring,OVA,1393.0
821,Fuujin Monogatari,2004,Fall,TV,1524.0
822,Fuuka,2017,Winter,TV,33743.0
823,Fuuun Ishin Dai☆Shogun,2014,Spring,TV,21821.0
824,Ga-Rei: Zero,2008,Fall,TV,4725.0
825,Gabriel DropOut,2017,Winter,TV,33731.0
826,Gaikotsu Shotenin Honda-san,2018,Fall,TV Short,36317.0
827,Gakkou Gurashi!,2015,Summer,TV,24765.0
828,Gakkou no Kaidan,2000,Fall,TV,1281.0
829,Gakuen Alice,2004,Fall,TV,74.0
830,Gakuen Babysitters,2018,Winter,TV,35222.0
831,Gakuen Basara,2018,Fall,TV,37657.0
832,Gakuen Handsome,2016,Fall,TV Short,33392.0
833,Gakuen Heaven,2006,Spring,TV,850.0
834,Gakuen Senki Muryou,2001,Spring,TV,1179.0
835,Gakuen Utopia Manabi Straight!,2007,Winter,TV,1858.0
836,Gakusen Toshi Asterisk,2015,Fall,TV,30544.0
837,Gakusen Toshi Asterisk 2nd Season,2016,Spring,TV,31737.0
838,Gal to Kyouryuu,2020,Spring,TV,40358.0
839,Galaxy Angel,2001,Spring,TV Short,383.0
840,Galaxy Angel 3,2002,Fall,TV,653.0
841,Galaxy Angel 4,2004,Summer,TV,655.0
842,Galaxy Angel Rune,2006,Fall,TV,1600.0
843,Galaxy Angel Z,2002,Winter,TV,652.0
844,Galilei Donna,2013,Fall,TV,19367.0
845,Gallery Fake,2005,Winter,TV,364.0
846,Gamba no Bouken,1975,Spring,TV,5267.0
847,Gamers!,2017,Summer,TV,34280.0
848,Gangsta.,2015,Summer,TV,25183.0
849,Gankutsuou,2004,Fall,TV,239.0
850,Gantz,2004,Spring,TV,384.0
851,Gantz 2nd Stage,2004,Summer,TV,395.0
852,Gantz:O,2016,Fall,Movie,32071.0
853,Garo: Guren no Tsuki,2015,Fall,TV,28537.0
854,Garo: Honoo no Kokuin,2014,Fall,TV,23311.0
855,Garo: Vanishing Line,2017,Fall,TV,36144.0
856,Gatchaman Crowds,2013,Summer,TV,18229.0
857,Gatchaman Crowds Insight,2015,Summer,TV,21039.0
858,"Gate: Jieitai Kanochi nite, Kaku Tatakaeri",2015,Summer,TV,28907.0
859,"Gate: Jieitai Kanochi nite, Kaku Tatakaeri - Enryuu-hen",2016,Winter,TV,31637.0
860,gdgd Fairies Movie: tte Iu Eiga wa Dou kana...?,2014,Summer,Movie,24071.0
861,gdMen,2018,Winter,TV Short,36797.0
862,Gear Fighter Dendoh,2000,Fall,TV,2484.0
863,Gegege no Kitarou,2018,Spring,TV,37140.0
864,Gegege no Kitarou,1968,Winter,TV,5688.0
865,Gegege no Kitarou,1971,Fall,TV,6971.0
866,Gegege no Kitarou,1985,Fall,TV,7307.0
867,Gekidol,2021,Winter,TV,32455.0
868,Gekitou! Crush Gear Turbo,2001,Fall,TV,3012.0
869,Gekkan Shoujo Nozaki-kun,2014,Summer,TV,23289.0
870,Genei wo Kakeru Taiyou,2013,Summer,TV,17651.0
871,Geneshaft,2001,Spring,TV,909.0
872,Genki Bakuhatsu Ganbaruger,1992,Spring,TV,2916.0
873,Genmu Senki Leda,1985,Winter,OVA,2196.0
874,Genshiken,2004,Fall,TV,240.0
875,Genshiken 2,2007,Fall,TV,2508.0
876,Genshiken Nidaime,2013,Summer,TV,18465.0
877,Genshiken OVA,2006,Fall,OVA,1813.0
878,Gensou Mangekyou: The Memories of Phantasm,2011,Summer,OVA,55315.0
879,GetBackers,2002,Fall,TV,132.0
880,Getsuyoubi no Tawawa,2016,Fall,ONA,34213.0
881,Getter Robo,1974,Spring,TV,3579.0
882,Getter Robo G,1975,Spring,TV,4486.0
883,Getter Robo Go,1991,Winter,TV,5292.0
884,Ghost in the Shell,1995,Fall,Movie,43.0
885,Ghost in the Shell 2: Innocence,2004,Spring,Movie,468.0
886,Ghost in the Shell: Arise - Alternative Architecture,2015,Spring,TV,29325.0
887,Ghost in the Shell: Arise - Border:1 Ghost Pain,2013,Spring,Movie,17187.0
888,Ghost in the Shell: Arise - Border:2 Ghost Whispers,2013,Fall,Movie,19191.0
889,Ghost in the Shell: Arise - Border:3 Ghost Tears,2014,Spring,Movie,19193.0
890,Ghost in the Shell: Arise - Border:4 Ghost Stands Alone,2014,Summer,Movie,19195.0
891,Ghost in the Shell: SAC_2045,2020,Spring,ONA,38799.0
892,Ghost in the Shell: Stand Alone Complex,2002,Fall,TV,467.0
893,Ghost in the Shell: Stand Alone Complex 2nd GIG,2004,Winter,TV,801.0
894,Ghost in the Shell: Stand Alone Complex - Solid State Society,2006,Summer,Special,1566.0
895,Ghost in the Shell: Stand Alone Complex - Solid State Society 3D,2011,Winter,Movie,10090.0
896,Ghost Sweeper GS Mikami,1993,Spring,TV,2400.0
897,Gi(a)rlish Number,2016,Fall,TV,32607.0
898,Giant Killing,2010,Spring,TV,7661.0
899,Gibiate,2020,Summer,TV,40074.0
900,Gin no Guardian,2017,Spring,TV Short,32936.0
901,Gin no Guardian 2nd Season,2018,Winter,TV,35757.0
902,Gin no Saji,2013,Summer,TV,16918.0
903,Gin no Saji 2nd Season,2014,Winter,TV,19363.0
904,Ginban Kaleidoscope,2005,Fall,TV,476.0
905,Ginga Eiyuu Densetsu,1988,Winter,OVA,820.0
906,Ginga Eiyuu Densetsu: Die Neue These - Kaikou,2018,Spring,TV,31433.0
907,Ginga Eiyuu Densetsu: Die Neue These - Seiran,2019,Fall,Movie,36369.0
908,Ginga Eiyuu Densetsu Gaiden: Rasen Meikyuu,1999,Fall,OVA,3665.0
909,"Ginga Eiyuu Densetsu Gaiden: Senoku no Hoshi, Senoku no Hikari",1998,Winter,OVA,3371.0
910,Ginga Hyouryuu Vifam,1983,Fall,TV,2987.0
911,Ginga Kikoutai Majestic Prince,2013,Spring,TV,15863.0
912,Ginga Nagareboshi Gin,1986,Spring,TV,589.0
913,Ginga Reppuu Baxingar,1982,Summer,TV,4242.0
914,Ginga Senpuu Braiger,1981,Fall,TV,4240.0
915,Ginga Shippuu Sasuraiger,1983,Spring,TV,4244.0
916,Ginga Tetsudou 999,1978,Fall,TV,1491.0
917,Gingitsune,2013,Fall,TV,18411.0
918,Gintama,2006,Spring,TV,918.0
919,Gintama',2011,Spring,TV,9969.0
920,Gintama°,2015,Spring,TV,28977.0
921,Gintama.,2017,Winter,TV,34096.0
922,Gintama': Enchousen,2012,Fall,TV,15417.0
923,Gintama Movie 1: Shinyaku Benizakura-hen,2010,Spring,Movie,7472.0
924,Gintama Movie 2: Kanketsu-hen - Yorozuya yo Eien Nare,2013,Summer,Movie,15335.0
925,Gintama: Porori-hen,2017,Fall,TV,35843.0
926,Gintama.: Shirogane no Tamashii-hen,2018,Winter,TV,36838.0
927,Gintama.: Shirogane no Tamashii-hen 2,2018,Summer,TV,37491.0
928,Girlfriend (Kari),2014,Fall,TV,24855.0
929,Girls Bravo: First Season,2004,Summer,TV,241.0
930,Girls und Panzer,2012,Fall,TV,14131.0
931,Girls und Panzer das Finale,2017,Fall,Movie,33970.0
932,Girls und Panzer das Finale Part 2,2019,Spring,Movie,38081.0
933,Girls und Panzer: Kore ga Hontou no Anzio-sen Desu,2014,Summer,OVA,18619.0
934,Girls und Panzer Movie,2015,Fall,Movie,18617.0
935,Girls und Panzer Movie Specials,2016,Spring,Special,32740.0
936,Girls und Panzer: Taiyaki War!,2020,Winter,Special,40656.0
937,Girly Air Force,2019,Winter,TV,37998.0
938,Given,2019,Summer,TV,39533.0
939,GJ-bu,2013,Winter,TV,14811.0
940,Glamorous Heroes,2017,Fall,TV Short,36288.0
941,Glass no Kamen,1984,Spring,TV,506.0
942,Glass no Kamen,2005,Spring,TV,1974.0
943,Glasslip,2014,Summer,TV,23079.0
944,Gleipnir,2020,Spring,TV,39463.0
945,Go! Go! 575,2014,Winter,TV Short,21267.0
946,Go! Princess Precure,2015,Winter,TV,28669.0
947,Go! Princess Precure Movie: Go! Go!! Gouka 3-bondate!!!,2015,Fall,Movie,29868.0
948,Goblin Slayer,2018,Fall,TV,37349.0
949,Goblin Slayer: Goblin's Crown,2020,Winter,Movie,39576.0
950,Gochuumon wa Usagi Desu ka?,2014,Spring,TV,21273.0
951,Gochuumon wa Usagi Desu ka??,2015,Fall,TV,29787.0
952,Gochuumon wa Usagi desu ka??: Dear My Sister,2017,Fall,Movie,33280.0
953,Gochuumon wa Usagi Desuka??: Sing for You,2019,Summer,OVA,38333.0
954,Gochuumon wa Usagi Desu ka? Bloom,2020,Fall,TV,38337.0
955,God Eater,2015,Summer,TV,27631.0
956,Goku Sayonara Zetsubou Sensei,2008,Fall,OVA,4872.0
957,Gokujou Seitokai,2005,Spring,TV,456.0
958,Gokukoku no Brynhildr,2014,Spring,TV,21431.0
959,Gokusen,2004,Winter,TV,242.0
960,Golden Boy,1995,Fall,OVA,268.0
961,Golden Kamuy,2018,Spring,TV,36028.0
962,Golden Kamuy 2nd Season,2018,Fall,TV,37989.0
963,Golden Kamuy 3rd Season,2020,Fall,TV,40059.0
964,Golden Time,2013,Fall,TV,17895.0
965,Gosenzo-sama Banbanzai!,1989,Summer,OVA,4639.0
966,Goshuushou-sama Ninomiya-kun,2007,Fall,TV,2494.0
967,Gosick,2011,Winter,TV,8425.0
968,Gotoubun no Hanayome,2019,Winter,TV,38101.0
969,Gotoubun no Hanayome ∬,2021,Winter,TV,39783.0
970,Granbelm,2019,Summer,TV,39417.0
971,Granblue Fantasy The Animation,2017,Spring,TV,31629.0
972,Granblue Fantasy The Animation Season 2,2019,Fall,TV,36587.0
973,Granblue Fantasy The Animation Season 2: Djeeta-hen,2020,Winter,Special,40873.0
974,Grancrest Senki,2018,Winter,TV,34279.0
975,Grand Blue,2018,Summer,TV,37105.0
976,Grappler Baki,2001,Winter,TV,287.0
977,Gravitation,2000,Fall,TV,243.0
978,Great Mazinger,1974,Fall,TV,5658.0
979,Great Pretender,2020,Spring,TV,40052.0
980,Great Teacher Onizuka,1999,Summer,TV,245.0
981,Green Green,2003,Summer,TV,133.0
982,Green Green OVA,2002,Fall,OVA,881.0
983,Grenadier: Hohoemi no Senshi,2004,Fall,TV,297.0
984,Grimms Notes The Animation,2019,Winter,TV,37154.0
985,Grisaia no Kajitsu,2014,Fall,TV,17729.0
986,Grisaia no Meikyuu: Caprice no Mayu 0,2015,Spring,Special,29093.0
987,Grisaia no Rakuen,2015,Spring,TV,29095.0
988,Grisaia: Phantom Trigger The Animation,2019,Winter,Movie,35868.0
989,Grisaia: Phantom Trigger The Animation - Stargazer,2020,Fall,Movie,42392.0
990,Groizer X,1976,Summer,TV,5131.0
991,Groove Adventure Rave,2001,Fall,TV,246.0
992,GS Mikami: Gokuraku Daisakusen!!,1994,Summer,Movie,3037.0
993,Gugure! Kokkuri-san,2014,Fall,TV,23251.0
994,Guilty Crown,2011,Fall,TV,10793.0
995,Guin Saga,2009,Spring,TV,5041.0
996,Gun x Sword,2005,Summer,TV,411.0
997,Gundam Build Divers,2018,Spring,TV,37245.0
998,Gundam Build Divers Re:Rise,2019,Fall,ONA,40192.0
999,Gundam Build Divers Re:Rise 2nd Season,2020,Spring,ONA,40942.0
1000,Gundam Build Fighters,2013,Fall,TV,19319.0
1001,Gundam Build Fighters Try,2014,Fall,TV,24625.0
1002,Gundam: G no Reconguista,2014,Fall,TV,23259.0
1003,Gundam: G no Reconguista Movie II - Bellri Gekishin,2020,Winter,Movie,40890.0
1004,Gungrave,2003,Fall,TV,267.0
1005,Gunjou no Magmel,2019,Spring,TV,37806.0
1006,Gunnm,1993,Spring,OVA,1016.0
1007,Gunparade March: Arata Naru Kougunka,2003,Winter,TV,266.0
1008,Gunslinger Girl,2003,Fall,TV,134.0
1009,Gunslinger Girl: Il Teatrino,2008,Winter,TV,3231.0
1010,Gunslinger Stratos: The Animation,2015,Spring,TV,28791.0
1011,Gunsmith Cats,1995,Fall,OVA,650.0
1012,Guraburu!,2020,Fall,TV Short,41574.0
1013,Gurazeni,2018,Spring,TV,35183.0
1014,Gurazeni 2nd Season,2018,Fall,TV,37990.0
1015,Gyakkyou Burai Kaiji: Hakairoku Hen,2011,Spring,TV,10271.0
1016,Gyakkyou Burai Kaiji: Ultimate Survivor,2007,Fall,TV,3002.0
1017,"Gyakuten Saiban: Sono ""Shinjitsu"", Igi Ari!",2016,Spring,TV,31630.0
1018,"Gyakuten Saiban: Sono ""Shinjitsu"", Igi Ari! Season 2",2018,Fall,TV,37490.0
1019,Haai Step Jun,1985,Spring,TV,3022.0
1020,"Hachi-nan tte, Sore wa Nai deshou!",2020,Spring,TV,38830.0
1021,Hachigatsu no Cinderella Nine,2019,Spring,TV,38091.0
1022,Hachimitsu to Clover,2005,Spring,TV,16.0
1023,Hachimitsu to Clover II,2006,Summer,TV,1142.0
1024,Hacka Doll The Animation,2015,Fall,TV Short,30721.0
1025,Hagure Yuusha no Aesthetica,2012,Summer,TV,13161.0
1026,Hai to Gensou no Grimgar,2016,Winter,TV,31859.0
1027,Haibane Renmei,2002,Fall,TV,387.0
1028,Haifuri,2016,Spring,TV,31500.0
1029,"Haikara-san ga Tooru Movie 1: Benio, Hana no 17-sai",2017,Fall,Movie,33378.0
1030,Haikyuu!!,2014,Spring,TV,20583.0
1031,Haikyuu!!: Karasuno Koukou VS Shiratorizawa Gakuen Koukou,2016,Fall,TV,32935.0
1032,Haikyuu!! Second Season,2015,Fall,TV,28891.0
1033,Haikyuu!!: To the Top,2020,Winter,TV,38883.0
1034,Haikyuu!!: To the Top 2nd Season,2020,Fall,TV,40776.0
1035,Haiyore! Nyaruko-san,2012,Spring,TV,11785.0
1036,Haiyore! Nyaruko-san F,2015,Spring,OVA,26023.0
1037,Haiyore! Nyaruko-san W,2013,Spring,TV,15699.0
1038,Haja Taisei Dangaiou,1987,Summer,OVA,498.0
1039,Hajime Ningen Gyatoruz,1974,Fall,TV,8763.0
1040,Hajime no Ippo,2000,Fall,TV,263.0
1041,Hajime no Ippo: New Challenger,2009,Winter,TV,5258.0
1042,Hajime no Ippo: Rising,2013,Fall,TV,19647.0
1043,Hajimete no Gal,2017,Summer,TV,34403.0
1044,Hakaba Kitarou,2008,Winter,TV,3710.0
1045,Hakaima Sadamitsu,2001,Winter,TV,1465.0
1046,Hakata Mentai! Pirikarako-chan,2019,Summer,TV Short,39620.0
1047,Hakata Tonkotsu Ramens,2018,Winter,TV,35889.0
1048,Hakkenden: Touhou Hakken Ibun,2013,Winter,TV,15613.0
1049,Hakkenden: Touhou Hakken Ibun 2nd Season,2013,Summer,TV,18055.0
1050,Hakubo,2020,Spring,Movie,34972.0
1051,Hakumei to Mikochi,2018,Winter,TV,36094.0
1052,Hakuouki,2010,Spring,TV,6895.0
1053,Hakuouki Hekketsuroku,2010,Fall,TV,9065.0
1054,Hakuouki Reimeiroku,2012,Summer,TV,13115.0
1055,Hakuouki Sekkaroku,2011,Summer,OVA,10350.0
1056,Hakushon Daimaou,2020,Spring,TV,40983.0
1057,Hakyuu Houshin Engi,2018,Winter,TV,36029.0
1058,Hamatora The Animation,2014,Winter,TV,20689.0
1059,Hana no Kakarichou,1976,Fall,TV,20239.0
1060,Hana yori Dango,1996,Fall,TV,106.0
1061,Hanada Shounen-shi,2002,Fall,TV,2004.0
1062,Hanamaru Youchien,2010,Winter,TV,6574.0
1063,Hanamonogatari,2014,Summer,TV,21855.0
1064,Hanasakeru Seishounen,2009,Spring,TV,5835.0
1065,Hanasaku Iroha,2011,Spring,TV,9289.0
1066,Hanasaku Iroha: Home Sweet Home,2013,Winter,Movie,14175.0
1067,Hanaukyou Maid-tai,2001,Spring,TV Short,403.0
1068,Hanaukyou Maid-tai OVA,2001,Summer,OVA,797.0
1069,Hanayamata,2014,Summer,TV,21681.0
1070,Hanbun no Tsuki ga Noboru Sora,2006,Winter,TV,587.0
1071,Hand Maid May,2000,Summer,TV,318.0
1072,Hand Shakers,2017,Winter,TV,32981.0
1073,Handa-kun,2016,Summer,TV,32648.0
1074,Hanebado!,2018,Summer,TV,37259.0
1075,Hangyakusei Million Arthur,2018,Fall,TV,37555.0
1076,Hangyakusei Million Arthur 2nd Season,2019,Spring,TV,38268.0
1077,Hanyou no Yashahime: Sengoku Otogizoushi,2020,Fall,TV,41911.0
1078,Happiness!,2006,Fall,TV,1570.0
1079,Happiness Charge Precure!,2014,Winter,TV,21407.0
1080,Happiness Charge PreCure! Movie: Ningyou no Kuni no Ballerina,2014,Fall,Movie,23083.0
1081,Happy Sugar Life,2018,Summer,TV,37517.0
1082,Happy World!,2002,Fall,OVA,319.0
1083,Harmonie,2014,Winter,Movie,20903.0
1084,Haruchika: Haruta to Chika wa Seishun Suru,2016,Winter,TV,30895.0
1085,Harukana Receive,2018,Summer,TV,35983.0
1086,Hashiri Tsuzukete Yokattatte.,2018,Fall,TV Short,38254.0
1087,Hataage! Kemono Michi,2019,Fall,TV,39030.0
1088,Hataraku Maou-sama!,2013,Spring,TV,15809.0
1089,Hataraku Onii-san!,2018,Winter,TV Short,36784.0
1090,Hataraku Onii-san! No 2!,2018,Summer,TV Short,37646.0
1091,Hataraku Saibou,2018,Summer,TV,37141.0
1092,Hataraku Saibou!!,2021,Winter,TV,39586.0
1093,Hataraku Saibou Black,2021,Winter,TV,41694.0
1094,Hatena☆Illusion,2020,Winter,TV,35252.0
1095,Hatenkou Yuugi,2008,Winter,TV,3298.0
1096,Hatsukoi Limited,2009,Spring,TV,5150.0
1097,Hatsukoi Monster,2016,Summer,TV,31109.0
1098,Hayate no Gotoku!,2007,Spring,TV,2026.0
1099,Hayate no Gotoku!!,2009,Spring,TV,4192.0
1100,Hayate no Gotoku! Can't Take My Eyes Off You,2012,Fall,TV,14653.0
1101,Hayate no Gotoku! Cuties,2013,Spring,TV,16982.0
1102,Healin' Good♡Precure,2020,Winter,TV,40610.0
1103,Heartcatch Precure!,2010,Winter,TV,7645.0
1104,Heartcatch Precure! Movie: Hana no Miyako de Fashion Show... Desu ka!?,2010,Fall,Movie,9288.0
1105,HeatGuy J,2002,Fall,TV,958.0
1106,Heavy Object,2015,Fall,TV,27829.0
1107,Heisei Inu Monogatari Bow,1993,Fall,TV,2749.0
1108,Hello!! Kiniro Mosaic,2015,Spring,TV,23269.0
1109,Hello World,2019,Summer,Movie,38816.0
1110,Hells,2008,Fall,Movie,4983.0
1111,Hellsing,2001,Fall,TV,270.0
1112,HenSemi (TV),2011,Spring,TV Short,10187.0
1113,Hentai Ouji to Warawanai Neko.,2013,Spring,TV,15225.0
1114,Hentatsu,2020,Winter,TV Short,40995.0
1115,Heppoko Jikken Animation Excel♥Saga,1999,Fall,TV,379.0
1116,Heroic Age,2007,Spring,TV,2002.0
1117,Heroman,2010,Spring,TV,4334.0
1118,Heya Camp△,2020,Winter,TV Short,38476.0
1119,Heybot!,2016,Fall,TV,33434.0
1120,Hi no Tori,2004,Spring,TV,1371.0
1121,Hi☆sCoool! SeHa Girls,2014,Fall,TV Short,23787.0
1122,Hibike! Euphonium,2015,Spring,TV,27989.0
1123,Hibike! Euphonium 2,2016,Fall,TV,31988.0
1124,Hibike! Euphonium Movie 3: Chikai no Finale,2019,Spring,Movie,35678.0
1125,Hidamari no Ki,2000,Spring,TV,2694.0
1126,Hidamari Sketch,2007,Winter,TV,1852.0
1127,Hidamari Sketch: Sae Hiro Sotsugyou-hen,2013,Fall,OVA,17739.0
1128,Hidamari Sketch Specials,2007,Fall,Special,3165.0
1129,Hidamari Sketch x ☆☆☆,2010,Winter,TV,7062.0
1130,Hidamari Sketch x 365,2008,Summer,TV,3604.0
1131,Hidamari Sketch x Honeycomb,2012,Fall,TV,11239.0
1132,Hidamari Sketch x SP,2011,Fall,Special,11237.0
1133,Hidan no Aria,2011,Spring,TV,8630.0
1134,Hidan no Aria AA,2015,Fall,TV,28883.0
1135,Higashi no Eden,2009,Spring,TV,5630.0
1136,Higashi no Eden Movie I: The King of Eden,2009,Fall,Movie,6372.0
1137,Higashi no Eden Movie II: Paradise Lost,2010,Winter,Movie,6637.0
1138,High School DxD,2012,Winter,TV,11617.0
1139,High School DxD BorN,2015,Spring,TV,24703.0
1140,High School DxD Hero,2018,Spring,TV,34281.0
1141,High School DxD New,2013,Summer,TV,15451.0
1142,High School Fleet Movie,2020,Winter,Movie,37704.0
1143,High Score Girl,2018,Summer,TV,21877.0
1144,High Score Girl II,2019,Fall,TV,39570.0
1145,High☆Speed!: Free! Starting Days,2015,Fall,Movie,30415.0
1146,Highschool of the Dead,2010,Summer,TV,8074.0
1147,Higurashi no Naku Koro ni,2006,Spring,TV,934.0
1148,Higurashi no Naku Koro ni Gou,2020,Fall,TV,41006.0
1149,Higurashi no Naku Koro ni Kai,2007,Summer,TV,1889.0
1150,Higurashi no Naku Koro ni Kaku: Outbreak,2013,Summer,OVA,16700.0
1151,Higurashi no Naku Koro ni Kira,2011,Summer,OVA,10491.0
1152,Higurashi no Naku Koro ni Rei,2009,Winter,OVA,3652.0
1153,Hiiro no Kakera,2012,Spring,TV,12461.0
1154,Hiiro no Kakera Dai Ni Shou,2012,Fall,TV,14645.0
1155,Hikari to Mizu no Daphne,2004,Winter,TV,1082.0
1156,Hikaru no Go,2001,Fall,TV,135.0
1157,Hikaru no Go: Journey to the North Star Cup,2004,Winter,Special,645.0
1158,Hikyou Tanken Fam & Ihrlie,1995,Spring,OVA,1181.0
1159,Hime Chen! Otogi Chikku Idol Lilpri,2010,Spring,TV,8206.0
1160,Himegoto,2014,Summer,TV Short,22835.0
1161,Himitsu no Akko-chan,1969,Winter,TV,3285.0
1162,Himitsu no Akko-chan 3,1998,Spring,TV,3839.0
1163,Himitsukessha Taka no Tsume: Golden Spell,2020,Fall,TV Short,42657.0
1164,Himote House,2018,Fall,TV Short,36945.0
1165,Himouto! Umaru-chan,2015,Summer,TV,28825.0
1166,Himouto! Umaru-chan R,2017,Fall,TV,35376.0
1167,Hina Logi: From Luck & Logic,2017,Summer,TV,34834.0
1168,Hinako Note,2017,Spring,TV,33948.0
1169,Hinamatsuri,2018,Spring,TV,36296.0
1170,Hinomaru Zumou,2018,Fall,TV,37007.0
1171,Hirune Hime: Shiranai Watashi no Monogatari,2017,Winter,Movie,33204.0
1172,Hisone to Maso-tan,2018,Spring,TV,36884.0
1173,Hitori no Shita: The Outcast,2016,Summer,TV,33421.0
1174,Hitori no Shita: The Outcast 2nd Season,2018,Winter,TV,35333.0
1175,Hitoribocchi no Marumaru Seikatsu,2019,Spring,TV,37614.0
1176,Hitorijime My Hero,2017,Summer,TV,33654.0
1177,Hitsugi no Chaika,2014,Spring,TV,20853.0
1178,Hitsugi no Chaika: Avenging Battle,2014,Fall,TV,24231.0
1179,Hokuto no Ken,1984,Fall,TV,967.0
1180,Hokuto no Ken 2,1987,Spring,TV,1356.0
1181,Honoo no Tenkousei,1991,Spring,OVA,2050.0
1182,Honzuki no Gekokujou: Shisho ni Naru Tame ni wa Shudan wo Erandeiraremasen,2019,Fall,TV,39468.0
1183,Honzuki no Gekokujou: Shisho ni Naru Tame ni wa Shudan wo Erandeiraremasen 2nd Season,2020,Spring,TV,40815.0
1184,Hoozuki no Reitetsu,2014,Winter,TV,20431.0
1185,Hoozuki no Reitetsu 2nd Season,2017,Fall,TV,35075.0
1186,Hoozuki no Reitetsu 2nd Season: Sono Ni,2018,Spring,TV,37029.0
1187,Horimiya,2021,Winter,TV,42897.0
1188,Hortensia Saga (TV),2021,Winter,TV,40961.0
1189,Hoshi no Kirby: Right Back At Ya!,2001,Fall,TV,2390.0
1190,Hoshiai no Sora,2019,Fall,TV,37972.0
1191,Hoshizora e Kakaru Hashi,2011,Spring,TV,10079.0
1192,Houkago no Pleiades,2015,Spring,TV,17919.0
1193,Houkago Saikoro Club,2019,Fall,TV,38276.0
1194,Houkago Teibou Nisshi,2020,Spring,TV,39730.0
1195,Hourou Musuko,2011,Winter,TV,8426.0
1196,Houseki no Kuni,2017,Fall,TV,35557.0
1197,Housekishou Richard-shi no Nazo Kantei,2020,Winter,TV,40230.0
1198,Hug tto! Precure,2018,Winter,TV,36593.0
1199,Hug tto! Precure♡Futari wa Precure Movie: All Stars Memories,2018,Fall,Movie,37501.0
1200,Hulaing Babies,2019,Winter,TV Short,34332.0
1201,Human Lost: Ningen Shikkaku,2019,Fall,Movie,39584.0
1202,Hundred,2016,Spring,TV,31338.0
1203,Hungry Heart: Wild Striker,2002,Fall,TV,17.0
1204,Hunter x Hunter,1999,Fall,TV,136.0
1205,Hunter x Hunter,2011,Fall,TV,11061.0
1206,Hunter x Hunter: Greed Island,2003,Winter,OVA,138.0
1207,Hunter x Hunter: Greed Island Final,2004,Winter,OVA,139.0
1208,Hunter x Hunter OVA,2002,Winter,OVA,137.0
1209,Hurricane Polymar,1974,Fall,TV,4808.0
1210,Hustle Punch,1965,Fall,TV,19681.0
1211,Hyakka Ryouran: Samurai Bride,2013,Spring,TV,15377.0
1212,Hyakka Ryouran: Samurai Girls,2010,Fall,TV,8277.0
1213,Hyakko,2008,Fall,TV,4550.0
1214,Hyakujuu-Ou GoLion,1981,Spring,TV,1448.0
1215,Hyakuren no Haou to Seiyaku no Valkyria,2018,Summer,TV,37446.0
1216,Hyouge Mono,2011,Spring,TV,9996.0
1217,Hyouka,2012,Spring,TV,12189.0
1218,Hypnosis Mic: Division Rap Battle - Rhyme Anima,2020,Fall,TV,40803.0
1219,I★Chu: Halfway Through the Idol,2021,Winter,TV,39725.0
1220,I My Me! Strawberry Eggs,2001,Summer,TV,509.0
1221,"I""s Pure",2005,Fall,OVA,811.0
1222,Ice,2007,Spring,OVA,2169.0
1223,Ichiban Ushiro no Daimaou,2010,Spring,TV,7088.0
1224,Ichigo 100%,2005,Spring,TV,248.0
1225,Ichigo Mashimaro,2005,Summer,TV,488.0
1226,Ichigo Mashimaro OVA,2007,Winter,OVA,1888.0
1227,ID-0,2017,Spring,TV,33797.0
1228,ID:Invaded,2020,Winter,TV,40046.0
1229,Idol Densetsu Eriko,1989,Spring,TV,2938.0
1230,Idol Jihen,2017,Winter,TV,34028.0
1231,Idol Time PriPara,2017,Spring,TV,34787.0
1232,IDOLiSH7,2018,Winter,TV,33899.0
1233,IDOLiSH7: Second Beat!,2020,Spring,TV,37962.0
1234,IDOLiSH7 Vibrato,2018,Winter,ONA,36963.0
1235,Idolls!: Idol Survival,2021,Winter,TV Short,42981.0
1236,iDOLM@STER Xenoglossia,2007,Spring,TV,1694.0
1237,Idoly Pride,2021,Winter,TV,40842.0
1238,Ie Naki Ko,1977,Fall,TV,2828.0
1239,Ike! Ina-chuu Takkyuubu,1995,Spring,TV,914.0
1240,Ikebukuro West Gate Park,2020,Fall,TV,40359.0
1241,Ikemen Sengoku: Toki wo Kakeru ga Koi wa Hajimaranai,2017,Summer,TV Short,34337.0
1242,Iketeru Futari,1999,Winter,TV Short,637.0
1243,Ikkitousen,2003,Summer,TV,257.0
1244,Ikkitousen: Dragon Destiny,2007,Winter,TV,1956.0
1245,Ikkitousen: Great Guardians,2008,Summer,TV,4196.0
1246,Ikkitousen: Shuugaku Toushi Keppuuroku,2011,Fall,OVA,11255.0
1247,Ikkitousen: Western Wolves,2019,Winter,OVA,38425.0
1248,Ikkitousen: Xtreme Xecutor,2010,Spring,TV,7580.0
1249,Ikoku Meiro no Croisée,2011,Summer,TV,9938.0
1250,"Ima, Soko ni Iru Boku",1999,Fall,TV,160.0
1251,Imawa no Kuni no Alice (OVA),2014,Fall,OVA,24781.0
1252,Imouto sae Ireba Ii.,2017,Fall,TV,35413.0
1253,"Inari, Konkon, Koi Iroha.",2014,Winter,TV,20457.0
1254,Inazuma Eleven,2008,Fall,TV,5231.0
1255,Inazuma Eleven: Ares no Tenbin,2018,Spring,TV,33733.0
1256,Inazuma Eleven: Orion no Kokuin,2018,Fall,TV,38235.0
1257,Infini-T Force,2017,Fall,TV,33027.0
1258,Infinite Dendrogram,2020,Winter,TV,38909.0
1259,Ingress the Animation,2018,Fall,TV,37438.0
1260,Initial D Extra Stage,2001,Winter,OVA,822.0
1261,Initial D Extra Stage 2,2008,Fall,OVA,5228.0
1262,Initial D Fifth Stage,2012,Fall,TV,15059.0
1263,Initial D Final Stage,2014,Spring,TV,22507.0
1264,Initial D First Stage,1998,Spring,TV,185.0
1265,Initial D Fourth Stage,2004,Spring,TV,18.0
1266,Initial D Second Stage,1999,Fall,TV,186.0
1267,Initial D Third Stage,2001,Winter,Movie,187.0
1268,Innocent Venus,2006,Summer,TV,1230.0
1269,Inou-Battle wa Nichijou-kei no Naka de,2014,Fall,TV,25159.0
1270,Inu to Hasami wa Tsukaiyou,2013,Summer,TV,17831.0
1271,Inu to Neko Docchi mo Katteru to Mainichi Tanoshii,2020,Fall,TV Short,40833.0
1272,Inu x Boku SS,2012,Winter,TV,11013.0
1273,Inugami-san to Nekoyama-san,2014,Spring,TV Short,22123.0
1274,Inukami!,2006,Spring,TV,940.0
1275,InuYasha,2000,Fall,TV,249.0
1276,InuYasha: Kanketsu-hen,2009,Fall,TV,6811.0
1277,InuYasha Movie 1: Toki wo Koeru Omoi,2001,Fall,Movie,452.0
1278,InuYasha Movie 2: Kagami no Naka no Mugenjo,2002,Fall,Movie,450.0
1279,InuYasha Movie 3: Tenka Hadou no Ken,2003,Fall,Movie,451.0
1280,InuYasha Movie 4: Guren no Houraijima,2004,Fall,Movie,449.0
1281,Inuyashiki,2017,Fall,TV,34542.0
1282,Ippon Bouchou Mantarou,1991,Spring,OVA,6384.0
1283,Iria: Zeiram The Animation,1994,Spring,OVA,432.0
1284,"Iriya no Sora, UFO no Natsu",2005,Winter,OVA,358.0
1285,Irozuku Sekai no Ashita kara,2018,Fall,TV,37497.0
1286,IS: Infinite Stratos,2011,Winter,TV,9041.0
1287,IS: Infinite Stratos 2,2013,Fall,TV,18247.0
1288,IS: Infinite Stratos 2 - World Purge-hen,2014,Fall,OVA,21653.0
1289,IS: Infinite Stratos Encore - Koi ni Kogareru Rokujuusou,2011,Fall,OVA,10794.0
1290,Isekai Cheat Magician,2019,Summer,TV,37744.0
1291,Isekai Izakaya: Koto Aitheria no Izakaya Nobu,2018,Spring,ONA,34420.0
1292,Isekai Maou to Shoukan Shoujo no Dorei Majutsu,2018,Summer,TV,37210.0
1293,Isekai no Seikishi Monogatari,2009,Spring,OVA,5781.0
1294,Isekai Quartet,2019,Spring,TV Short,38472.0
1295,Isekai Quartet 2,2020,Winter,TV Short,39988.0
1296,Isekai Shokudou,2017,Summer,TV,34012.0
1297,Isekai wa Smartphone to Tomo ni.,2017,Summer,TV,35203.0
1298,Ishuzoku Reviewers,2020,Winter,TV,40010.0
1299,Island,2018,Summer,TV,33012.0
1300,Isshuukan Friends.,2014,Spring,TV,21327.0
1301,Isuca,2015,Winter,TV,25429.0
1302,Itai no wa Iya nano de Bougyoryoku ni Kyokufuri Shitai to Omoimasu.,2020,Winter,TV,38790.0
1303,Itazura Majo to Nemuranai Machi,2017,Fall,ONA,36861.0
1304,Itazura na Kiss,2008,Spring,TV,3731.0
1305,Ito Junji: Collection,2018,Winter,TV,36124.0
1306,Itsudatte Bokura no Koi wa 10 cm Datta.,2017,Fall,TV,36220.0
1307,Itsuka Tenma no Kuro Usagi,2011,Summer,TV,9750.0
1308,Iwa Kakeru!: Sport Climbing Girls,2020,Fall,TV,41783.0
1309,Ixion Saga DT,2012,Fall,TV,14765.0
1310,Iya na Kao sare nagara Opantsu Misete Moraitai,2018,Summer,ONA,37021.0
1311,Iya na Kao sare nagara Opantsu Misete Moraitai 2,2019,Fall,ONA,38163.0
1312,Jaku-Chara Tomozaki-kun,2021,Winter,TV,40530.0
1313,Jashin-chan Dropkick,2018,Summer,TV,36906.0
1314,Jashin-chan Dropkick',2020,Spring,TV,39049.0
1315,Jetter Mars,1977,Winter,TV,6087.0
1316,Jewelpet Happiness,2013,Spring,TV,17497.0
1317,Jewelpet Twinkle☆,2010,Spring,TV,8217.0
1318,Jibaku Shounen Hanako-kun,2020,Winter,TV,39534.0
1319,Jigoku Sensei Nube: Gozen 0 Ji Nube Shisu!,1997,Winter,Movie,8228.0
1320,Jigoku Sensei Nube (Movie),1996,Summer,Movie,8208.0
1321,Jigoku Shoujo,2005,Fall,TV,228.0
1322,Jigoku Shoujo Futakomori,2006,Fall,TV,1594.0
1323,Jigoku Shoujo Mitsuganae,2008,Fall,TV,3713.0
1324,Jigoku Shoujo: Yoi no Togi,2017,Summer,TV,34966.0
1325,Jikan no Shihaisha,2017,Summer,TV,34565.0
1326,Jikken-hin Kazoku: Creatures Family Days,2018,Spring,TV,36397.0
1327,Jimoto ga Japan,2019,Spring,TV Short,38881.0
1328,Jingai-san no Yome,2018,Fall,TV Short,37992.0
1329,Jinki:Extend,2005,Winter,TV,141.0
1330,Jinrui wa Suitai Shimashita,2012,Summer,TV,10357.0
1331,Jinsei,2014,Summer,TV,23121.0
1332,Jitsu wa Watashi wa,2015,Summer,TV,29785.0
1333,JoJo no Kimyou na Bouken,2012,Fall,TV,14719.0
1334,JoJo no Kimyou na Bouken Part 3: Stardust Crusaders,2014,Spring,TV,20899.0
1335,JoJo no Kimyou na Bouken Part 3: Stardust Crusaders 2nd Season,2015,Winter,TV,26055.0
1336,JoJo no Kimyou na Bouken Part 4: Diamond wa Kudakenai,2016,Spring,TV,31933.0
1337,JoJo no Kimyou na Bouken Part 5: Ougon no Kaze,2018,Fall,TV,37991.0
1338,Joker Game,2016,Spring,TV,31405.0
1339,Jormungand,2012,Spring,TV,12413.0
1340,Jormungand: Perfect Order,2012,Fall,TV,13331.0
1341,Joshikausei,2019,Spring,TV Short,38295.0
1342,Joshikousei: Girl's High,2006,Spring,TV,863.0
1343,Joshikousei no Mudazukai,2019,Summer,TV,38619.0
1344,Joshiochi!: 2-kai kara Onnanoko ga... Futtekita!?,2018,Summer,TV Short,37281.0
1345,Joshiraku,2012,Summer,TV,12679.0
1346,Joukamachi no Dandelion,2015,Summer,TV,28387.0
1347,Jujutsu Kaisen,2020,Fall,TV,40748.0
1348,Jungle de Ikou!,1997,Winter,OVA,2524.0
1349,Jungle wa Itsumo Hare nochi Guu,2001,Spring,TV,253.0
1350,Jungle wa Itsumo Hare nochi Guu Deluxe,2002,Summer,OVA,254.0
1351,Jungle wa Itsumo Hare nochi Guu Final,2003,Fall,OVA,255.0
1352,Junjou Romantica,2008,Spring,TV,3092.0
1353,Junjou Romantica 2,2008,Fall,TV,4814.0
1354,Junjou Romantica 3,2015,Summer,TV,25649.0
1355,Junketsu no Maria,2015,Winter,TV,26441.0
1356,Just Because!,2017,Fall,TV,35639.0
1357,Juubee Ninpuuchou: Ryuuhougyoku-hen,2003,Spring,TV,618.0
1358,Juuni Kokuki,2002,Spring,TV,153.0
1359,Juuni Taisen,2017,Fall,TV,35076.0
1360,Juuou Mujin no Fafnir,2015,Winter,TV,24873.0
1361,Juusenki L-Gaim,1984,Winter,TV,2598.0
1362,Juushin Enbu: Hero Tales,2007,Fall,TV,2772.0
1363,Juushin Liger,1989,Spring,TV,4119.0
1364,Juushinki Pandora,2018,Spring,TV,33531.0
1365,Jyu Oh Sei,2006,Spring,TV,953.0
1366,K,2012,Fall,TV,14467.0
1367,K-On!,2009,Spring,TV,5680.0
1368,K-On! Movie,2011,Fall,Movie,9617.0
1369,K-On!!,2010,Spring,TV,7791.0
1370,K: Return of Kings,2015,Fall,TV,27991.0
1371,K: Seven Stories Movie 1 - R:B - Blaze,2018,Summer,Movie,33248.0
1372,K: Seven Stories Movie 2 - Side:Blue - Tenrou no Gotoku,2018,Summer,Movie,37303.0
1373,K: Seven Stories Movie 3 - Side:Green - Uwagaki Sekai,2018,Summer,Movie,37304.0
1374,K: Seven Stories Movie 4 - Lost Small World - Ori no Mukou ni,2018,Fall,Movie,37305.0
1375,K: Seven Stories Movie 5 - Memory of Red - Burn,2018,Fall,Movie,37306.0
1376,K: Seven Stories Movie 6 - Circle Vision - Nameless Song,2018,Fall,Movie,37307.0
1377,Kabukibu!,2017,Spring,TV,33840.0
1378,Kabukichou Sherlock,2019,Fall,TV,38161.0
1379,Kachou Ouji,1999,Summer,TV,1025.0
1380,Kaeru no Pickles: Kimochi no Iro,2020,Fall,TV Short,42717.0
1381,Kagaku Ninja-tai Gatchaman,1972,Fall,TV,2389.0
1382,Kagaku Ninja-tai Gatchaman F,1979,Fall,TV,6375.0
1383,Kagaku Ninja-tai Gatchaman II,1978,Fall,TV,6374.0
1384,Kagerou Daze: In a Day's,2016,Fall,Movie,33219.0
1385,Kagi Hime Monogatari: Eikyuu Alice Rondo,2006,Winter,TV,577.0
1386,Kaguya-sama wa Kokurasetai: Tensai-tachi no Renai Zunousen,2019,Winter,TV,37999.0
1387,Kaguya-sama wa Kokurasetai?: Tensai-tachi no Renai Zunousen,2020,Spring,TV,40591.0
1388,Kai Byoui Ramune,2021,Winter,TV,42822.0
1389,Kaiba,2008,Spring,TV,3701.0
1390,Kaibutsu Oujo,2007,Spring,TV,2130.0
1391,Kaichou wa Maid-sama!,2010,Spring,TV,7054.0
1392,Kaifuku Jutsushi no Yarinaoshi,2021,Winter,TV,40750.0
1393,Kaijuu Girls: Ultra Kaijuu Gijinka Keikaku,2016,Fall,ONA,33011.0
1394,Kaijuu Girls: Ultra Kaijuu Gijinka Keikaku 2nd Season,2018,Winter,TV Short,36196.0
1395,Kaijuu no Kodomo,2019,Spring,Movie,37981.0
1396,Kaitei Shounen Marine,1969,Winter,TV,8899.0
1397,Kaito x Ansa,2017,Summer,TV Short,34725.0
1398,Kaitou Saint Tail,1995,Fall,TV,1567.0
1399,Kaitou Tenshi Twin Angel,2008,Summer,OVA,3805.0
1400,Kaitou Tenshi Twin Angel (TV),2017,Spring,TV,33532.0
1401,Kakegurui,2017,Summer,TV,34933.0
1402,Kakegurui××,2019,Winter,TV,37086.0
1403,Kakuchou Shoujo-kei Trinary,2017,Spring,ONA,34006.0
1404,Kakumeiki Valvrave,2013,Spring,TV,16668.0
1405,Kakumeiki Valvrave 2nd Season,2013,Fall,TV,18295.0
1406,Kakuriyo no Yadomeshi,2018,Spring,TV,36754.0
1407,Kakushigoto,2020,Spring,TV,40716.0
1408,Kaleido Star,2003,Spring,TV,427.0
1409,Kamen no Maid Guy,2008,Spring,TV,3616.0
1410,Kamichama Karin,2007,Spring,TV,1808.0
1411,Kamichu!,2005,Summer,TV,489.0
1412,Kami no Tou,2020,Spring,TV,40221.0
1413,Kami nomi zo Shiru Sekai,2010,Fall,TV,8525.0
1414,Kami nomi zo Shiru Sekai II,2011,Spring,TV,10080.0
1415,Kami nomi zo Shiru Sekai: 4-nin to Idol,2011,Fall,OVA,10805.0
1416,Kami nomi zo Shiru Sekai: Megami-hen,2013,Summer,TV,16706.0
1417,Kami nomi zo Shiru Sekai: Tenri-hen,2012,Fall,OVA,15117.0
1418,Kamigami no Asobi,2014,Spring,TV,21563.0
1419,Kamikaze Kaitou Jeanne,1999,Winter,TV,142.0
1420,Kamisama Dolls,2011,Summer,TV,10372.0
1421,Kamisama Hajimemashita,2012,Fall,TV,14713.0
1422,Kamisama Hajimemashita◎,2015,Winter,TV,25681.0
1423,Kamisama ni Natta Hi,2020,Fall,TV,41930.0
1424,Kamisama no Inai Nichiyoubi,2013,Summer,TV,16009.0
1425,Kamisama no Memochou,2011,Summer,TV,10568.0
1426,Kami-tachi ni Hirowareta Otoko,2020,Fall,TV,41312.0
1427,Kämpfer,2009,Fall,TV,6205.0
1428,Kämpfer für die Liebe,2011,Winter,Special,10076.0
1429,Kanamemo,2009,Summer,TV,5914.0
1430,Kanata no Astra,2019,Summer,TV,39198.0
1431,KanColle Movie,2016,Fall,Movie,31418.0
1432,Kandagawa Jet Girls,2019,Fall,TV,40196.0
1433,Kandagawa Jet Girls OVA,2020,Winter,OVA,41146.0
1434,Kannagi,2008,Fall,TV,3958.0
1435,Kannazuki no Miko,2004,Fall,TV,143.0
1436,Kanojo ga Flag wo Oraretara,2014,Spring,TV,19685.0
1437,"Kanojo, Okarishimasu",2020,Summer,TV,40839.0
1438,Kanojo to Kanojo no Neko: Everything Flows,2016,Winter,TV Short,32491.0
1439,Kanokon,2008,Spring,TV,3503.0
1440,Kanon,2002,Winter,TV,144.0
1441,Kanon,2006,Fall,TV,1530.0
1442,Kantai Collection: Kan Colle,2015,Winter,TV,21511.0
1443,Kara no Kyoukai 1: Fukan Fuukei,2007,Fall,Movie,2593.0
1444,Kara no Kyoukai 2: Satsujin Kousatsu (Zen),2007,Fall,Movie,3782.0
1445,Kara no Kyoukai 3: Tsuukaku Zanryuu,2008,Winter,Movie,3783.0
1446,Kara no Kyoukai 4: Garan no Dou,2008,Spring,Movie,4280.0
1447,Kara no Kyoukai 5: Mujun Rasen,2008,Summer,Movie,4282.0
1448,Karakai Jouzu no Takagi-san,2018,Winter,TV,35860.0
1449,Karakai Jouzu no Takagi-san 2,2019,Summer,TV,38993.0
1450,Karakuri Circus,2018,Fall,TV,37447.0
1451,Kareshi Kanojo no Jijou,1998,Fall,TV,145.0
1452,Karin,2005,Fall,TV,469.0
1453,Karneval (TV),2013,Spring,TV,16035.0
1454,Kashimashi: Girl Meets Girl,2006,Winter,TV,667.0
1455,Kashimashi: Girl Meets Girl - Shoujo wa Shoujo ni Koi wo Shita,2006,Fall,OVA,1654.0
1456,Katanagatari,2010,Winter,TV,6594.0
1457,Katekyo Hitman Reborn!,2006,Fall,TV,1604.0
1458,Katsugeki/Touken Ranbu,2017,Summer,TV,33018.0
1459,Katsute Kami Datta Kemono-tachi e,2019,Summer,TV,39199.0
1460,Katte ni Kaizou,2011,Spring,OVA,10191.0
1461,Kawaikereba Hentai demo Suki ni Natte Kuremasu ka?,2019,Summer,TV,39326.0
1462,Kaze ga Tsuyoku Fuiteiru,2018,Fall,TV,37965.0
1463,Kaze no Stigma,2007,Spring,TV,1691.0
1464,Kaze Tachinu,2013,Summer,Movie,16662.0
1465,Kazemakase Tsukikage Ran,2000,Winter,TV,606.0
1466,Kedama no Gonjirou,2019,Spring,TV,39040.0
1467,Keijo!!!!!!!!,2016,Fall,TV,32686.0
1468,Keishichou Tokumubu Tokushu Kyouakuhan Taisakushitsu Dainanaka: Tokunana,2019,Fall,TV,39567.0
1469,Kekkai Sensen,2015,Spring,TV,24439.0
1470,Kekkai Sensen & Beyond,2017,Fall,TV,34451.0
1471,Kemeko Deluxe!,2008,Fall,TV,3464.0
1472,Kemono Friends,2017,Winter,TV,33089.0
1473,Kemono Friends 2,2019,Winter,TV,35313.0
1474,Kemono Jihen,2021,Winter,TV,40908.0
1475,Kemono no Souja Erin,2009,Winter,TV,5420.0
1476,Kemonozume,2006,Summer,TV,1454.0
1477,Kemurikusa,2019,Winter,TV,37302.0
1478,Ken En Ken: Aoki Kagayaki,2018,Fall,TV,38083.0
1479,Kengan Ashura,2019,Summer,ONA,36903.0
1480,Kenja no Mago,2019,Spring,TV,36407.0
1481,Kenka Banchou Otome: Girl Beats Boys,2017,Spring,TV Short,34501.0
1482,Kenkou Zenra-kei Suiei-bu Umishou,2007,Summer,TV,2602.0
1483,Kenzen Robo Daimidaler,2014,Spring,TV,21809.0
1484,Keppeki Danshi! Aoyama-kun,2017,Summer,TV,34825.0
1485,Keroro Gunsou,2004,Spring,TV,516.0
1486,Key the Metal Idol,1994,Fall,OVA,1457.0
1487,Kiddy GiRL-AND,2009,Fall,TV,3349.0
1488,Kiddy Grade,2002,Fall,TV,274.0
1489,Kidou Senkan Nadesico,1996,Fall,TV,218.0
1490,Kidou Tenshi Angelic Layer,2001,Spring,TV,52.0
1491,Kiitarou Shounen no Youkai Enikki,2016,Fall,TV Short,33244.0
1492,Kikou Kai Galient,1984,Fall,TV,5153.0
1493,Kikou Kantai Dairugger XV,1982,Spring,TV,3609.0
1494,Kikou Ryohei Mellowlink,1988,Fall,OVA,2048.0
1495,Kikou Senki Dragonar,1987,Winter,TV,865.0
1496,Kikou Souseiki Mospeada,1983,Fall,TV,3670.0
1497,Kikoushi Enma,2006,Summer,OVA,1556.0
1498,Kill la Kill,2013,Fall,TV,18679.0
1499,Kill Me Baby,2012,Winter,TV,11079.0
1500,Killing Bites,2018,Winter,TV,34964.0
1501,Kimagure Orange☆Road,1987,Spring,TV,1087.0
1502,Kimetsu no Yaiba,2019,Spring,TV,38000.0
1503,Kimi ga Aruji de Shitsuji ga Ore de,2008,Winter,TV,3229.0
1504,Kimi ga Nozomu Eien,2003,Fall,TV,147.0
1505,Kimi ga Nozomu Eien: Ayu Mayu Gekijou,2006,Summer,ONA,1856.0
1506,Kimi ga Nozomu Eien: Next Season,2007,Fall,OVA,3318.0
1507,Kimi ni Todoke,2009,Fall,TV,6045.0
1508,Kimi ni Todoke 2nd Season,2011,Winter,TV,9656.0
1509,Kimi no Iru Machi,2013,Summer,TV,17741.0
1510,Kimi no Na wa.,2016,Summer,Movie,32281.0
1511,Kimi no Suizou wo Tabetai,2018,Summer,Movie,36098.0
1512,Kimi to Boku.,2011,Fall,TV,10460.0
1513,Kimi to Boku. 2,2012,Spring,TV,11739.0
1514,"Kimi to Boku no Saigo no Senjou, Aruiwa Sekai ga Hajimaru Seisen",2020,Fall,TV,40595.0
1515,"Kimi to, Nami ni Noretara",2019,Spring,Movie,38594.0
1516,KimiKiss Pure Rouge,2007,Fall,TV,2927.0
1517,Kindaichi Shounen no Jikenbo Returns,2014,Spring,TV,22817.0
1518,Kindaichi Shounen no Jikenbo Returns 2nd Season,2015,Fall,TV,31227.0
1519,King of Prism: Shiny Seven Stars,2019,Spring,TV,39699.0
1520,King's Raid: Ishi wo Tsugumono-tachi,2020,Fall,TV,41834.0
1521,Kingdom,2012,Summer,TV,12031.0
1522,Kingdom 2nd Season,2013,Summer,TV,17389.0
1523,Kingdom 3rd Season,2020,Spring,TV,40682.0
1524,Kingyo Chuuihou!,1991,Winter,TV,727.0
1525,Kiniro Mosaic,2013,Summer,TV,16732.0
1526,Kiniro Mosaic: Pretty Days,2016,Fall,Movie,33034.0
1527,Kinnikuman,1983,Spring,TV,3272.0
1528,Kinnikuman II Sei,2002,Winter,TV,1707.0
1529,Kino no Tabi: Nanika wo Suru Tame ni - Life Goes On.,2005,Winter,Movie,1379.0
1530,Kino no Tabi: The Beautiful World,2003,Spring,TV,486.0
1531,Kino no Tabi: The Beautiful World - The Animated Series,2017,Fall,TV,35079.0
1532,Kirakira Happy★Hirake! Cocotama,2018,Summer,TV,37968.0
1533,Kirakira☆Precure A La Mode,2017,Winter,TV,34290.0
1534,Kirakira☆Precure A La Mode Movie: Paritto! Omoide no Mille-Feuille!,2017,Fall,Movie,35206.0
1535,Kiratto Pri☆chan,2018,Spring,TV,37178.0
1536,Kiratto Pri☆chan 2nd Season,2019,Spring,TV,38804.0
1537,Kiratto Pri☆chan 3rd Season,2020,Spring,TV,40880.0
1538,Kiseijuu: Sei no Kakuritsu,2014,Fall,TV,22535.0
1539,Kishibe Rohan wa Ugokanai,2017,Summer,OVA,33191.0
1540,Kishin Douji Zenki,1995,Winter,TV,1573.0
1541,Kishin Houkou Demonbane,2006,Spring,TV,1067.0
1542,Kishin Taisen Gigantic Formula,2007,Spring,TV,2215.0
1543,Kishuku Gakkou no Juliet,2018,Fall,TV,37475.0
1544,Kiss Dum: Engage Planet,2007,Spring,TV,2106.0
1545,Kiss x Sis,2008,Fall,OVA,5042.0
1546,Kiss x Sis (TV),2010,Spring,TV,7593.0
1547,Kitakubu Katsudou Kiroku,2013,Summer,TV,18495.0
1548,Kiteretsu Daihyakka,1988,Spring,TV,6509.0
1549,Kitsune no Koe,2018,Fall,TV Short,37106.0
1550,Kitsutsuki Tanteidokoro,2020,Spring,TV,39582.0
1551,Kiznaiver,2016,Spring,TV,31798.0
1552,Kizumonogatari II: Nekketsu-hen,2016,Summer,Movie,31757.0
1553,Kizumonogatari III: Reiketsu-hen,2017,Winter,Movie,31758.0
1554,Knight's & Magic,2017,Summer,TV,34104.0
1555,Knights of the Zodiac: Saint Seiya,2019,Summer,ONA,36040.0
1556,Kobato.,2009,Fall,TV,5678.0
1557,Kobayashi-san Chi no Maid Dragon,2017,Winter,TV,33206.0
1558,Kochira Katsushikaku Kameari Kouenmae Hashutsujo,1996,Summer,TV,3545.0
1559,Kochira Katsushikaku Kameari Kouenmae Hashutsujo The Movie,1999,Fall,Movie,2901.0
1560,Kochouki: Wakaki Nobunaga,2019,Summer,TV,38920.0
1561,Kodomo no Jikan,2007,Fall,TV,2403.0
1562,Kodomo no Jikan: Ni Gakki,2009,Winter,OVA,4195.0
1563,Kodomo no Jikan OVA,2007,Summer,OVA,3121.0
1564,Kodomo no Omocha,1996,Spring,TV,1486.0
1565,Koe de Oshigoto! The Animation,2010,Fall,OVA,8876.0
1566,Koe no Katachi,2016,Fall,Movie,28851.0
1567,Koharu Biyori,2007,Fall,OVA,3085.0
1568,Koi Kaze,2004,Spring,TV,634.0
1569,Koi Koi 7,2005,Spring,TV,668.0
1570,Koi to Producer: EVOL×LOVE,2020,Summer,TV,40075.0
1571,Koi to Senkyo to Chocolate,2012,Summer,TV,12175.0
1572,Koi to Uso,2017,Summer,TV,34934.0
1573,Koi wa Ameagari no You ni,2018,Winter,TV,34984.0
1574,Koihime†Musou,2008,Summer,TV,4262.0
1575,"Koihime†Musou: Gunyuu, Seitoukaichou no Za wo Neratte Aiarasou no Koto - Ato, Porori mo Aru yo!",2009,Spring,OVA,5305.0
1576,Koisuru Asteroid,2020,Winter,TV,39388.0
1577,Kokkoku,2018,Winter,TV,36548.0
1578,Kokoro Connect,2012,Summer,TV,11887.0
1579,Kokoro Connect: Michi Random,2012,Fall,Special,16001.0
1580,Kokoro ga Sakebitagatterunda.,2015,Summer,Movie,28725.0
1581,Kokoro Toshokan,2001,Fall,TV,799.0
1582,Komori-san wa Kotowarenai!,2015,Fall,TV Short,31091.0
1583,Konbini Kareshi,2017,Summer,TV,35434.0
1584,Konjiki no Gash Bell!!,2003,Spring,TV,250.0
1585,Kono Bijutsubu ni wa Mondai ga Aru!,2016,Summer,TV,31952.0
1586,Kono Minikuku mo Utsukushii Sekai,2004,Spring,TV,146.0
1587,"Kono Naka ni Hitori, Imouto ga Iru!",2012,Summer,TV,13367.0
1588,Kono Oto Tomare!,2019,Spring,TV,38080.0
1589,Kono Oto Tomare! 2nd Season,2019,Fall,TV,38889.0
1590,Kono Subarashii Sekai ni Shukufuku wo!,2016,Winter,TV,30831.0
1591,Kono Subarashii Sekai ni Shukufuku wo! 2,2017,Winter,TV,32937.0
1592,Kono Subarashii Sekai ni Shukufuku wo!: Kurenai Densetsu,2019,Summer,Movie,38040.0
1593,Kono Yo no Hate de Koi wo Utau Shoujo YU-NO,2019,Spring,TV,34620.0
1594,Konohana Kitan,2017,Fall,TV,35241.0
1595,Kore wa Zombie Desu ka?,2011,Winter,TV,8841.0
1596,Kore wa Zombie desu ka? OF THE DEAD,2012,Spring,TV,10790.0
1597,Koro-sensei Quest!,2017,Winter,ONA,34389.0
1598,Kotonoha no Niwa,2013,Spring,Movie,16782.0
1599,Kotoura-san,2013,Winter,TV,15379.0
1600,Koufuku Graffiti,2015,Winter,TV,24629.0
1601,Koukaku no Pandora,2016,Winter,TV,32214.0
1602,Kousoku Denjin Albegus,1983,Spring,TV,5891.0
1603,Koutetsu Jeeg,1975,Fall,TV,4198.0
1604,Koutetsu Tenshi Kurumi,1999,Fall,TV Short,554.0
1605,Koutetsu Tenshi Kurumi 2,2001,Spring,TV Short,555.0
1606,Koutetsu Tenshi Kurumi Encore,2000,Summer,OVA,557.0
1607,Koutetsu Tenshi Kurumi Zero,2001,Spring,OVA,556.0
1608,Koutetsujou no Kabaneri,2016,Spring,TV,28623.0
1609,Koutetsujou no Kabaneri Movie 1: Tsudou Hikari,2016,Fall,Movie,33519.0
1610,Koutetsujou no Kabaneri Movie 2: Moeru Inochi,2017,Winter,Movie,33520.0
1611,Koutetsujou no Kabaneri Movie 3: Unato Kessen,2019,Spring,Movie,34544.0
1612,Koutetsushin Jeeg,2007,Spring,TV,2157.0
1613,Kouya no Kotobuki Hikoutai,2019,Winter,TV,38301.0
1614,Koyomimonogatari,2016,Winter,ONA,32268.0
1615,Kubikiri Cycle: Aoiro Savant to Zaregototsukai,2016,Fall,OVA,33263.0
1616,Kud Wafter,2020,Fall,Movie,35960.0
1617,Kujibiki Unbalance,2004,Fall,OVA,669.0
1618,Kujibiki♥Unbalance,2006,Fall,TV,1591.0
1619,Kujira no Kora wa Sajou ni Utau,2017,Fall,TV,34712.0
1620,Kuma Kuma Kuma Bear,2020,Fall,TV,40974.0
1621,Kuma Miko,2016,Spring,TV,31804.0
1622,"Kumo Desu ga, Nani ka?",2021,Winter,TV,37984.0
1623,Kumo no You ni Kaze no You ni,1990,Winter,Movie,1032.0
1624,Kurage no Shokudou,2016,Winter,OVA,29301.0
1625,Kuragehime,2010,Fall,TV,8129.0
1626,Kurau Phantom Memory,2004,Summer,TV,483.0
1627,Kure-nai,2008,Spring,TV,3358.0
1628,Kurogane no Linebarrels,2008,Fall,TV,3653.0
1629,Kurokami The Animation,2009,Winter,TV,5079.0
1630,Kuroko no Basket,2012,Spring,TV,11771.0
1631,Kuroko no Basket 2nd Season,2013,Fall,TV,16894.0
1632,Kuroko no Basket 3rd Season,2015,Winter,TV,24415.0
1633,Kuromajo-san ga Tooru!!,2012,Spring,TV Short,13159.0
1634,Kuromukuro,2016,Spring,TV,32245.0
1635,Kuroshitsuji,2008,Fall,TV,4898.0
1636,Kuroshitsuji II,2010,Summer,TV,6707.0
1637,Kuroshitsuji: Book of Circus,2014,Summer,TV,22145.0
1638,Kurozuka,2008,Fall,TV,5039.0
1639,Kusoge tte Iuna! Animation,2020,Fall,ONA,42946.0
1640,Kuuchuu Buranko,2009,Fall,TV,6774.0
1641,Kuusen Madoushi Kouhosei no Kyoukan,2015,Summer,TV,25283.0
1642,Kuutei Dragons,2020,Winter,TV,39531.0
1643,Kuzu no Honkai,2017,Winter,TV,32949.0
1644,Kyattou Ninden Teyandee,1990,Winter,TV,1261.0
1645,Kyochuu Rettou Movie,2020,Winter,Movie,40332.0
1646,Kyokou Suiri,2020,Winter,TV,39017.0
1647,Kyoro-chan,1999,Summer,TV,4375.0
1648,Kyoshin Gorg,1984,Spring,TV,3327.0
1649,Kyoto Teramachi Sanjou no Holmes,2018,Summer,TV,37458.0
1650,Kyou kara Maou!,2004,Spring,TV,251.0
1651,Kyou kara Maou! 3rd Series,2008,Spring,TV,4080.0
1652,Kyou kara Maou! R,2007,Fall,OVA,2971.0
1653,Kyou kara Ore wa!!,1992,Fall,OVA,851.0
1654,Kyou no Asuka Show,2012,Summer,ONA,15005.0
1655,Kyoukai no Kanata,2013,Fall,TV,18153.0
1656,Kyoukai no Kanata: Idol Saiban! Mayoi Nagara mo Kimi wo Sabaku Tami,2013,Fall,ONA,21241.0
1657,Kyoukai no Kanata Movie: I'll Be Here - Mirai-hen,2015,Spring,Movie,28675.0
1658,Kyoukai no Rinne (TV),2015,Spring,TV,28423.0
1659,Kyoukai no Rinne (TV) 2nd Season,2016,Spring,TV,31610.0
1660,Kyoukai no Rinne (TV) 3rd Season,2017,Spring,TV,34106.0
1661,Kyoukaisenjou no Horizon,2011,Fall,TV,10456.0
1662,Kyoukaisenjou no Horizon II,2012,Summer,TV,12487.0
1663,Kyoushirou to Towa no Sora,2007,Winter,TV,1810.0
1664,Kyoushoku Soukou Guyver,1989,Summer,OVA,6016.0
1665,Kyousou Giga (TV),2013,Fall,TV,19703.0
1666,Ladies versus Butlers!,2010,Winter,TV,7148.0
1667,Ladyspo,2018,Spring,TV Short,37448.0
1668,Laidbackers,2019,Spring,Movie,38558.0
1669,Lance N' Masques,2015,Fall,TV,24011.0
1670,Lapis Re:LiGHTs,2020,Summer,TV,37587.0
1671,Last Exile,2003,Spring,TV,97.0
1672,Last Exile: Ginyoku no Fam,2011,Fall,TV,10336.0
1673,Last Period: Owarinaki Rasen no Monogatari,2018,Spring,TV,37254.0
1674,Layton Mystery Tanteisha: Katri no Nazotoki File,2018,Spring,TV,37023.0
1675,Le Chevalier D'Eon,2006,Summer,TV,1013.0
1676,Les Misérables: Shoujo Cosette,2007,Winter,TV,1695.0
1677,Level E,2011,Winter,TV,9834.0
1678,Levius,2019,Fall,ONA,39574.0
1679,Lime-iro Ryuukitan X,2005,Winter,TV,2308.0
1680,Lingerie Senshi Papillon Rose,2003,Spring,OVA,1995.0
1681,Listeners,2020,Spring,TV,40165.0
1682,Little Busters!,2012,Fall,TV,13655.0
1683,Little Busters!: EX,2014,Winter,Special,20517.0
1684,Little Busters!: Refrain,2013,Fall,TV,18195.0
1685,Little Witch Academia (TV),2017,Winter,TV,33489.0
1686,Liz to Aoi Tori,2018,Spring,Movie,35677.0
1687,Lodoss-tou Senki,1990,Spring,OVA,207.0
1688,Lodoss-tou Senki: Eiyuu Kishi Den,1998,Spring,TV,206.0
1689,Log Horizon,2013,Fall,TV,17265.0
1690,Log Horizon 2nd Season,2014,Fall,TV,23321.0
1691,Log Horizon: Entaku Houkai,2021,Winter,TV,41109.0
1692,Long Riders!,2016,Fall,TV,30652.0
1693,Lord El-Melloi II Sei no Jikenbo: Rail Zeppelin Grace Note,2019,Summer,TV,38959.0
1694,Lord of Vermilion: Guren no Ou,2018,Summer,TV,37601.0
1695,Lost Song,2018,Spring,TV,34338.0
1696,Lost Universe,1998,Spring,TV,1184.0
1697,Lostorage Conflated WIXOSS,2018,Spring,TV,34607.0
1698,Lostorage Incited WIXOSS,2016,Fall,TV,33197.0
1699,Love Hina,2000,Spring,TV,189.0
1700,Love Hina Again,2002,Winter,OVA,190.0
1701,Love Kome: We Love Rice,2017,Spring,TV Short,34402.0
1702,Love Kome: We Love Rice 2nd Season,2017,Fall,TV Short,35818.0
1703,Love Lab,2013,Summer,TV,16353.0
1704,Love Live! Nijigasaki Gakuen School Idol Doukoukai,2020,Fall,TV,40879.0
1705,Love Live! School Idol Project,2013,Winter,TV,15051.0
1706,Love Live! School Idol Project 2nd Season,2014,Spring,TV,19111.0
1707,Love Live! Sunshine!!,2016,Summer,TV,32526.0
1708,Love Live! Sunshine!! 2nd Season,2017,Fall,TV,34973.0
1709,Love Live! Sunshine!! The School Idol Movie: Over the Rainbow,2019,Winter,Movie,37027.0
1710,Love Live! The School Idol Movie,2015,Summer,Movie,24997.0
1711,Love Stage!!,2014,Summer,TV,21105.0
1712,Lovedol: Lovely Idol,2006,Fall,TV,1561.0
1713,Lovely Complex,2007,Spring,TV,2034.0
1714,Luck & Logic,2016,Winter,TV,32083.0
1715,Lucky☆Star,2007,Spring,TV,1887.0
1716,Lupin III,1971,Fall,TV,1412.0
1717,Lupin III,2015,Fall,TV,27947.0
1718,Lupin III: Part II,1977,Fall,TV,1425.0
1719,Lupin III: Part III,1984,Spring,TV,1426.0
1720,Lupin III: Part V,2018,Spring,TV,35857.0
1721,Lupin III: The First,2019,Fall,Movie,40082.0
1722,Lupin the IIIrd: Chikemuri no Ishikawa Goemon,2017,Winter,Movie,34021.0
1723,Lupin the IIIrd: Jigen Daisuke no Bohyou,2014,Spring,Movie,23293.0
1724,Lupin the IIIrd: Mine Fujiko no Uso,2019,Spring,Movie,39487.0
1725,Lupin the Third: Mine Fujiko to Iu Onna,2012,Spring,TV,13203.0
1726,M3: Sono Kuroki Hagane,2014,Spring,TV,23133.0
1727,Maburaho,2003,Fall,TV,193.0
1728,Macademi Wasshoi!,2008,Fall,TV,3654.0
1729,Mach GoGoGo,1967,Spring,TV,1445.0
1730,Machikado Mazoku,2019,Summer,TV,39071.0
1731,Machine-Doll wa Kizutsukanai,2013,Fall,TV,17247.0
1732,Machine Robo: Revenge of Chronos,1986,Summer,TV,3676.0
1733,Macross,1982,Fall,TV,1088.0
1734,Macross 7,1994,Fall,TV,1397.0
1735,Macross Δ,2016,Spring,TV,28013.0
1736,Macross Dynamite 7,1997,Fall,OVA,1398.0
1737,Macross F,2008,Spring,TV,3572.0
1738,Macross Zero,2002,Fall,OVA,194.0
1739,Madan no Ou to Vanadis,2014,Fall,TV,24455.0
1740,Made in Abyss,2017,Summer,TV,34599.0
1741,Made in Abyss Movie: Fukaki Tamashii no Reimei,2020,Winter,Movie,36862.0
1742,Madlax,2004,Spring,TV,252.0
1743,Madou King Granzort,1989,Spring,TV,2818.0
1744,Madou King Granzort: Bouken-hen,1992,Winter,OVA,7124.0
1745,Maesetsu!,2020,Fall,TV,40085.0
1746,Magatsu Wahrheit: Zuerst,2020,Fall,TV,37599.0
1747,Magi: Sinbad no Bouken (TV),2016,Spring,TV,31741.0
1748,Magi: The Kingdom of Magic,2013,Fall,TV,18115.0
1749,Magi: The Labyrinth of Magic,2012,Fall,TV,14513.0
1750,Magia Record: Mahou Shoujo Madoka☆Magica Gaiden,2020,Winter,TV,38256.0
1751,Magic Kaito 1412,2014,Fall,TV,25517.0
1752,Magic Knight Rayearth,1994,Fall,TV,435.0
1753,Magic Knight Rayearth II,1995,Spring,TV,1563.0
1754,Magic Kyun! Renaissance,2016,Fall,TV,33299.0
1755,Magical Nyan Nyan Taruto,2001,Summer,TV,952.0
1756,Magical☆Star Kanon 100%,2013,Spring,OVA,17725.0
1757,Magnerobo Ga-Keen,1976,Fall,TV,3932.0
1758,Mahoraba: Heartful days,2005,Winter,TV,519.0
1759,Mahoromatic 2,2002,Fall,TV,277.0
1760,Mahoromatic: Automatic Maiden,2001,Fall,TV,276.0
1761,Mahoromatic: I'm Home!,2009,Fall,Special,7066.0
1762,Mahoromatic Summer Special,2003,Summer,Special,631.0
1763,Mahou no Angel Sweet Mint,1990,Spring,TV,2040.0
1764,Mahou no Princess Minky Momo,1982,Spring,TV,518.0
1765,Mahou no Princess Minky Momo: Yume wo Dakishimete,1991,Fall,TV,5953.0
1766,Mahou Sensei Negima! Shiroki Tsubasa Ala Alba,2008,Summer,OVA,4188.0
1767,Mahou Senshi Louie,2001,Spring,TV,1164.0
1768,Mahou Sensou,2014,Winter,TV,19769.0
1769,Mahou Shoujo-tai Arusu,2004,Spring,TV Short,872.0
1770,Mahou Shoujo Ikusei Keikaku,2016,Fall,TV,33003.0
1771,Mahou Shoujo Lyrical Nanoha,2004,Fall,TV,76.0
1772,Mahou Shoujo Lyrical Nanoha A's,2005,Fall,TV,77.0
1773,Mahou Shoujo Lyrical Nanoha: Detonation,2018,Fall,Movie,35984.0
1774,Mahou Shoujo Lyrical Nanoha: Reflection,2017,Summer,Movie,17947.0
1775,Mahou Shoujo Lyrical Nanoha StrikerS,2007,Spring,TV,1915.0
1776,Mahou Shoujo Lyrical Nanoha: The Movie 1st,2010,Winter,Movie,4985.0
1777,Mahou Shoujo Lyrical Nanoha: The Movie 2nd A's,2012,Summer,Movie,10153.0
1778,Mahou Shoujo Lyrical Nanoha ViVid,2015,Spring,TV,25939.0
1779,Mahou Shoujo? Naria☆Girls,2016,Summer,TV Short,33394.0
1780,Mahou Shoujo Madoka★Magica,2011,Winter,TV,9756.0
1781,Mahou Shoujo Madoka★Magica: Hajimari no Monogatari,2012,Fall,Movie,11977.0
1782,Mahou Shoujo Madoka★Magica: Eien no Monogatari,2012,Fall,Movie,11979.0
1783,Mahou Shoujo Madoka★Magica: Hangyaku no Monogatari,2013,Fall,Movie,11981.0
1784,Mahou Shoujo Nante Mou Ii Desukara.,2016,Winter,TV Short,31793.0
1785,Mahou Shoujo Nante Mou Ii Desukara. 2nd Season,2016,Fall,TV Short,33795.0
1786,Mahou Shoujo Ore,2018,Spring,TV,36902.0
1787,Mahou Shoujo Pretty Sammy,1995,Summer,OVA,1918.0
1788,Mahou Shoujo Pretty Sammy (TV),1996,Fall,TV,1502.0
1789,Mahou Shoujo Site,2018,Spring,TV,36266.0
1790,Mahou Shoujo Taisen,2014,Spring,TV Short,21421.0
1791,Mahou Shoujo Tokushusen Asuka,2019,Winter,TV,37979.0
1792,Mahoujin Guru Guru,2017,Summer,TV,34745.0
1793,Mahouka Koukou no Rettousei,2014,Spring,TV,20785.0
1794,Mahouka Koukou no Rettousei: Raihousha-hen,2020,Fall,TV,40497.0
1795,Mahoutsukai no Yome,2017,Fall,TV,35062.0
1796,Mahoutsukai Precure!,2016,Winter,TV,31884.0
1797,Mahoutsukai Precure! Movie: Kiseki no Henshin! Cure Mofurun!,2016,Fall,Movie,33183.0
1798,Mahoutsukai Sally,1967,Winter,TV,3356.0
1799,Mahoutsukai Tai!,1996,Spring,OVA,629.0
1800,Mai-HiME,2004,Fall,TV,98.0
1801,Mai-Otome,2005,Fall,TV,99.0
1802,Mai-Otome 0: S.ifr,2008,Winter,OVA,3268.0
1803,Mai-Otome Zwei,2006,Fall,OVA,1609.0
1804,Maiko-san Chi no Makanai-san,2021,Winter,TV,41556.0
1805,Mairimashita! Iruma-kun,2019,Fall,TV,39196.0
1806,Maison Ikkoku,1986,Spring,TV,1453.0
1807,"Maou Gakuin no Futekigousha: Shijou Saikyou no Maou no Shiso, Tensei shite Shison-tachi no Gakkou e",2020,Summer,TV,40496.0
1808,Maji de Watashi ni Koi Shinasai!,2011,Fall,TV,10213.0
1809,Majimoji Rurumo,2014,Summer,TV,23945.0
1810,Majin Tantei Nougami Neuro,2007,Fall,TV,2985.0
1811,Majo demo Steady,1986,Summer,OVA,8889.0
1812,Majo no Tabitabi,2020,Fall,TV,40571.0
1813,Major 2nd,2018,Spring,TV,36565.0
1814,Major 2nd 2nd Season,2020,Spring,TV,40504.0
1815,Major S1,2004,Fall,TV,627.0
1816,Major S2,2006,Winter,TV,558.0
1817,Major S4,2008,Winter,TV,3226.0
1818,Major S5,2009,Winter,TV,5028.0
1819,Major S6,2010,Spring,TV,7655.0
1820,Majutsushi Orphen,1998,Fall,TV,1017.0
1821,Majutsushi Orphen Hagure Tabi,2020,Winter,TV,37576.0
1822,Majutsushi Orphen Hagure Tabi: Kimluck-hen,2021,Winter,TV,41573.0
1823,Majutsushi Orphen: Revenge,1999,Fall,TV,1018.0
1824,Makai Ouji: Devils and Realist,2013,Summer,TV,16890.0
1825,Makai Senki Disgaea,2006,Spring,TV,860.0
1826,Maken-Ki!,2011,Fall,TV,9936.0
1827,Maken-Ki! OVA,2012,Winter,OVA,11209.0
1828,Maken-Ki! Two,2014,Winter,TV,15565.0
1829,Makyou Densetsu Acrobunch,1982,Spring,TV,3880.0
1830,Mama wa Shougaku 4 Nensei,1992,Winter,TV,333.0
1831,Mameneko,2018,Winter,TV Short,36728.0
1832,Mamoru-kun ni Megami no Shukufuku wo!,2006,Fall,TV,1588.0
1833,Mamotte Shugogetten!,1998,Fall,TV,626.0
1834,Manga de Wakaru! Fate/Grand Order,2018,Fall,Special,38958.0
1835,Mangaka-san to Assistant-san to The Animation,2014,Spring,TV Short,21863.0
1836,Manyuu Hikenchou,2011,Summer,TV,10465.0
1837,Maou Dante,2002,Summer,TV,1628.0
1838,"Maou-sama, Retry!",2019,Summer,TV,38297.0
1839,Maoujou de Oyasumi,2020,Fall,TV,40397.0
1840,Maoyuu Maou Yuusha,2013,Winter,TV,14833.0
1841,Maple Town Monogatari,1986,Winter,TV,2223.0
1842,Märchen Mädchen,2018,Winter,TV,35997.0
1843,Maria†Holic,2009,Winter,TV,5030.0
1844,Maria†Holic Alive,2011,Spring,TV,9712.0
1845,Maria-sama ga Miteru,2004,Winter,TV,158.0
1846,Maria-sama ga Miteru 3rd,2006,Fall,OVA,1729.0
1847,Maria-sama ga Miteru 4th,2009,Winter,TV,3750.0
1848,Maria-sama ga Miteru: Haru,2004,Summer,TV,444.0
1849,Masamune Datenicle,2016,Spring,ONA,32248.0
1850,Masamune-kun no Revenge,2017,Winter,TV,33487.0
1851,Mashin Eiyuuden Wataru,1988,Spring,TV,3837.0
1852,Mashiro-iro Symphony: The Color of Lovers,2011,Fall,TV,10397.0
1853,Masou Gakuen HxH,2016,Summer,TV,31845.0
1854,Master Keaton,1998,Fall,TV,1483.0
1855,Master Keaton OVA,1999,Fall,OVA,1910.0
1856,Matantei Loki Ragnarok,2003,Spring,TV,335.0
1857,Mawaru Penguindrum,2011,Summer,TV,10721.0
1858,Mayo Chiki!,2011,Summer,TV,10110.0
1859,Mayoi Neko Overrun!,2010,Spring,TV,7590.0
1860,Mayoiga,2016,Spring,TV,32438.0
1861,Mayonaka no Occult Koumuin,2019,Spring,TV,37964.0
1862,Mazinger Z,1973,Winter,TV,2253.0
1863,Mazinkaiser SKL,2010,Fall,OVA,8666.0
1864,Medaka Box,2012,Spring,TV,11761.0
1865,Medaka Box Abnormal,2012,Fall,TV,14527.0
1866,Medarot Damashii,2000,Summer,TV,4052.0
1867,Megalo Box,2018,Spring,TV,36563.0
1868,Megami Paradise,1995,Spring,OVA,2528.0
1869,Meiji Tokyo Renka,2019,Winter,TV,34209.0
1870,Meitantei Holmes,1984,Fall,TV,1972.0
1871,Mekakucity Actors,2014,Spring,TV,21603.0
1872,Memories Off #5 Togireta Film The Animation,2006,Winter,OVA,1071.0
1873,Merc Storia: Mukiryoku no Shounen to Bin no Naka no Shoujo,2018,Fall,TV,37232.0
1874,Mermaid Forest,2003,Fall,TV,620.0
1875,Mewkledreamy,2020,Spring,TV,40327.0
1876,Miami Guns,2000,Winter,TV,783.0
1877,Micchiri Neko,2018,Winter,TV Short,36982.0
1878,Michiko to Hatchin,2008,Fall,TV,4087.0
1879,Midara na Ao-chan wa Benkyou ga Dekinai,2019,Spring,TV Short,38778.0
1880,Midori no Hibi,2004,Spring,TV,330.0
1881,Miira no Kaikata,2018,Winter,TV,35828.0
1882,Mikagura Gakuen Kumikyoku,2015,Spring,TV,28817.0
1883,Mikakunin de Shinkoukei,2014,Winter,TV,20541.0
1884,Military!,2015,Winter,TV Short,26085.0
1885,Milky Passion: Dougenzaka - Ai no Shiro,1990,Spring,OVA,16954.0
1886,Million Doll,2015,Summer,TV Short,29941.0
1887,Minami Kamakura Koukou Joshi Jitensha-bu,2017,Winter,TV,31422.0
1888,Minami-ke,2007,Fall,TV,2963.0
1889,Minami-ke Betsubara,2009,Spring,OVA,5713.0
1890,Minami-ke Natsuyasumi,2013,Summer,OVA,20221.0
1891,Minami-ke Okaeri,2009,Winter,TV,5162.0
1892,Minami-ke Okawari,2008,Winter,TV,3225.0
1893,Minami-ke Omatase,2012,Fall,OVA,14575.0
1894,Minami-ke Tadaima,2013,Winter,TV,14511.0
1895,Mini Toji,2019,Winter,TV Short,38673.0
1896,Minori Scramble!,2012,Winter,OVA,9523.0
1897,Mirai Keisatsu Urashiman,1983,Winter,TV,2933.0
1898,Mirai Nikki,2011,Fall,TV,10620.0
1899,Mirai Nikki Redial,2013,Spring,OVA,16762.0
1900,Mirai Robo Daltanias,1979,Spring,TV,4411.0
1901,Mirai Shounen Conan,1978,Spring,TV,302.0
1902,Miru Tights,2019,Spring,ONA,38935.0
1903,Miss Monochrome: The Animation,2013,Fall,TV Short,20033.0
1904,Miss Monochrome: The Animation 2,2015,Summer,TV Short,30384.0
1905,Miss Monochrome: The Animation 3,2015,Fall,TV Short,31560.0
1906,Mister Ajikko,1987,Fall,TV,3437.0
1907,Mitsuboshi Colors,2018,Winter,TV,35078.0
1908,Mitsudomoe,2010,Summer,TV,7627.0
1909,Mitsudomoe Zouryouchuu!,2011,Winter,TV,9510.0
1910,Mix: Meisei Story,2019,Spring,TV,38098.0
1911,Miyakawa-ke no Kuufuku,2013,Spring,ONA,17637.0
1912,Mizuiro,2003,Spring,OVA,1039.0
1913,MM!,2010,Fall,TV,8424.0
1914,Mnemosyne: Mnemosyne no Musume-tachi,2008,Winter,TV,3342.0
1915,Mo Dao Zu Shi,2018,Summer,ONA,37208.0
1916,Mo Dao Zu Shi 2,2019,Summer,ONA,38450.0
1917,Mob Psycho 100,2016,Summer,TV,32182.0
1918,Mob Psycho 100 II,2019,Winter,TV,37510.0
1919,Mobile Fighter G Gundam,1994,Spring,TV,96.0
1920,Mobile Police Patlabor,1989,Fall,TV,324.0
1921,Mobile Police Patlabor 2: The Movie,1993,Summer,Movie,1096.0
1922,Mobile Police Patlabor: Early Days,1988,Spring,OVA,1288.0
1923,Mobile Suit Gundam,1979,Spring,TV,80.0
1924,Mobile Suit Gundam 00,2007,Fall,TV,2581.0
1925,Mobile Suit Gundam 00 Second Season,2008,Fall,TV,3927.0
1926,Mobile Suit Gundam 0080: War in the Pocket,1989,Winter,OVA,82.0
1927,Mobile Suit Gundam 0083: Stardust Memory,1991,Spring,OVA,84.0
1928,Mobile Suit Gundam Age,2011,Fall,TV,10808.0
1929,Mobile Suit Gundam I,1981,Winter,Movie,1090.0
1930,Mobile Suit Gundam II: Soldiers of Sorrow,1981,Summer,Movie,1091.0
1931,Mobile Suit Gundam III: Encounters in Space,1982,Winter,Movie,1092.0
1932,Mobile Suit Gundam: Char's Counterattack,1988,Winter,Movie,87.0
1933,Mobile Suit Gundam: Iron-Blooded Orphans,2015,Fall,TV,31251.0
1934,Mobile Suit Gundam: Iron-Blooded Orphans 2nd Season,2016,Fall,TV,33051.0
1935,Mobile Suit Gundam MS IGLOO: The Hidden One Year War,2004,Summer,OVA,1917.0
1936,Mobile Suit Gundam MS IGLOO: Apocalypse 0079,2006,Spring,OVA,1916.0
1937,Mobile Suit Gundam MS IGLOO 2: Gravity of the Battlefront,2008,Fall,OVA,4232.0
1938,Mobile Suit Gundam-san,2014,Summer,TV Short,24835.0
1939,Mobile Suit Gundam Seed,2002,Fall,TV,93.0
1940,Mobile Suit Gundam Seed Destiny,2004,Fall,TV,94.0
1941,Mobile Suit Gundam: The 08th MS Team,1996,Winter,OVA,81.0
1942,Mobile Suit Gundam: The Origin - Advent of the Red Comet,2019,Spring,TV,39592.0
1943,Mobile Suit Gundam Thunderbolt,2015,Fall,ONA,31973.0
1944,Mobile Suit Gundam Thunderbolt 2nd Season,2017,Winter,ONA,34391.0
1945,Mobile Suit Gundam Unicorn,2010,Winter,OVA,6336.0
1946,Mobile Suit Gundam Unicorn RE:0096,2016,Spring,TV,32792.0
1947,Mobile Suit Gundam Wing,1995,Spring,TV,90.0
1948,Mobile Suit Gundam Wing: Endless Waltz,1997,Winter,OVA,91.0
1949,Mobile Suit Gundam ZZ,1986,Spring,TV,86.0
1950,Mobile Suit Victory Gundam,1993,Spring,TV,89.0
1951,Mobile Suit Zeta Gundam,1985,Spring,TV,85.0
1952,Moetan,2007,Summer,TV,2367.0
1953,Moetan Specials,2007,Fall,Special,4421.0
1954,Mokke,2007,Fall,TV,2931.0
1955,Momo Kyun Sword,2014,Summer,TV,22225.0
1956,Momokuri,2016,Winter,ONA,30014.0
1957,Mondaiji-tachi ga Isekai kara Kuru Sou Desu yo?,2013,Winter,TV,15315.0
1958,Monkey Punch: Manga Katsudou Daishashin,2004,Summer,TV,5343.0
1959,Mono no Kamisama Cocotama,2019,Fall,ONA,40437.0
1960,Monogatari Series: Second Season,2013,Summer,TV,17074.0
1961,Mononoke,2007,Summer,TV,2246.0
1962,Mononoke Hime,1997,Summer,Movie,164.0
1963,Monster,2004,Spring,TV,19.0
1964,Monster Farm: Legend e no Michi,2000,Spring,TV,13201.0
1965,Monster Hunter Stories: Ride On,2016,Fall,TV,31631.0
1966,Monster Musume no Iru Nichijou,2015,Summer,TV,30307.0
1967,Monster Musume no Oisha-san,2020,Summer,TV,40708.0
1968,Monster Strike,2015,Fall,ONA,30757.0
1969,Monster Strike The Animation,2018,Summer,ONA,38022.0
1970,Moshidora,2011,Spring,TV,9693.0
1971,Motto! Ojamajo Doremi,2001,Winter,TV,352.0
1972,Motto To LOVE-Ru,2010,Fall,TV,9181.0
1973,Mouretsu Pirates,2012,Winter,TV,8917.0
1974,Mouryou no Hako,2008,Fall,TV,4879.0
1975,Mouse,2003,Winter,TV Short,624.0
1976,Mousou Dairinin,2004,Winter,TV,323.0
1977,Moyashimon,2007,Fall,TV,3001.0
1978,Moyashimon Returns,2012,Summer,TV,13409.0
1979,Mugen no Juunin: Immortal,2019,Fall,ONA,39806.0
1980,Mugen no Ryvius,1999,Fall,TV,593.0
1981,Mugyutto! Black Clover,2019,Summer,ONA,40031.0
1982,Muhyo to Rouji no Mahouritsu Soudan Jimusho,2018,Summer,TV,37487.0
1983,Muhyo to Rouji no Mahouritsu Soudan Jimusho 2nd Season,2020,Summer,TV,39948.0
1984,Muka Muka Paradise,1993,Fall,TV,4086.0
1985,Munou na Nana,2020,Fall,TV,41619.0
1986,Murder Princess,2007,Winter,OVA,1696.0
1987,Murenase! Seton Gakuen,2020,Winter,TV,40483.0
1988,Musaigen no Phantom World,2016,Winter,TV,31442.0
1989,Musekinin Galaxy☆Tylor,2017,Summer,TV Short,35730.0
1990,Musekinin Kanchou Tylor,1993,Winter,TV,569.0
1991,Mushibugyou,2013,Spring,TV,17505.0
1992,Mushikago no Cagaster,2020,Winter,ONA,38663.0
1993,Mushishi,2005,Fall,TV,457.0
1994,Mushishi Zoku Shou,2014,Spring,TV,21939.0
1995,Mushoku Tensei: Isekai Ittara Honki Dasu,2021,Winter,TV,39535.0
1996,Muteki Choujin Zanbot 3,1977,Fall,TV,2200.0
1997,Muteki Kanban Musume,2006,Summer,TV,1738.0
1998,Muteki Koujin Daitarn 3,1978,Summer,TV,3305.0
1999,Muteki Robo Trider G7,1980,Winter,TV,4536.0
2000,Muv-Luv Alternative: Total Eclipse,2012,Summer,TV,11021.0
2001,Myself; Yourself,2007,Fall,TV,2926.0
2002,Nabari no Ou,2008,Spring,TV,3655.0
2003,Nagasarete Airantou,2007,Spring,TV,1722.0
2004,Nagato Yuki-chan no Shoushitsu,2015,Spring,TV,26351.0
2005,Nagi no Asukara,2013,Fall,TV,16067.0
2006,Najica Dengeki Sakusen,2001,Fall,TV,321.0
2007,Nakanohito Genome [Jikkyouchuu],2019,Summer,TV,37926.0
2008,Nakitai Watashi wa Neko wo Kaburu,2020,Spring,Movie,41168.0
2009,Nami yo Kiitekure,2020,Spring,TV,40513.0
2010,Namiuchigiwa no Muromi-san,2013,Spring,TV Short,16910.0
2011,Namu Amida Butsu!: Rendai Utena,2019,Spring,TV,38150.0
2012,Nana,2006,Spring,TV,877.0
2013,Nana Maru San Batsu,2017,Summer,TV,34580.0
2014,Nanaka 6/17,2003,Winter,TV,776.0
2015,Nanatsu-iro★Drops,2007,Summer,TV,1688.0
2016,Nanatsu no Bitoku,2018,Winter,TV Short,36847.0
2017,Nanatsu no Taizai,2014,Fall,TV,23755.0
2018,Nanatsu no Taizai: Funnu no Shinpan,2021,Winter,TV,41491.0
2019,Nanatsu no Taizai: Imashime no Fukkatsu,2018,Winter,TV,34577.0
2020,Nanatsu no Taizai: Kamigami no Gekirin,2019,Fall,TV,39701.0
2021,Nanatsu no Taizai: Seisen no Shirushi,2016,Summer,TV,31722.0
2022,Nanatsu no Taizai Movie: Tenkuu no Torawarebito,2018,Summer,Movie,35946.0
2023,Nanbaka,2016,Fall,TV,30016.0
2024,Nanbaka 2,2017,Winter,ONA,34414.0
2025,Nande Koko ni Sensei ga!?,2019,Spring,TV Short,38397.0
2026,Nande Koko ni Sensei ga!? Special,2019,Fall,Special,39689.0
2027,Narutaru: Mukuro Naru Hoshi Tama Taru Ko,2003,Summer,TV,838.0
2028,Naruto,2002,Fall,TV,20.0
2029,Naruto: Shippuuden,2007,Winter,TV,1735.0
2030,Natsu-iro Kiseki,2012,Spring,TV,12119.0
2031,Natsu no Arashi!,2009,Spring,TV,5597.0
2032,Natsume Yuujinchou,2008,Summer,TV,4081.0
2033,Natsume Yuujinchou Go,2016,Fall,TV,32983.0
2034,Natsume Yuujinchou Movie: Utsusemi ni Musubu,2018,Summer,Movie,36538.0
2035,Natsume Yuujinchou Roku,2017,Spring,TV,34591.0
2036,Natsume Yuujinchou San,2011,Summer,TV,10379.0
2037,Natsume Yuujinchou Shi,2012,Winter,TV,11665.0
2038,Natsuyuki Rendezvous,2012,Summer,TV,13585.0
2039,Nazo no Kanojo X,2012,Spring,TV,12467.0
2040,Nazotokine,2016,Fall,TV Short,33690.0
2041,Needless,2009,Summer,TV,6030.0
2042,Negima!?,2006,Fall,TV,1546.0
2043,Nejimaki Seirei Senki: Tenkyou no Alderamin,2016,Summer,TV,31764.0
2044,Nekketsu Saikyou Go-Saurer,1993,Spring,TV,5395.0
2045,Nekogami Yaoyorozu,2011,Summer,TV,9934.0
2046,Nekomonogatari: Kuro,2012,Fall,TV,15689.0
2047,Nekopara,2020,Winter,TV,38924.0
2048,Nekopara OVA,2017,Fall,OVA,34658.0
2049,Neon Genesis Evangelion,1995,Fall,TV,30.0
2050,Neon Genesis Evangelion: Death & Rebirth,1997,Winter,Movie,31.0
2051,Neon Genesis Evangelion: The End of Evangelion,1997,Summer,Movie,32.0
2052,Nerawareta Gakuen,2012,Fall,Movie,14293.0
2053,Nerima Daikon Brothers,2006,Winter,TV,1655.0
2054,Net-juu no Susume,2017,Fall,TV,36038.0
2055,Netoge no Yome wa Onnanoko ja Nai to Omotta?,2016,Spring,TV,31404.0
2056,Netsuzou TRap,2017,Summer,TV Short,34383.0
2057,New Dominion Tank Police,1993,Fall,OVA,1152.0
2058,New Game!,2016,Summer,TV,31953.0
2059,New Game!!,2017,Summer,TV,34914.0
2060,NHK ni Youkoso!,2006,Summer,TV,1210.0
2061,Ni no Kuni,2019,Summer,Movie,39235.0
2062,Nichijou,2011,Spring,TV,10165.0
2063,NieA Under 7,2000,Spring,TV,800.0
2064,Night Head Genesis,2006,Summer,TV,1243.0
2065,Night Wizard,2007,Fall,TV,2970.0
2066,Nihon Animator Mihonichi,2014,Fall,ONA,28149.0
2067,Nihon Chinbotsu 2020,2020,Summer,ONA,40515.0
2068,Nijiiro Days,2016,Winter,TV Short,31414.0
2069,Nijuu Mensou no Musume,2008,Spring,TV,3673.0
2070,Nil Admirari no Tenbin: Teito Genwaku Kitan,2018,Spring,TV,33850.0
2071,Ninin ga Shinobuden,2004,Summer,TV,229.0
2072,Ninja Collection,2020,Summer,TV Short,42260.0
2073,Ninja Senshi Tobikage,1985,Fall,TV,3059.0
2074,Ninja Slayer from Animation,2015,Spring,ONA,23605.0
2075,Ninkuu,1995,Winter,TV,912.0
2076,Ninpuu Kamui Gaiden,1969,Spring,TV,5023.0
2077,Nisekoi,2014,Winter,TV,18897.0
2078,Nisekoi:,2015,Spring,TV,27787.0
2079,Nisemonogatari,2012,Winter,TV,11597.0
2080,No.6,2011,Summer,TV,10161.0
2081,No Game No Life,2014,Spring,TV,19815.0
2082,No Game No Life: Zero,2017,Summer,Movie,33674.0
2083,No Guns Life,2019,Fall,TV,39539.0
2084,No Guns Life 2nd Season,2020,Summer,TV,40529.0
2085,Noblesse,2020,Fall,TV,41345.0
2086,Nobunaga Concerto,2014,Summer,TV,24135.0
2087,Nobunaga no Shinobi,2016,Fall,TV Short,32829.0
2088,Nobunaga no Shinobi: Anegawa Ishiyama-hen,2018,Spring,TV Short,37126.0
2089,Nobunaga no Shinobi: Ise Kanegasaki-hen,2017,Spring,TV Short,34978.0
2090,Nobunaga-sensei no Osanazuma,2019,Spring,TV Short,38814.0
2091,Nobunaga the Fool,2014,Winter,TV,21177.0
2092,Nobunagun,2014,Winter,TV,19855.0
2093,Nodame Cantabile,2007,Winter,TV,1698.0
2094,Nodame Cantabile Finale,2010,Winter,TV,5690.0
2095,Nodame Cantabile: Paris-hen,2008,Fall,TV,4477.0
2096,Noein: Mou Hitori no Kimi e,2005,Fall,TV,584.0
2097,Nogizaka Haruka no Himitsu,2008,Summer,TV,3467.0
2098,Nogizaka Haruka no Himitsu: Finale,2012,Summer,OVA,10928.0
2099,Nogizaka Haruka no Himitsu: Purezza,2009,Fall,TV,6023.0
2100,Noir,2001,Spring,TV,272.0
2101,Non Non Biyori,2013,Fall,TV,17549.0
2102,Non Non Biyori Movie: Vacation,2018,Summer,Movie,36990.0
2103,Non Non Biyori Nonstop,2021,Winter,TV,39808.0
2104,Non Non Biyori Repeat,2015,Summer,TV,23623.0
2105,Nora to Oujo to Noraneko Heart,2017,Summer,TV Short,32447.0
2106,Noragami,2014,Winter,TV,20507.0
2107,Noragami Aragoto,2015,Fall,TV,30503.0
2108,Norimono Man: Mobile Land no Car-kun,2020,Spring,TV Short,41384.0
2109,Norn9: Norn+Nonet,2016,Winter,TV,31452.0
2110,Nourin,2014,Winter,TV,18095.0
2111,Nozoki Ana,2013,Winter,OVA,17157.0
2112,Null Peta,2019,Fall,ONA,40178.0
2113,number24,2020,Winter,TV,39583.0
2114,Nurarihyon no Mago,2010,Summer,TV,7592.0
2115,Nurarihyon no Mago: Sennen Makyou,2011,Summer,TV,10049.0
2116,Nurse Angel Ririka SOS,1995,Summer,TV,616.0
2117,Nurse Witch Komugi-chan Magikarte,2002,Summer,OVA,615.0
2118,Nurse Witch Komugi-chan Magikarte Z,2004,Summer,OVA,921.0
2119,Nurse Witch Komugi-chan R,2016,Winter,TV,31890.0
2120,Nyan Koi!,2009,Fall,TV,6512.0
2121,Nyanbo!,2016,Fall,TV Short,32805.0
2122,Nyanko Days,2017,Winter,TV Short,34148.0
2123,Oban Star-Racers,2006,Spring,TV,1212.0
2124,Occultic;Nine,2016,Fall,TV,32962.0
2125,Ochikobore Fruit Tart,2020,Fall,TV,39609.0
2126,Oda Cinnamon Nobunaga,2020,Winter,TV,40136.0
2127,Oda Nobuna no Yabou,2012,Summer,TV,11933.0
2128,Ojamajo Doremi,1999,Winter,TV,350.0
2129,Ojamajo Doremi Sharp,2000,Winter,TV,351.0
2130,Ojisan to Marshmallow,2016,Winter,TV Short,31848.0
2131,Okawari-Boy Starzan-S,1984,Winter,TV,8799.0
2132,"Okoshiyasu, Chitose-chan",2018,Fall,TV Short,38089.0
2133,Okusama ga Seitokaichou!,2015,Summer,TV Short,28819.0
2134,Okusama ga Seitokaichou!+!,2016,Fall,TV Short,32603.0
2135,Okusama wa Joshikousei,2005,Summer,TV,470.0
2136,Olympia Kyklos,2020,Spring,TV Short,41266.0
2137,Omae wa Mada Gunma wo Shiranai,2018,Spring,TV Short,37258.0
2138,Omamori Himari,2010,Winter,TV,6324.0
2139,"Omiai Aite wa Oshiego, Tsuyokina, Mondaiji.",2017,Fall,TV Short,36198.0
2140,Omishi Mahou Gekijou: Risky★Safety,1999,Fall,TV Short,1300.0
2141,Omoikkiri Kagaku Adventure Sou Nanda!,2003,Fall,TV,2742.0
2142,Onara Gorou,2016,Summer,TV Short,33274.0
2143,One Outs,2008,Fall,TV,5040.0
2144,One Piece,1999,Fall,TV,21.0
2145,One Piece Movie 7: Karakuri-jou no Mecha Kyohei,2006,Winter,Movie,465.0
2146,One Punch Man,2015,Fall,TV,30276.0
2147,One Punch Man 2nd Season,2019,Spring,TV,34134.0
2148,One Punch Man Specials,2015,Fall,Special,31772.0
2149,One Room,2017,Winter,TV Short,34392.0
2150,One Room 2nd Season,2018,Summer,TV Short,36431.0
2151,One Room 3rd Season,2020,Fall,TV Short,41364.0
2152,Oneechan ga Kita,2014,Winter,TV Short,20931.0
2153,Onegai My Melody,2005,Spring,TV,2489.0
2154,Onegai♪My Melody Kirara★,2008,Spring,TV,5938.0
2155,Onegai My Melody: Kuru Kuru Shuffle!,2006,Spring,TV,4114.0
2156,Onegai My Melody Sukkiri♪,2007,Spring,TV Short,5520.0
2157,Onegai☆Teacher,2002,Winter,TV,195.0
2158,Onegai☆Twins,2003,Summer,TV,196.0
2159,Ongaku,2020,Winter,Movie,40331.0
2160,Ongaku Shoujo,2018,Summer,TV,37481.0
2161,Onigiri,2016,Spring,TV Short,32606.0
2162,Onihei,2017,Winter,TV,33983.0
2163,Oniichan dakedo Ai Sae Areba Kankeinai yo ne!,2012,Fall,TV,14199.0
2164,Oniichan no Koto nanka Zenzen Suki ja Nai n da kara ne!!,2011,Winter,TV,9587.0
2165,Oniisama e...,1991,Summer,TV,795.0
2166,Onmyouji: Heian Monogatari,2018,Summer,ONA,37641.0
2167,Onmyou Taisenki,2004,Fall,TV,613.0
2168,Onsen Yousei Hakone-chan,2015,Fall,TV Short,31143.0
2169,Ookami Kodomo no Ame to Yuki,2012,Summer,Movie,12355.0
2170,Ookami Shoujo to Kuro Ouji,2014,Fall,TV,23673.0
2171,Ookami to Koushinryou,2008,Winter,TV,2966.0
2172,Ookami to Koushinryou II,2009,Summer,TV,5341.0
2173,Ookami-san to Shichinin no Nakama-tachi,2010,Summer,TV,7769.0
2174,Ookamikakushi,2010,Winter,TV,7079.0
2175,Ookiku Furikabutte,2007,Spring,TV,2159.0
2176,Ookiku Furikabutte: Natsu no Taikai-hen,2010,Spring,TV,7720.0
2177,Ooyasan wa Shishunki!,2016,Winter,TV Short,31621.0
2178,Orange,2016,Summer,TV,32729.0
2179,Orange: Mirai,2016,Fall,Movie,34136.0
2180,Ore dake Haireru Kakushi Dungeon,2021,Winter,TV,41899.0
2181,"Ore ga Ojousama Gakkou ni ""Shomin Sample"" Toshite Gets♥Sareta Ken",2015,Fall,TV,25099.0
2182,Ore ga Suki nano wa Imouto dakedo Imouto ja Nai,2018,Fall,TV,36632.0
2183,Ore Monogatari!!,2015,Spring,TV,28297.0
2184,Ore no Imouto ga Konnani Kawaii Wake ga Nai,2010,Fall,TV,8769.0
2185,Ore no Imouto ga Konnani Kawaii Wake ga Nai Specials,2011,Winter,ONA,10020.0
2186,Ore no Imouto ga Konnani Kawaii Wake ga Nai.,2013,Spring,TV,13659.0
2187,Ore no Imouto ga Konnani Kawaii Wake ga Nai. Specials,2013,Summer,ONA,18857.0
2188,Ore no Kanojo to Osananajimi ga Shuraba Sugiru,2013,Winter,TV,14749.0
2189,"Ore no Nounai Sentakushi ga, Gakuen Love Comedy wo Zenryoku de Jama Shiteiru",2013,Fall,TV,19221.0
2190,"Ore, Twintails ni Narimasu.",2014,Fall,TV,24705.0
2191,Ore wo Suki nano wa Omae dake ka yo,2019,Fall,TV,38483.0
2192,Oretachi ni Tsubasa wa Nai: Under the Innocent Sky.,2011,Spring,TV,9922.0
2193,Osake wa Fuufu ni Natte kara,2017,Fall,TV Short,35484.0
2194,Oshi ga Budoukan Ittekuretara Shinu,2020,Winter,TV,37890.0
2195,Oshiete! Galko-chan,2016,Winter,TV Short,32013.0
2196,Oshiete Mahou no Pendulum: Rilu Rilu Fairilu,2018,Summer,TV Short,37328.0
2197,Osomatsu-san,2015,Fall,TV,31174.0
2198,Osomatsu-san 2,2017,Fall,TV,35067.0
2199,Osomatsu-san 3,2020,Fall,TV,42391.0
2200,Otome Game no Hametsu Flag shika Nai Akuyaku Reijou ni Tensei shiteshimatta...,2020,Spring,TV,38555.0
2201,Otome wa Boku ni Koishiteru,2006,Fall,TV,1569.0
2202,Otome wa Boku ni Koishiteru: Futari no Elder The Animation,2012,Summer,OVA,9988.0
2203,Otome Youkai Zakuro,2010,Fall,TV,8476.0
2204,Ougon Senshi Gold Lightan,1981,Spring,TV,7106.0
2205,Ougon Yuusha Goldran,1995,Winter,TV,5440.0
2206,Ouran Koukou Host Club,2006,Spring,TV,853.0
2207,Ousama Game The Animation,2017,Fall,TV,36027.0
2208,Oushitsu Kyoushi Heine,2017,Spring,TV,34262.0
2209,Outbreak Company,2013,Fall,TV,19369.0
2210,Overlord,2015,Summer,TV,29803.0
2211,Overlord II,2018,Winter,TV,35073.0
2212,Overlord III,2018,Summer,TV,37675.0
2213,Overlord: Ple Ple Pleiades,2016,Fall,OVA,33372.0
2214,Overman King Gainer,2002,Fall,TV,1792.0
2215,Owari no Seraph,2015,Spring,TV,26243.0
2216,Owari no Seraph: Nagoya Kessen-hen,2015,Fall,TV,28927.0
2217,Owarimonogatari,2015,Fall,TV,31181.0
2218,Owarimonogatari 2nd Season,2017,Summer,TV,35247.0
2219,Ozmafia!!,2016,Summer,TV Short,32697.0
2220,Pan de Peace!,2016,Spring,TV Short,31498.0
2221,Panda-Z: The Robonimation,2004,Spring,TV Short,2234.0
2222,Pandora Hearts,2009,Spring,TV,5530.0
2223,Pandora to Akubi,2019,Spring,Movie,39249.0
2224,Paniponi Dash!,2005,Summer,TV,490.0
2225,Panty & Stocking with Garterbelt,2010,Fall,TV,8795.0
2226,Papa no Iukoto wo Kikinasai!,2012,Winter,TV,11179.0
2227,Paprika,2006,Fall,Movie,1943.0
2228,Paradise Kiss,2005,Fall,TV,322.0
2229,PaRappa The Rapper,2001,Spring,TV,3736.0
2230,Pastel Life,2018,Spring,TV Short,37778.0
2231,Pastel Memories,2019,Winter,TV,37374.0
2232,Patapata Hikousen no Bouken,2002,Winter,TV,708.0
2233,Penguin Highway,2018,Summer,Movie,37407.0
2234,Penguin Musume♥Heart,2008,Spring,ONA,4136.0
2235,Penguin's Memory: Shiawase Monogatari,1985,Spring,Movie,16434.0
2236,Perfect Blue,1998,Winter,Movie,437.0
2237,Persona 3 the Movie 1: Spring of Birth,2013,Fall,Movie,14407.0
2238,Persona 3 the Movie 2: Midsummer Knight's Dream,2014,Spring,Movie,21473.0
2239,Persona 3 the Movie 3: Falling Down,2015,Spring,Movie,24543.0
2240,Persona 3 the Movie 4: Winter of Rebirth,2016,Winter,Movie,31149.0
2241,Persona 4 The Animation,2011,Fall,TV,10588.0
2242,Persona 4 the Golden Animation,2014,Summer,TV,24075.0
2243,Persona 5 the Animation,2018,Spring,TV,36023.0
2244,Persona: Trinity Soul,2008,Winter,TV,3366.0
2245,Pet,2020,Winter,TV,37522.0
2246,Peter Grill to Kenja no Jikan,2020,Summer,TV Short,40436.0
2247,Phantasy Star Online 2 The Animation,2016,Winter,TV,31223.0
2248,Phantasy Star Online 2: Episode Oracle,2019,Fall,TV,39506.0
2249,Phantom in the Twilight,2018,Summer,TV,37598.0
2250,Phantom: Requiem for the Phantom,2009,Spring,TV,5682.0
2251,Phantom The Animation,2004,Winter,OVA,438.0
2252,Piace: Watashi no Italian,2017,Winter,TV Short,33447.0
2253,Piano no Mori,2018,Spring,TV,36652.0
2254,Piano no Mori (TV) 2nd Season,2019,Winter,TV,37975.0
2255,Pikachin-Kit,2018,Winter,TV,36552.0
2256,Phi Brain: Kami no Puzzle,2011,Fall,TV,9981.0
2257,Phi Brain: Kami no Puzzle - Orpheus Order-hen,2012,Spring,TV,12753.0
2258,Phi Brain: Kami no Puzzle - Shukuteki! Rätsel-hen,2013,Fall,TV,15651.0
2259,Photokano,2013,Spring,TV,16397.0
2260,Photon,1997,Fall,OVA,1944.0
2261,Ping Pong The Animation,2014,Spring,TV,22135.0
2262,Pingu in the City,2017,Fall,TV Short,36259.0
2263,Pita Ten,2002,Spring,TV,162.0
2264,Planet With,2018,Summer,TV,37578.0
2265,Planetarian: Chiisana Hoshi no Yume,2016,Summer,ONA,33091.0
2266,Planetarian: Snow Globe,2021,Winter,OVA,40778.0
2267,Planetes,2003,Fall,TV,329.0
2268,Plastic Memories,2015,Spring,TV,27775.0
2269,Plastic Neesan,2011,Spring,ONA,10711.0
2270,Plawres Sanshirou,1983,Summer,TV,1873.0
2271,Plunderer,2020,Winter,TV,37345.0
2272,Pokemon,1997,Spring,TV,527.0
2273,Pokemon,2019,Fall,TV,40351.0
2274,Pokemon Advanced Generation,2002,Fall,TV,1564.0
2275,Pokemon Crystal: Raikou Ikazuchi no Densetsu,2001,Fall,Special,1525.0
2276,Pokemon Best Wishes!,2010,Fall,TV,9107.0
2277,Pokemon Best Wishes! Season 2,2012,Summer,TV,14093.0
2278,Pokemon Best Wishes! Season 2: Decolora Adventure,2013,Spring,TV,17873.0
2279,Pokemon Best Wishes! Season 2: Episode N,2013,Winter,TV,17115.0
2280,Pokemon Diamond & Pearl,2006,Fall,TV,1565.0
2281,Pokemon Housoukyoku,2003,Winter,TV,2363.0
2282,Pokemon Sun & Moon,2016,Fall,TV,34034.0
2283,Pokemon XY,2013,Fall,TV,19291.0
2284,Pokemon XY&Z,2015,Fall,TV,31592.0
2285,Popotan,2003,Spring,TV,610.0
2286,Poputepipikku,2018,Winter,TV,35330.0
2287,Poputepipikku Special,2019,Spring,Special,37596.0
2288,Potemayo,2007,Summer,TV,2744.0
2289,Poyopoyo Kansatsu Nikki,2012,Winter,TV Short,12021.0
2290,Precure All Stars Movie DX: Minna Tomodachi☆Kiseki no Zenin Daishuugou!,2009,Winter,Movie,5753.0
2291,Precure All Stars Movie DX2: Kibou no Hikari☆Rainbow Jewel wo Mamore!,2010,Winter,Movie,8133.0
2292,Precure All Stars Movie DX3: Mirai ni Todoke! Sekai wo Tsunagu☆Nijiiro no Hana,2011,Winter,Movie,9979.0
2293,Precure All Stars Movie: Haru no Carnival♪,2015,Winter,Movie,28511.0
2294,Precure All Stars Movie: Minna de Utau♪ - Kiseki no Mahou,2016,Winter,Movie,32160.0
2295,Precure All Stars Movie New Stage: Mirai no Tomodachi,2012,Winter,Movie,12221.0
2296,Precure All Stars Movie New Stage 2: Kokoro no Tomodachi,2013,Winter,Movie,16442.0
2297,Precure All Stars Movie New Stage 3: Eien no Tomodachi,2014,Winter,Movie,21031.0
2298,Precure Dream Stars! Movie,2017,Winter,Movie,34302.0
2299,Precure Miracle Leap Movie: Minna to no Fushigi na Ichinichi,2020,Fall,Movie,40587.0
2300,Precure Miracle Universe Movie,2019,Winter,Movie,38672.0
2301,Precure Super Stars! Movie,2018,Winter,Movie,36995.0
2302,Pretty Rhythm: Aurora Dream,2011,Spring,TV,10257.0
2303,Pretty Rhythm: Rainbow Live,2013,Spring,TV,17249.0
2304,Prince of Stride: Alternative,2016,Winter,TV,31559.0
2305,Princess Connect! Re:Dive,2020,Spring,TV,39292.0
2306,Princess Lover!,2009,Summer,TV,6201.0
2307,Princess Principal,2017,Summer,TV,35240.0
2308,Princess Tutu,2002,Summer,TV,721.0
2309,PriPara,2014,Summer,TV,23135.0
2310,PriPri Chii-chan!!,2017,Spring,TV Short,34799.0
2311,Prism Ark,2007,Fall,TV,1807.0
2312,Prison School,2015,Summer,TV,30240.0
2313,Project Scard: Praeter no Kizu,2021,Winter,TV,42825.0
2314,Promare,2019,Spring,Movie,35848.0
2315,Psycho Pass,2012,Fall,TV,13601.0
2316,Psycho Pass 2,2014,Fall,TV,23281.0
2317,Psycho-Pass 3,2019,Fall,TV,39491.0
2318,Psycho-Pass 3: First Inspector,2020,Winter,ONA,40858.0
2319,Psycho-Pass Movie,2015,Winter,Movie,21339.0
2320,Psycho-Pass: Sinners of the System Case.1 - Tsumi to Bachi,2019,Winter,Movie,37440.0
2321,Psycho-Pass: Sinners of the System Case.2 - First Guardian,2019,Winter,Movie,37441.0
2322,Psycho-Pass: Sinners of the System Case.3 - Onshuu no Kanata ni,2019,Winter,Movie,37442.0
2323,Psychoarmor Govarian,1983,Summer,TV,6428.0
2324,Puchi Pri*Yucie,2002,Fall,TV,327.0
2325,Puchimas!: Petit iDOLM@STER,2013,Winter,ONA,15649.0
2326,Puchimas!!: Petit Petit iDOLM@STER,2014,Spring,ONA,21073.0
2327,Pumpkin Scissors,2006,Fall,TV,1538.0
2328,Punchline,2015,Spring,TV,28617.0
2329,Puni Puni☆Poemii,2001,Winter,OVA,564.0
2330,Pupa,2014,Winter,TV Short,19315.0
2331,Puzzle & Dragon,2018,Spring,TV,37096.0
2332,Puzzle & Dragons Cross,2016,Summer,TV,32772.0
2333,Qualidea Code,2016,Summer,TV,32360.0
2334,Queen's Blade: Gyokuza wo Tsugu Mono,2009,Fall,TV,6633.0
2335,Queen's Blade: Rebellion,2012,Spring,TV,11859.0
2336,Queen's Blade: Rurou no Senshi,2009,Spring,TV,4719.0
2337,Queen's Blade: Utsukushiki Toushitachi,2010,Summer,OVA,8456.0
2338,Quiz Magic Academy: The Original Animation,2008,Summer,OVA,5080.0
2339,R-15,2011,Summer,TV,10611.0
2340,R.O.D OVA,2001,Spring,OVA,208.0
2341,R.O.D the TV,2003,Fall,TV,209.0
2342,Radiant,2018,Fall,TV,37202.0
2343,Radiant 2nd Season,2019,Fall,TV,39355.0
2344,Ragnarök the Animation,2004,Spring,TV,417.0
2345,RahXephon,2002,Winter,TV,165.0
2346,Rail Romanesque,2020,Fall,TV Short,40958.0
2347,Rail Wars!,2014,Summer,TV,23309.0
2348,Rainbow: Nisha Rokubou no Shichinin,2010,Spring,TV,6114.0
2349,Rakudai Kishi no Cavalry,2015,Fall,TV,30296.0
2350,Ramen Daisuki Koizumi-san,2018,Winter,TV,35298.0
2351,Ranma ½,1989,Spring,TV,210.0
2352,Ranma ½ OVA,1993,Fall,OVA,1007.0
2353,Ranpo Kitan: Game of Laplace,2015,Summer,TV,28619.0
2354,Rayearth,1997,Summer,OVA,1954.0
2355,RDG: Red Data Girl,2013,Spring,TV,14921.0
2356,Re-Kan!,2015,Spring,TV,25859.0
2357,Re:␣Hamatora,2014,Summer,TV,23421.0
2358,Re:Creators,2017,Spring,TV,34561.0
2359,Re: Cutie Honey,2004,Summer,OVA,151.0
2360,Re:Stage! Dream Days♪,2019,Summer,TV,38009.0
2361,Re:Zero kara Hajimeru Isekai Seikatsu,2016,Spring,TV,31240.0
2362,Re:Zero kara Hajimeru Isekai Seikatsu 2nd Season,2020,Summer,TV,39587.0
2363,Re:Zero kara Hajimeru Isekai Seikatsu 2nd Season Part 2,2021,Winter,TV,42203.0
2364,Re:Zero kara Hajimeru Isekai Seikatsu - Hyouketsu no Kizuna,2019,Fall,Movie,38414.0
2365,Re:Zero kara Hajimeru Isekai Seikatsu: Memory Snow,2018,Fall,Movie,36286.0
2366,Rec,2006,Winter,TV Short,710.0
2367,Recorder to Randoseru Do♪,2012,Winter,TV Short,11491.0
2368,Recorder to Randoseru Mi☆,2013,Summer,TV Short,18099.0
2369,Recorder to Randoseru Re♪,2012,Spring,TV Short,13377.0
2370,Redline,2009,Summer,Movie,6675.0
2371,Regalia: The Three Sacred Stars,2016,Summer,TV,32961.0
2372,Reikenzan: Eichi e no Shikaku,2017,Winter,TV,33019.0
2373,Reikenzan: Hoshikuzu-tachi no Utage,2016,Winter,TV,32094.0
2374,Rekka no Honoo,1997,Summer,TV,238.0
2375,Release the Spyce,2018,Fall,TV,37221.0
2376,ReLIFE,2016,Summer,TV,30015.0
2377,ReLIFE: Kanketsu-hen,2018,Winter,Special,35466.0
2378,Renai Boukun,2017,Spring,TV,32262.0
2379,RErideD: Tokigoe no Derrida,2018,Fall,TV,35835.0
2380,Revisions,2019,Winter,TV,37436.0
2381,Rewrite,2016,Summer,TV,31716.0
2382,Rewrite 2nd Season,2017,Winter,TV,34126.0
2383,Ribbon no Kishi,1967,Spring,TV,3024.0
2384,RideBack,2009,Winter,TV,4618.0
2385,Rifle Is Beautiful,2019,Fall,TV,38529.0
2386,Rikei ga Koi ni Ochita no de Shoumei shitemita.,2020,Winter,TV,38992.0
2387,Rinne no Lagrange,2012,Winter,TV,11227.0
2388,Rinne no Lagrange: Kamogawa Days,2012,Spring,OVA,13727.0
2389,Rinne no Lagrange Season 2,2012,Summer,TV,12281.0
2390,Rinshi!! Ekoda-chan,2019,Winter,TV,38162.0
2391,Rio: Rainbow Gate!,2011,Winter,TV,8241.0
2392,Ristorante Paradiso,2009,Spring,TV,5984.0
2393,Rizelmine,2002,Spring,TV,197.0
2394,Ro-Kyu-Bu!,2011,Summer,TV,10572.0
2395,Ro-Kyu-Bu! SS,2013,Summer,TV,16051.0
2396,RobiHachi,2019,Spring,TV,38707.0
2397,Robin Hood no Daibouken,1990,Summer,TV,2543.0
2398,RoboMasters the Animated Series,2017,Fall,TV,34903.0
2399,Robot Girls Z,2014,Winter,TV,19799.0
2400,Robotics;Notes,2012,Fall,TV,13599.0
2401,Rockman.EXE,2002,Spring,TV,1710.0
2402,Rockman.EXE Axess,2003,Fall,TV,2108.0
2403,Rockman.EXE Beast,2005,Fall,TV,2110.0
2404,Rockman.EXE Movie: Hikari to Yami no Program,2005,Winter,Movie,2111.0
2405,Rockman.EXE Stream,2004,Fall,TV,2109.0
2406,Rokka no Yuusha,2015,Summer,TV,28497.0
2407,Rokudenashi Majutsu Koushi to Akashic Records,2017,Spring,TV,32951.0
2408,Rokuhoudou Yotsuiro Biyori,2018,Spring,TV,36513.0
2409,Rokujouma no Shinryakusha!?,2014,Summer,TV,22865.0
2410,Rokushin Gattai GodMars,1981,Fall,TV,3399.0
2411,Rolling☆Girls,2015,Winter,TV,25867.0
2412,Romeo no Aoi Sora,1995,Winter,TV,2559.0
2413,Romeo x Juliet,2007,Spring,TV,1699.0
2414,Room Mate,2017,Spring,TV Short,34393.0
2415,Rosario to Vampire,2008,Winter,TV,2993.0
2416,Rosario to Vampire Capu2,2008,Fall,TV,4214.0
2417,Rose of Versailles,1979,Fall,TV,338.0
2418,Rozen Maiden,2004,Fall,TV,64.0
2419,Rozen Maiden,2013,Summer,TV,18041.0
2420,Rozen Maiden: Ouvertüre,2006,Fall,Special,1719.0
2421,Rozen Maiden: Träumend,2005,Fall,TV,65.0
2422,RPG Densetsu Hepoi,1990,Fall,TV,9061.0
2423,RS Keikaku: Rebirth Storage,2016,Spring,Special,32950.0
2424,Rumiko Takahashi Anthology,2003,Summer,TV,2486.0
2425,Runway de Waratte,2020,Winter,TV,40392.0
2426,Rurouni Kenshin: Meiji Kenkaku Romantan,1996,Winter,TV,45.0
2427,Ryuu no Haisha,2017,Winter,Special,34549.0
2428,Ryuugajou Nanana no Maizoukin (TV),2014,Spring,TV,21561.0
2429,Ryuuou no Oshigoto!,2018,Winter,TV,35905.0
2430,s.CRY.ed,2001,Summer,TV,168.0
2431,s.CRY.ed Alteration I: Tao,2011,Fall,Movie,10592.0
2432,s.CRY.ed Alteration II: Quan,2012,Winter,Movie,12223.0
2433,Sabagebu!,2014,Summer,TV,20709.0
2434,Saber Marionette J to X,1998,Fall,TV,1231.0
2435,Sacred Seven,2011,Summer,TV,10156.0
2436,Saenai Heroine no Sodatekata,2015,Winter,TV,23277.0
2437,Saenai Heroine no Sodatekata ♭,2017,Spring,TV,30727.0
2438,Saenai Heroine no Sodatekata ♭: Koi to Junjou no Service Kai,2017,Spring,TV,35338.0
2439,Saenai Heroine no Sodatekata Fine,2019,Fall,Movie,36885.0
2440,Saezuru Tori wa Habatakanai: The Clouds Gather,2020,Winter,Movie,39761.0
2441,Saijaku Muhai no Bahamut,2016,Winter,TV,30749.0
2442,Saiki Kusuo no Ψ-nan,2016,Summer,TV Short,33255.0
2443,Saiki Kusuo no Ψ-nan 2,2018,Winter,TV,34612.0
2444,"Saikin, Imouto no Yousu ga Chotto Okashiinda ga.",2014,Winter,TV,17777.0
2445,Saikyou Robot Daioja,1981,Winter,TV,4574.0
2446,Saiyuuki Reload Blast,2017,Summer,TV,33726.0
2447,Saint Seiya,1986,Fall,TV,1254.0
2448,Saint Seiya: Meiou Hades Elysion-hen,2008,Winter,OVA,3515.0
2449,Saint Seiya: Meiou Hades Juuni Kyuu-hen,2002,Fall,OVA,1257.0
2450,Saint Seiya: Meiou Hades Meikai-hen,2005,Fall,OVA,1253.0
2451,Saint Seiya Omega,2012,Spring,TV,12929.0
2452,Saint Seiya: Saintia Shou,2018,Fall,ONA,34539.0
2453,Saint Seiya: Soul of Gold,2015,Spring,ONA,28215.0
2454,Saishuu Heiki Kanojo,2002,Summer,TV,529.0
2455,Saiunkoku Monogatari,2006,Spring,TV,957.0
2456,Saiunkoku Monogatari 2nd Season,2007,Spring,TV,1914.0
2457,Sakamichi no Apollon,2012,Spring,TV,12531.0
2458,Sakamoto desu ga?,2016,Spring,TV,32542.0
2459,Sakasama no Patema,2013,Fall,Movie,12477.0
2460,Saki,2009,Spring,TV,5671.0
2461,Saki Achiga-hen: Episode of Side-A,2012,Spring,TV,10884.0
2462,Saki Achiga-hen: Episode of Side-A Specials,2013,Winter,Special,15989.0
2463,Saki Zenkoku-hen,2014,Winter,TV,16123.0
2464,Sakigake!! Cromartie Koukou,2003,Fall,TV Short,114.0
2465,Sakigake!! Otokojuku,1988,Winter,TV,2903.0
2466,Sakura Quest,2017,Spring,TV,34494.0
2467,Sakura Taisen,2000,Spring,TV,561.0
2468,Sakura Trick,2014,Winter,TV,20047.0
2469,Sakurada Reset,2017,Spring,TV,34102.0
2470,Sakurako-san no Ashimoto ni wa Shitai ga Umatteiru,2015,Fall,TV,30187.0
2471,Sakurasou no Pet na Kanojo,2012,Fall,TV,13759.0
2472,Samurai 7,2004,Summer,TV,166.0
2473,Samurai Champloo,2004,Spring,TV,205.0
2474,Samurai Deeper Kyou,2002,Summer,TV,419.0
2475,Samurai Flamenco,2013,Fall,TV,19365.0
2476,Sankarea,2012,Spring,TV,11499.0
2477,Sanrio Danshi,2018,Winter,TV,34839.0
2478,Sansha Sanyou,2016,Spring,TV,31564.0
2479,Santa Company,2014,Fall,Movie,16381.0
2480,Sanzoku no Musume Ronja,2014,Fall,TV,22359.0
2481,Saraiya Goyou,2010,Spring,TV,7588.0
2482,Sarazanmai,2019,Spring,TV,37426.0
2483,Saredo Tsumibito wa Ryuu to Odoru,2018,Spring,TV,33889.0
2484,Sarusuberi: Miss Hokusai,2015,Spring,Movie,23987.0
2485,Sasameki Koto,2009,Fall,TV,6203.0
2486,Sasami: Mahou Shoujo Club,2006,Spring,TV,1881.0
2487,Sasami: Mahou Shoujo Club 2,2006,Fall,TV,1882.0
2488,Sasami-san@Ganbaranai,2013,Winter,TV,14515.0
2489,Satsuriku no Tenshi,2018,Summer,TV,35994.0
2490,Sayonara no Asa ni Yakusoku no Hana wo Kazarou,2018,Winter,Movie,35851.0
2491,Sayonara Zetsubou Sensei,2007,Summer,TV,2605.0
2492,Scared Rider Xechs,2016,Summer,TV,33113.0
2493,Schoolgirl Strikers: Animation Channel,2017,Winter,TV,34289.0
2494,School Days,2007,Summer,TV,2476.0
2495,School Rumble,2004,Fall,TV,24.0
2496,School Rumble Ni Gakki,2006,Spring,TV,846.0
2497,Schwarzesmarken,2016,Winter,TV,30806.0
2498,Scrapped Princess,2003,Spring,TV,167.0
2499,SD Gundam World: Sangoku Souketsuden,2019,Summer,ONA,38715.0
2500,Sei Juushi Bismarck,1984,Fall,TV,2361.0
2501,Seihou Bukyou Outlaw Star,1998,Winter,TV,400.0
2502,Seihou Tenshi Angel Links,1999,Spring,TV,1226.0
2503,Seikai no Monshou,1999,Winter,TV,290.0
2504,Seikai no Senki,2000,Spring,TV,396.0
2505,Seikai no Senki II,2001,Summer,TV,397.0
2506,Seikai no Senki III,2005,Summer,OVA,398.0
2507,Seikaisuru Kado,2017,Spring,TV,32032.0
2508,Seiken no Blacksmith,2009,Fall,TV,5940.0
2509,Seiken Tsukai no World Break,2015,Winter,TV,22663.0
2510,Seikimatsu Occult Gakuin,2010,Summer,TV,6974.0
2511,Seikoku no Dragonar,2014,Spring,TV,21033.0
2512,Seikon no Qwaser,2010,Winter,TV,6500.0
2513,Seikon no Qwaser II,2011,Spring,TV,10073.0
2514,Seirei no Moribito,2007,Spring,TV,1827.0
2515,Seirei Tsukai no Blade Dance,2014,Summer,TV,22877.0
2516,Seiren,2017,Winter,TV,33836.0
2517,Seisen Cerberus: Ryuukoku no Fatalités,2016,Spring,TV,32595.0
2518,Seishun Buta Yarou wa Bunny Girl Senpai no Yume wo Minai,2018,Fall,TV,37450.0
2519,Seishun Buta Yarou wa Yumemiru Shoujo no Yume wo Minai,2019,Spring,Movie,38329.0
2520,Seitokai no Ichizon,2009,Fall,TV,5909.0
2521,Seitokai no Ichizon Lv.2,2012,Fall,ONA,10464.0
2522,Seitokai Yakuindomo,2010,Summer,TV,8675.0
2523,Seitokai Yakuindomo*,2014,Winter,TV,20847.0
2524,Sekai de Ichiban Tsuyoku Naritai!,2013,Fall,TV,11763.0
2525,Sekai Seifuku: Bouryaku no Zvezda,2014,Winter,TV,20973.0
2526,Sekaiichi Hatsukoi,2011,Spring,TV,9926.0
2527,Sekaiichi Hatsukoi 2,2011,Fall,TV,11123.0
2528,Sekaiichi Hatsukoi: Propose-hen,2020,Winter,Movie,40314.0
2529,Sekirei,2008,Summer,TV,4063.0
2530,Sekirei: Pure Engagement,2010,Summer,TV,5277.0
2531,Sekkou Boys,2016,Winter,TV Short,31540.0
2532,Selector Destructed WIXOSS,2016,Winter,Movie,31280.0
2533,Selector Infected WIXOSS,2014,Spring,TV,22273.0
2534,Selector Spread WIXOSS,2014,Fall,TV,24037.0
2535,Sen to Chihiro no Kamikakushi,2001,Summer,Movie,199.0
2536,Sengoku Basara,2009,Spring,TV,5355.0
2537,Sengoku Basara: Judge End,2014,Summer,TV,23201.0
2538,Sengoku Basara Two,2010,Summer,TV,6634.0
2539,Sengoku Choujuu Giga,2016,Fall,TV Short,33803.0
2540,Sengoku Majin Goushougun,1981,Summer,TV,2510.0
2541,Sengoku Night Blood,2017,Fall,TV,35251.0
2542,Sengoku Otome: Momoiro Paradox,2011,Spring,TV,10308.0
2543,Senjou no Valkyria,2009,Spring,TV,5507.0
2544,Senjou no Valkyria 3: Tagatame no Juusou,2011,Spring,OVA,9793.0
2545,Senjuushi,2018,Summer,TV,37571.0
2546,Senkaiden Houshin Engi,1999,Summer,TV,1108.0
2547,Senki Zesshou Symphogear AXZ,2017,Summer,TV,32836.0
2548,"Senki Zesshou Symphogear G: In the Distance, That Day, When the Star Became Music...",2013,Summer,TV,15793.0
2549,Senki Zesshou Symphogear GX: Believe in Justice and Hold a Determination to Fist.,2015,Summer,TV,21573.0
2550,"Senki Zesshou Symphogear: Meteoroid-Falling, Burning, and Disappear, Then...",2012,Winter,TV,11751.0
2551,Senki Zesshou Symphogear XV,2019,Summer,TV,32843.0
2552,Senkou no Night Raid,2010,Spring,TV,6973.0
2553,Sennen Joyuu,2002,Summer,Movie,1033.0
2554,Senran Kagura,2013,Winter,TV,15119.0
2555,Senran Kagura Estival Versus: Shoujo-tachi no Sentaku,2015,Winter,OVA,27967.0
2556,Senran Kagura Shinovi Master: Tokyo Youma-hen,2018,Fall,TV,36037.0
2557,Senryuu Shoujo,2019,Spring,TV Short,38787.0
2558,Sensei no Ojikan: Doki Doki School Hours,2004,Spring,TV,533.0
2559,Sensei no Ojikan: Doki Doki School Hours OVA,2004,Summer,OVA,6068.0
2560,Sentou Mecha Xabungle,1982,Winter,TV,2254.0
2561,Senyoku no Sigrdrifa,2020,Fall,TV,41372.0
2562,Senyuu.,2013,Winter,TV Short,15751.0
2563,Senyuu. 2,2013,Summer,TV Short,18523.0
2564,Serial Experiments Lain,1998,Summer,TV,339.0
2565,Servamp,2016,Summer,TV,31229.0
2566,Servamp Movie: Alice in the Garden,2018,Spring,Movie,36803.0
2567,Servant x Service,2013,Summer,TV,18119.0
2568,Seto no Hanayome,2007,Spring,TV,2104.0
2569,Sewayaki Kitsune no Senko-san,2019,Spring,TV,38759.0
2570,SF Saiyuuki Starzinger,1978,Spring,TV,1236.0
2571,"Shachou, Battle no Jikan Desu!",2020,Spring,TV,40783.0
2572,Shadowverse,2020,Spring,TV,40506.0
2573,Shakugan no Shana,2005,Fall,TV,355.0
2574,Shakugan no Shana II (Second),2007,Fall,TV,2787.0
2575,Shakugan no Shana III (Final),2011,Fall,TV,6773.0
2576,Shakugan no Shana S,2009,Fall,OVA,6572.0
2577,Shakugan no Shana SP: Koi to Onsen no Kougai Gakushuu!,2006,Fall,OVA,1531.0
2578,Shakunetsu no Takkyuu Musume,2016,Fall,TV,33031.0
2579,Shaman King,2001,Summer,TV,154.0
2580,Shangri-La,2009,Spring,TV,5220.0
2581,Sheng Shi Zhuang Niang,2018,Summer,ONA,37209.0
2582,Shichisei no Subaru,2018,Summer,TV,36316.0
2583,Shigatsu wa Kimi no Uso,2014,Fall,TV,23273.0
2584,Shigofumi,2008,Winter,TV,3420.0
2585,Shijou Saikyou no Deshi Kenichi,2006,Fall,TV,1559.0
2586,Shijou Saikyou no Deshi Kenichi OVA,2012,Spring,OVA,11813.0
2587,Shiki,2010,Summer,TV,7724.0
2588,Shikioriori,2018,Summer,Movie,37396.0
2589,Shimoneta to Iu Gainen ga Sonzai Shinai Taikutsu na Sekai,2015,Summer,TV,29786.0
2590,Shin Ace wo Nerae!,1978,Fall,TV,8542.0
2591,Shin Chuuka Ichiban!,2019,Fall,TV,39194.0
2592,Shin Chuuka Ichiban! 2nd Season,2021,Winter,TV,40957.0
2593,Shin Cutey Honey,1994,Spring,OVA,2497.0
2594,Shin Koihime†Musou,2009,Fall,TV,6112.0
2595,"Shin Koihime†Musou: Gunyuu, Minami no Shima de Bakansu wo Suru no Koto - Ato, Porori mo Aru yo!",2010,Summer,OVA,7774.0
2596,Shin Koihime†Musou: Otome Tairan,2010,Spring,TV,8057.0
2597,Shin Koihime†Musou: Otome Tairan - Gakuensai da yo! Zenin Shuugou no Koto,2011,Winter,OVA,10297.0
2598,Shin Mazinger Shougeki! Z-Hen,2009,Spring,TV,5485.0
2599,Shin-Men,2010,Fall,TV Short,9799.0
2600,Shin Minashigo Hutch,1974,Spring,TV,8139.0
2601,Shin Sakura Taisen the Animation,2020,Spring,TV,40403.0
2602,Shin Seiki Den Mars,2002,Fall,TV,1712.0
2603,Shin Shirayuki-hime Densetsu Pretear,2001,Spring,TV,100.0
2604,Shin Taketori Monogatari: 1000-nen Joou,1981,Spring,TV,1548.0
2605,Shin Tenchi Muyou!,1997,Spring,TV,538.0
2606,Shin Tennis no Ouji-sama OVA vs. Genius 10,2014,Fall,OVA,21755.0
2607,Shinchou Yuusha: Kono Yuusha ga Ore Tueee Kuse ni Shinchou Sugiru,2019,Fall,TV,38659.0
2608,Shingeki! Kyojin Chuugakkou,2015,Fall,TV,31374.0
2609,Shingeki no Bahamut: Genesis,2014,Fall,TV,21843.0
2610,Shingeki no Bahamut: Virgin Soul,2017,Spring,TV,30736.0
2611,Shingeki no Kyojin,2013,Spring,TV,16498.0
2612,Shingeki no Kyojin: Lost Girls,2017,Fall,OVA,36106.0
2613,Shingeki no Kyojin Movie 1: Guren no Yumiya,2014,Fall,Movie,23775.0
2614,Shingeki no Kyojin Movie 2: Jiyuu no Tsubasa,2015,Spring,Movie,23777.0
2615,Shingeki no Kyojin OVA,2013,Fall,OVA,18397.0
2616,Shingeki no Kyojin Season 2,2017,Spring,TV,25777.0
2617,Shingeki no Kyojin Season 2 Movie: Kakusei no Houkou,2018,Winter,Movie,36702.0
2618,Shingeki no Kyojin Season 3,2018,Summer,TV,35760.0
2619,Shingeki no Kyojin Season 3 Part 2,2019,Spring,TV,38524.0
2620,Shingeki no Kyojin: The Final Season,2020,Fall,TV,40028.0
2621,Shingetsutan Tsukihime,2003,Fall,TV,169.0
2622,Shinigami no Ballad.,2006,Spring,TV,789.0
2623,Shining Hearts: Shiawase no Pan,2012,Spring,TV,12367.0
2624,Shining Tears X Wind,2007,Spring,TV,2031.0
2625,Shinkansen Henkei Robo Shinkalion: Mirai kara Kita Shinsoku no ALFA-X,2019,Fall,Movie,39967.0
2626,Shinkansen Henkei Robo Shinkalion The Animation,2018,Winter,TV,36531.0
2627,Shinkyoku Soukai Polyphonica,2007,Spring,TV,1727.0
2628,Shinkyoku Soukai Polyphonica Crimson S,2009,Spring,TV,5504.0
2629,Shinmai Maou no Testament,2015,Winter,TV,23233.0
2630,Shinmai Maou no Testament Burst,2015,Fall,TV,30363.0
2631,Shinmai Maou no Testament OVA,2015,Spring,OVA,29027.0
2632,Shinrei Tantei Yakumo,2010,Fall,TV,7662.0
2633,Shinreigari: Ghost Hound,2007,Fall,TV,2596.0
2634,Shinryaku! Ika Musume,2010,Fall,TV,8557.0
2635,Shinryaku!? Ika Musume,2011,Fall,TV,10378.0
2636,Shinryaku!! Ika Musume,2012,Summer,OVA,13267.0
2637,Shinsekai yori,2012,Fall,TV,13125.0
2638,Shinya! Tensai Bakabon,2018,Summer,TV,37662.0
2639,Shinzou Ningen Casshern,1973,Fall,TV,4810.0
2640,Shion no Ou,2007,Fall,TV,2562.0
2641,Shirobako,2014,Fall,TV,25835.0
2642,Shirobako Movie,2020,Winter,Movie,37804.0
2643,Shirobako Specials,2015,Winter,Special,28105.0
2644,Shirogane no Ishi: Argevollen,2014,Summer,TV,23325.0
2645,Shirokuma Cafe,2012,Spring,TV,12815.0
2646,Shironeko Project: Zero Chronicle,2020,Spring,TV,38843.0
2647,Shokugeki no Souma: Food Wars,2015,Spring,TV,28171.0
2648,Shokugeki no Souma: Gou no Sara,2020,Spring,TV,40902.0
2649,Shokugeki no Souma: Ni no Sara,2016,Summer,TV,32282.0
2650,Shokugeki no Souma: San no Sara,2017,Fall,TV,35788.0
2651,Shokugeki no Souma: San no Sara - Toutsuki Ressha-hen,2018,Spring,TV,36949.0
2652,Shokugeki no Souma: Shin no Sara,2019,Fall,TV,39940.0
2653,Shoujo☆Conto All Starlight,2019,Summer,ONA,39643.0
2654,Shoujo☆Kageki Revue Starlight,2018,Summer,TV,35503.0
2655,Shoujo Kakumei Utena,1997,Spring,TV,440.0
2656,Shoujo Shuumatsu Ryokou,2017,Fall,TV,35838.0
2657,Shoujo-tachi wa Kouya wo Mezasu,2016,Winter,TV,31914.0
2658,Shoukoku no Altair,2017,Summer,TV,34547.0
2659,Shoumetsu Toshi,2019,Spring,TV,37952.0
2660,Shounen Ashibe: Go! Go! Goma-chan,2016,Spring,TV Short,32571.0
2661,Shounen Maid,2016,Spring,TV,32175.0
2662,Shounen Onmyouji,2006,Fall,TV,1557.0
2663,Shouwa Genroku Rakugo Shinjuu,2016,Winter,TV,28735.0
2664,Shouwa Genroku Rakugo Shinjuu: Sukeroku Futatabi-hen,2017,Winter,TV,33095.0
2665,Show By Rock!!,2015,Spring,TV,27441.0
2666,Show By Rock!! #,2016,Fall,TV,32038.0
2667,Show By Rock!! Mashumairesh!!,2020,Winter,TV,40763.0
2668,Show By Rock!! Short!!,2016,Summer,TV Short,32039.0
2669,Show by Rock!! Stars!!,2021,Winter,TV,41520.0
2670,Shuffle!,2005,Summer,TV,79.0
2671,Shugo Chara!,2007,Fall,TV,2923.0
2672,Shugo Chara!! Doki,2008,Fall,TV,5262.0
2673,Shukufuku no Campanella,2010,Summer,TV,6979.0
2674,"Shuudengo, Capsule Hotel de, Joushi ni Binetsu Tsutawaru Yoru.",2018,Fall,TV Short,38212.0
2675,Shuumatsu Nani Shitemasu ka? Isogashii desu ka? Sukutte Moratte Ii desu ka?,2017,Spring,TV,33502.0
2676,Shuumatsu no Izetta,2016,Fall,TV,33433.0
2677,Sidonia no Kishi,2014,Spring,TV,19775.0
2678,Sidonia no Kishi: Daikyuu Wakusei Seneki,2015,Spring,TV,24893.0
2679,Silent Möbius,1998,Spring,TV,1517.0
2680,Sin: Nanatsu no Taizai,2017,Spring,TV,33834.0
2681,Simoun,2006,Spring,TV,879.0
2682,Sirius the Jaeger,2018,Summer,TV,37569.0
2683,Sister Princess,2001,Spring,TV,836.0
2684,Sister Princess: Re Pure,2002,Fall,TV,835.0
2685,SK∞,2021,Winter,TV,42923.0
2686,Skate-Leading☆Stars,2021,Winter,TV,40786.0
2687,SKET Dance,2011,Spring,TV,9863.0
2688,Sketchbook: Full Color's,2007,Fall,TV,2942.0
2689,Skip Beat!,2008,Fall,TV,4722.0
2690,Skirt no Naka wa Kedamono Deshita.,2017,Summer,ONA,35629.0
2691,Slam Dunk,1993,Fall,TV,170.0
2692,Slayers,1995,Spring,TV,534.0
2693,Slayers Evolution-R,2009,Winter,TV,5233.0
2694,Slayers Next,1996,Spring,TV,535.0
2695,Slayers Revolution,2008,Summer,TV,4028.0
2696,Slayers Try,1997,Spring,TV,1172.0
2697,Slow Start,2018,Winter,TV,35540.0
2698,Smile Precure!,2012,Winter,TV,12191.0
2699,Smile Precure! Movie: Ehon no Naka wa Minna Chiguhagu!,2012,Fall,Movie,15307.0
2700,So Ra No Wo To,2010,Winter,TV,6802.0
2701,Softenni,2011,Spring,TV,10109.0
2702,Sola,2007,Spring,TV,1965.0
2703,Somali to Mori no Kamisama,2020,Winter,TV,39575.0
2704,SoniAni: Super Sonico The Animation,2014,Winter,TV,20555.0
2705,Sonic★the★Hedgehog,1996,Winter,OVA,2263.0
2706,Sonic X,2003,Spring,TV,1816.0
2707,"Sono Toki, Kanojo wa.",2018,Fall,TV Short,38251.0
2708,Sora no Aosa wo Shiru Hito yo,2019,Fall,Movie,39569.0
2709,Sora no Manimani,2009,Summer,TV,6098.0
2710,Sora no Method,2014,Fall,TV,23209.0
2711,Sora no Otoshimono,2009,Fall,TV,5958.0
2712,Sora no Otoshimono: Forte,2010,Fall,TV,8407.0
2713,Sora to Umi no Aida,2018,Fall,TV,36000.0
2714,Sora wo Kakeru Shoujo,2009,Winter,TV,5307.0
2715,Sora wo Miageru Shoujo no Hitomi ni Utsuru Sekai,2009,Winter,TV,5702.0
2716,Sora yori mo Tooi Basho,2018,Winter,TV,35839.0
2717,Sore dake ga Neck,2020,Fall,TV Short,42883.0
2718,Sore ga Seiyuu!,2015,Summer,TV,29163.0
2719,Soredemo Machi wa Mawatteiru,2010,Fall,TV,8726.0
2720,Soredemo Sekai wa Utsukushii,2014,Spring,TV,22101.0
2721,Soukou Kihei Votoms,1983,Spring,TV,2582.0
2722,Soukou Musume Senki,2021,Winter,TV,36458.0
2723,Soukou no Strain,2006,Fall,TV,1602.0
2724,Soukyuu no Fafner: Dead Aggressor,2004,Summer,TV,75.0
2725,Soukyuu no Fafner: Dead Aggressor - Exodus,2015,Winter,TV,17080.0
2726,Soukyuu no Fafner: Dead Aggressor - Exodus 2nd Season,2015,Fall,TV,30549.0
2727,Soukyuu no Fafner: Dead Aggressor - The Beyond,2019,Spring,Movie,34649.0
2728,Soukyuu no Fafner: Dead Aggressor - The Beyond Part 2,2019,Fall,Movie,40109.0
2729,Soukyuu no Fafner: Dead Aggressor - The Beyond Part 3,2020,Fall,Movie,41714.0
2730,Soul Buster,2016,Fall,TV Short,33775.0
2731,Soul Eater,2008,Spring,TV,3588.0
2732,Soul Eater NOT!,2014,Spring,TV,21507.0
2733,Soul Link,2006,Spring,TV,854.0
2734,Sounan Desu ka?,2019,Summer,TV Short,39456.0
2735,Souryo to Majiwaru Shikiyoku no Yoru ni...,2017,Spring,TV Short,34823.0
2736,Sousei no Aquarion,2005,Spring,TV,478.0
2737,Sousei no Onmyouji,2016,Spring,TV,32105.0
2738,Soushin Shoujo Matoi,2016,Fall,TV,33668.0
2739,Souten Kouro,2009,Spring,TV,5226.0
2740,Souten no Ken: Regenesis,2018,Spring,TV,36655.0
2741,Souten no Ken: Regenesis 2nd Season,2018,Fall,TV,37388.0
2742,Space Cobra,1982,Fall,TV,2451.0
2743,Space☆Dandy,2014,Winter,TV,20057.0
2744,Space☆Dandy 2nd Season,2014,Summer,TV,23327.0
2745,Special A,2008,Spring,TV,3470.0
2746,Speed Grapher,2005,Spring,TV,198.0
2747,Spiral: Suiri no Kizuna,2002,Fall,TV,341.0
2748,Spiritpact,2017,Winter,ONA,33605.0
2749,Spiritpact 2,2018,Winter,TV,36522.0
2750,Spoon Oba-san,1983,Spring,TV Short,2612.0
2751,SSSS.Gridman,2018,Fall,TV,35847.0
2752,Stand My Heroes: Piece of Truth,2019,Fall,TV,38331.0
2753,Star Driver: Kagayaki no Takuto,2010,Fall,TV,8934.0
2754,Star Driver the Movie,2013,Winter,Movie,12857.0
2755,Star Ocean EX,2001,Spring,TV,1005.0
2756,Star☆Twinkle Precure,2019,Winter,TV,38578.0
2757,Star☆Twinkle Precure: Hoshi no Uta ni Omoi wo Komete,2019,Fall,Movie,38850.0
2758,Starmyu 2nd Season,2017,Spring,TV,33362.0
2759,Starmyu 3rd Season,2019,Summer,TV,36536.0
2760,Starship Operators,2005,Winter,TV,342.0
2761,Steins;Gate,2011,Spring,TV,9253.0
2762,Steins;Gate 0,2018,Spring,TV,30484.0
2763,Steins;Gate Movie: Fuka Ryouiki no Déjà vu,2013,Spring,Movie,11577.0
2764,Stella Jogakuin Koutou-ka C³-bu,2013,Summer,TV,17821.0
2765,Stella no Mahou,2016,Fall,TV,32555.0
2766,Strange Dawn,2000,Summer,TV,171.0
2767,Strawberry Panic,2006,Spring,TV,855.0
2768,Strike the Blood,2013,Fall,TV,18277.0
2769,Strike the Blood II,2016,Fall,OVA,33286.0
2770,Strike the Blood III,2018,Fall,OVA,37449.0
2771,Strike the Blood IV,2020,Spring,OVA,40485.0
2772,Strike the Blood: Kieta Seisou-hen,2020,Winter,OVA,40486.0
2773,Strike the Blood: Valkyria no Oukoku-hen,2015,Fall,OVA,30321.0
2774,Strike Witches,2008,Summer,TV,3667.0
2775,Strike Witches 2,2010,Summer,TV,6381.0
2776,Strike Witches: 501 Butai Hasshin Shimasu!,2019,Spring,TV Short,38004.0
2777,Strike Witches: Operation Victory Arrow,2014,Fall,OVA,23725.0
2778,Strike Witches: Road to Berlin,2020,Fall,TV,38005.0
2779,Subete ga F ni Naru: The Perfect Insider,2015,Fall,TV,28621.0
2780,Sugar Bunnies Fleur,2009,Spring,TV Short,6481.0
2781,Sugar Sugar Rune,2005,Summer,TV,1642.0
2782,Suisei no Gargantia,2013,Spring,TV,16524.0
2783,Suite Precure♪,2011,Winter,TV,9893.0
2784,Suite Precure♪ Movie: Torimodose! Kokoro ga Tsunagu Kiseki no Melody♪,2011,Fall,Movie,10821.0
2785,Suki ni Naru Sono Shunkan wo: Kokuhaku Jikkou Iinkai,2016,Fall,Movie,33036.0
2786,Sukitte Ii na yo.,2012,Fall,TV,14289.0
2787,Sunoharasou no Kanrinin-san,2018,Summer,TV,36817.0
2788,Super GALS! Kotobuki Ran,2001,Spring,TV,1728.0
2789,Super Lovers,2016,Spring,TV,31680.0
2790,Super Lovers 2,2017,Winter,TV,33417.0
2791,Super Robot Taisen OG: The Inspector,2010,Fall,TV,9241.0
2792,Super Shiro,2019,Fall,TV Short,39183.0
2793,Supernatural The Animation,2011,Winter,OVA,8986.0
2794,Sushi Police,2016,Winter,TV Short,31633.0
2795,Suzakinishi the Animation,2015,Summer,TV Short,30826.0
2796,Suzuka,2005,Summer,TV,390.0
2797,Suzumiya Haruhi-chan no Yuuutsu,2009,Winter,ONA,5118.0
2798,Suzumiya Haruhi no Shoushitsu,2010,Winter,Movie,7311.0
2799,Suzumiya Haruhi no Yuuutsu,2006,Spring,TV,849.0
2800,Suzumiya Haruhi no Yuuutsu,2009,Spring,TV,4382.0
2801,Sword Art Online,2012,Summer,TV,11757.0
2802,Sword Art Online: Alicization,2018,Fall,TV,36474.0
2803,Sword Art Online: Alicization - War of Underworld,2019,Fall,TV,39597.0
2804,Sword Art Online: Alicization - War of Underworld 2nd Season,2020,Summer,TV,40540.0
2805,Sword Art Online: Alicization - War of Underworld Reflection,2019,Fall,TV,40489.0
2806,Sword Art Online II,2014,Summer,TV,21881.0
2807,Sword Art Online Alternative: Gun Gale Online,2018,Spring,TV,36475.0
2808,Sword Art Online Movie: Ordinal Scale,2017,Winter,Movie,31765.0
2809,Sword Gai: The Animation,2018,Winter,ONA,27783.0
2810,T.P. Sakura: Time Paladin Sakura,2011,Winter,OVA,9393.0
2811,Ta ga Tame no Alchemist,2019,Spring,Movie,37262.0
2812,Taboo Tattoo,2016,Summer,TV,29758.0
2813,Tachibanakan Triangle,2018,Spring,TV Short,36943.0
2814,Tada-kun wa Koi wo Shinai,2018,Spring,TV,36470.0
2815,Taifuu no Noruda,2015,Spring,Movie,30585.0
2816,Taiho Shichau zo,1994,Summer,OVA,1577.0
2817,Taiho Shichau zo (TV),1996,Fall,TV,1372.0
2818,Taiho Shichau zo: Second Season,2001,Spring,TV,2014.0
2819,Taiho Shichau zo: Full Throttle,2007,Fall,TV,3000.0
2820,Taimadou Gakuen 35 Shiken Shoutai,2015,Fall,TV,24133.0
2821,Taishou Chicchai-san,2017,Fall,TV Short,34411.0
2822,Taishou Yakyuu Musume.,2009,Summer,TV,5141.0
2823,Taisou Zamurai,2020,Fall,TV,42668.0
2824,Taiyou no Kiba Dagram,1981,Fall,TV,2257.0
2825,Taiyou no Yuusha Fighbird,1991,Winter,TV,4532.0
2826,Takamiya Nasuno Desu!: Teekyuu Spin-off,2015,Spring,TV Short,28861.0
2827,Takanashi Rikka Kai: Chuunibyou demo Koi ga Shitai! Movie,2013,Summer,Movie,19021.0
2828,Takarajima,1978,Fall,TV,2618.0
2829,Takunomi.,2018,Winter,TV Short,36108.0
2830,Tales of Eternia The Animation,2001,Winter,TV,445.0
2831,Tales of Gekijou,2012,Winter,Special,12699.0
2832,Tales of Phantasia The Animation,2004,Fall,OVA,391.0
2833,Tales of Symphonia The Animation: Sekai Tougou-hen,2011,Fall,OVA,8995.0
2834,Tales of Symphonia The Animation: Sylvarant-hen,2007,Spring,OVA,1731.0
2835,Tales of Symphonia The Animation: Tethe'alla-hen,2010,Winter,OVA,5306.0
2836,Tales of the Abyss,2008,Fall,TV,4884.0
2837,Tales of Zestiria the X,2016,Summer,TV,30911.0
2838,Tales of Zestiria the X 2nd Season,2017,Winter,TV,34086.0
2839,Tamako Love Story,2014,Spring,Movie,21647.0
2840,Tamako Market,2013,Winter,TV,16417.0
2841,Tamayomi,2020,Spring,TV,39966.0
2842,Tamayura,2010,Summer,OVA,9055.0
2843,Tamayura: Hitotose,2011,Fall,TV,10232.0
2844,"Tamayura: Hitotose - Attakai Kaze no Omoide, Nanode",2012,Spring,Special,11793.0
2845,Tamayura: More Aggressive,2013,Summer,TV,15731.0
2846,Tamayura: Sotsugyou Shashin Part 1 - Kizashi,2015,Spring,Movie,25729.0
2847,Tamayura: Sotsugyou Shashin Part 3 - Akogare,2015,Fall,Movie,29830.0
2848,Tamayura: Sotsugyou Shashin Part 4 - Ashita,2016,Spring,Movie,29831.0
2849,Tanaka-kun wa Itsumo Kedaruge,2016,Spring,TV,32093.0
2850,Tantei Gakuen Q,2003,Spring,TV,407.0
2851,Tantei Kageki Milky Holmes TD,2015,Winter,TV,27629.0
2852,Tantei Opera Milky Holmes,2010,Fall,TV,7768.0
2853,Tantei Opera Milky Holmes: Alternative,2012,Summer,Special,14647.0
2854,Tantei Opera Milky Holmes Dai 2 Maku,2012,Winter,TV,11341.0
2855,Tantei Opera Milky Holmes: Psycho no Aisatsu,2018,Fall,Special,38540.0
2856,Tantei Opera Milky Holmes: Summer Special,2011,Summer,Special,10923.0
2857,Tari Tari,2012,Summer,TV,13333.0
2858,Tasogare Otome x Amnesia,2012,Spring,TV,12445.0
2859,Tatakae!! Ramenman,1988,Winter,TV,4427.0
2860,Tatakau Shisho: The Book of Bantorra,2009,Fall,TV,6758.0
2861,Tate no Yuusha no Nariagari,2019,Winter,TV,35790.0
2862,Tatoeba Last Dungeon Mae no Mura no Shounen ga Joban no Machi de Kurasu Youna Monogatari,2021,Winter,TV,40594.0
2863,Tayutama: Kiss on My Deity,2009,Spring,TV,5734.0
2864,Tears to Tiara,2009,Spring,TV,3594.0
2865,Teekyuu,2012,Fall,TV Short,15125.0
2866,Teekyuu 2,2013,Summer,TV Short,18121.0
2867,Teekyuu 3,2013,Fall,TV Short,20473.0
2868,Teekyuu 4,2015,Spring,TV Short,26395.0
2869,Teekyuu 5,2015,Summer,TV Short,30567.0
2870,Teekyuu 6,2015,Fall,TV Short,31440.0
2871,Teekyuu 7,2016,Winter,TV Short,32228.0
2872,Teekyuu 8,2016,Fall,TV Short,33811.0
2873,Teekyuu 9,2017,Summer,TV Short,35370.0
2874,Tegami Bachi,2009,Fall,TV,6444.0
2875,Tegami Bachi Reverse,2010,Fall,TV,8311.0
2876,Tejina-senpai,2019,Summer,TV Short,38610.0
2877,Tenamonya Voyagers,1999,Spring,OVA,773.0
2878,Tenchi Muyou!,1995,Spring,TV,696.0
2879,Tenchi Muyou!: Galaxy Police Mihoshi Space Adventure,1994,Winter,OVA,2725.0
2880,Tenchi Muyou! GXP,2002,Spring,TV,1133.0
2881,Tenchi Muyou! in Love,1996,Spring,Movie,1006.0
2882,Tenchi Muyou! in Love 2: Haruka Naru Omoi,1999,Spring,Movie,1144.0
2883,Tenchi Muyou! Manatsu no Eve,1997,Summer,Movie,1101.0
2884,Tenchi Muyou! Ryououki,1992,Summer,OVA,539.0
2885,Tenchi Muyou! Ryououki 2nd Season,1994,Summer,OVA,540.0
2886,Tenchi Muyou! Ryououki 3rd Season,2003,Summer,OVA,541.0
2887,Tenchi Muyou! Ryououki 4th Season,2016,Fall,OVA,31861.0
2888,Tenchi Muyou! Ryououki 5th Season,2020,Winter,OVA,40097.0
2889,Tenchi Souzou Design-bu,2021,Winter,TV,41762.0
2890,Tengen Toppa Gurren Lagann,2007,Spring,TV,2001.0
2891,Tengen Toppa Gurren Lagann Movie: Gurren-hen,2008,Fall,Movie,4107.0
2892,Tengen Toppa Gurren Lagann Movie: Lagann-hen,2009,Spring,Movie,4565.0
2893,Tenjou Tenge,2004,Spring,TV,174.0
2894,Tenka Hyakken: Meiji-kan e Youkoso!,2019,Fall,TV Short,40320.0
2895,Tenki no Ko,2019,Summer,Movie,38826.0
2896,Tenkuu no Escaflowne,1996,Spring,TV,182.0
2897,Tenkuu no Shiro Laputa,1986,Summer,Movie,513.0
2898,Tennis no Ouji-sama,2001,Fall,TV,22.0
2899,Tennis no Ouji-sama: Another Story II - Ano Toki no Bokura,2011,Summer,OVA,10573.0
2900,Tennis no Ouji-sama: Another Story - Kako to Mirai no Message,2009,Spring,OVA,5751.0
2901,Tennis no Ouji-sama: Zenkoku Taikai-hen,2006,Winter,OVA,995.0
2902,Tennis no Ouji-sama: Zenkoku Taikai-hen - Final,2008,Spring,OVA,4053.0
2903,Tennis no Ouji-sama: Zenkoku Taikai-hen - Semifinal,2007,Spring,OVA,2752.0
2904,Tenpou Ibun: Ayakashi Ayashi,2006,Fall,TV,1587.0
2905,Tensei shitara Slime Datta Ken,2018,Fall,TV,37430.0
2906,Tensei shitara Slime Datta Ken 2nd Season,2021,Winter,TV,39551.0
2907,Tenshi na Konamaiki,2002,Spring,TV,200.0
2908,Tenshi no 3P!,2017,Summer,TV,34177.0
2909,Terra e... (TV),2007,Spring,TV,2158.0
2910,Terra Formars,2014,Fall,TV,22687.0
2911,Terra Formars Revenge,2016,Spring,TV,31430.0
2912,Tesagure! Bukatsumono,2013,Fall,TV Short,19919.0
2913,Tesagure! Bukatsumono Encore,2014,Winter,TV Short,21851.0
2914,Tesagure! Bukatsumono Spin-off Purupurun Sharumu to Asobou,2015,Spring,TV,28835.0
2915,Tetsujin 28-gou,1963,Fall,TV,2686.0
2916,Tetsujin 28-gou,2004,Spring,TV,2337.0
2917,Tetsuwan Atom,1963,Winter,TV,2747.0
2918,Tetsuwan Birdy Decode,2008,Summer,TV,3974.0
2919,Tetsuwan Birdy Decode:02,2009,Winter,TV,5074.0
2920,Texhnolyze,2003,Spring,TV,26.0
2921,Tezuka Osamu no Don Dracula,1982,Spring,TV,4853.0
2922,The Big O,1999,Fall,TV,567.0
2923,The God of High School,2020,Summer,TV,41353.0
2924,The iDOLM@STER,2011,Summer,TV,10278.0
2925,The iDOLM@STER: 765 Pro to Iu Monogatari,2012,Summer,Special,11889.0
2926,The iDOLM@STER Cinderella Girls,2015,Winter,TV,23587.0
2927,The iDOLM@STER Cinderella Girls 2nd Season,2015,Summer,TV,30344.0
2928,"The iDOLM@STER Cinderella Girls: Anytime, Anywhere with Cinderella.",2016,Winter,Special,32174.0
2929,The iDOLM@STER Movie: Kagayaki no Mukougawa e!,2014,Winter,Movie,17437.0
2930,The iDOLM@STER Side M,2017,Fall,TV,34915.0
2931,The iDOLM@STER SideM: Wake Atte Mini!,2018,Fall,TV Short,38203.0
2932,The Last: Naruto the Movie,2014,Fall,Movie,16870.0
2933,The Reflection,2017,Summer,TV,34449.0
2934,The SoulTaker: Tamashii-gari,2001,Spring,TV,1048.0
2935,The Third: Aoi Hitomi no Shoujo,2006,Spring,TV,944.0
2936,Tiger & Bunny,2011,Spring,TV,9941.0
2937,Tiger & Bunny Movie 1: The Beginning,2012,Summer,Movie,12015.0
2938,Tiger & Bunny Movie 2: The Rising,2014,Winter,Movie,12017.0
2939,Tiger Mask,1969,Fall,TV,3009.0
2940,Tiger Mask W,2016,Fall,TV,32881.0
2941,Time Bokan 24,2016,Fall,TV,33026.0
2942,Time Bokan: Gyakushuu no San Akunin,2017,Fall,TV,35254.0
2943,Time Bokan Series: Gyakuten Ippatsuman,1982,Winter,TV,8011.0
2944,Time Travel Shoujo: Mari Waka to 8-nin no Kagakusha-tachi,2016,Summer,TV,33341.0
2945,Tu Bian Yingxiong BABA,2016,Fall,TV,34009.0
2946,Tu Bian Yingxiong LEAF,2018,Spring,ONA,35044.0
2947,To LOVE-Ru,2008,Spring,TV,3455.0
2948,To LOVE-Ru Darkness,2012,Fall,TV,13663.0
2949,To LOVE-Ru Darkness 2nd,2015,Summer,TV,28979.0
2950,To LOVE-Ru OVA,2009,Spring,OVA,5667.0
2951,Toaru Hikuushi e no Koiuta,2014,Winter,TV,19117.0
2952,Toaru Kagaku no Accelerator,2019,Summer,TV,38480.0
2953,Toaru Kagaku no Railgun,2009,Fall,TV,6213.0
2954,Toaru Kagaku no Railgun: Misaka-san wa Ima Chuumoku no Mato Desu kara,2010,Fall,OVA,9047.0
2955,Toaru Kagaku no Railgun S,2013,Spring,TV,16049.0
2956,Toaru Kagaku no Railgun T,2020,Winter,TV,38481.0
2957,Toaru Majutsu no Index,2008,Fall,TV,4654.0
2958,Toaru Majutsu no Index II,2010,Fall,TV,8937.0
2959,Toaru Majutsu no Index III,2018,Fall,TV,36432.0
2960,Toji no Miko,2018,Winter,TV,35589.0
2961,Toji no Miko: Kizamishi Issen no Tomoshibi OVA,2020,Fall,OVA,40901.0
2962,Tokkou,2006,Spring,TV,916.0
2963,Tokyo ESP,2014,Summer,TV,21353.0
2964,Tokyo Ghoul,2014,Summer,TV,22319.0
2965,Tokyo Ghoul √A,2015,Winter,TV,27899.0
2966,Tokyo Ghoul:re,2018,Spring,TV,36511.0
2967,Tokyo Ghoul:re 2nd Season,2018,Fall,TV,37799.0
2968,Tokyo Godfathers,2003,Fall,Movie,759.0
2969,Tokyo Magnitude 8.0,2009,Summer,TV,6211.0
2970,Tokyo Majin Gakuen Kenpucho: Tou,2007,Winter,TV,1860.0
2971,Tokyo Majin Gakuen Kenpucho: Tou Dai Ni Maku,2007,Summer,TV,2683.0
2972,Tokyo Mew Mew,2002,Spring,TV,687.0
2973,Tokyo Ravens,2013,Fall,TV,16011.0
2974,Tomica Hyper Rescue Drive Head: Kidou Kyuukyuu Keisatsu,2017,Spring,TV,34741.0
2975,Tomica Kizuna Gattai: Earth Granner,2020,Spring,TV,41062.0
2976,Tonagura!,2006,Summer,TV,1218.0
2977,Tonari no Kaibutsu-kun,2012,Fall,TV,14227.0
2978,Tonari no Kyuuketsuki-san,2018,Fall,TV,37579.0
2979,Tonari no Seki-kun,2014,Winter,TV Short,18139.0
2980,Tonikaku Kawaii,2020,Fall,TV,41389.0
2981,Tonkatsu DJ Agetarou,2016,Spring,TV Short,31370.0
2982,Top wo Nerae 2! Diebuster,2004,Fall,OVA,1002.0
2983,Top wo Nerae! Gunbuster,1988,Fall,OVA,949.0
2984,Toradora!,2008,Fall,TV,4224.0
2985,Toriko,2011,Spring,TV,10033.0
2986,Toshokan Sensou,2008,Spring,TV,3613.0
2987,Touch,1985,Spring,TV,1065.0
2988,Touhai Densetsu Akagi: Yami ni Maiorita Tensai,2005,Fall,TV,658.0
2989,Touka Gettan,2007,Spring,TV,2105.0
2990,Touken Ranbu: Hanamaru,2016,Fall,TV,33023.0
2991,Toushou Daimos,1978,Spring,TV,2816.0
2992,Transformers: Choujin Master Force,1988,Spring,TV,924.0
2993,Transformers Headmasters,1987,Summer,TV,925.0
2994,Transformers Victory,1989,Spring,TV,926.0
2995,Transformers Zone,1990,Summer,OVA,6038.0
2996,Triage X,2015,Spring,TV,26443.0
2997,"Trickster: Edogawa Ranpo ""Shounen Tanteidan"" yori",2016,Fall,TV,33377.0
2998,Trigun,1998,Spring,TV,6.0
2999,Trinity Blood,2005,Spring,TV,27.0
3000,Trinity Seven,2014,Fall,TV,25157.0
3001,Trinity Seven Movie 1: Eternity Library to Alchemic Girl,2017,Winter,Movie,33581.0
3002,Trinity Seven Movie 2: Heavens Library to Crimson Lord,2019,Winter,Movie,37986.0
3003,Tropical-Rouge! Precure,2021,Winter,TV,44191.0
3004,True Tears,2008,Winter,TV,2129.0
3005,Try Knights,2019,Summer,TV,39527.0
3006,Tsubasa Chronicle,2005,Spring,TV,177.0
3007,Tsubasa Chronicle 2nd Season,2006,Spring,TV,969.0
3008,Tsubasa: Shunraiki,2009,Winter,OVA,4938.0
3009,Tsubasa: Tokyo Revelations,2007,Fall,OVA,2685.0
3010,Tsugu Tsugumomo,2020,Spring,TV,39469.0
3011,Tsugumomo,2017,Spring,TV,34019.0
3012,Tsuki ga Kirei,2017,Spring,TV,34822.0
3013,Tsuki wa Higashi ni Hi wa Nishi ni: Operation Sanctuary,2004,Summer,TV Short,648.0
3014,Tsuki wa Higashi ni Hi wa Nishi ni: Operation Sanctuary OVA,2004,Fall,OVA,12881.0
3015,Tsukimonogatari,2014,Fall,TV,28025.0
3016,Tsukipro The Animation,2017,Fall,TV,34474.0
3017,Tsukiuta. The Animation,2016,Summer,TV,33037.0
3018,Tsukiuta. The Animation 2,2020,Fall,TV,38669.0
3019,Tsukumogami Kashimasu,2018,Summer,TV,36654.0
3020,Tsukuyomi: Moon Phase,2004,Fall,TV,343.0
3021,Tsurezure Children,2017,Summer,TV Short,34902.0
3022,Tsuritama,2012,Spring,TV,12883.0
3023,Tsurune: Kazemai Koukou Kyuudoubu,2018,Fall,TV,36653.0
3024,Tsuujou Kougeki ga Zentai Kougeki de Ni-kai Kougeki no Okaasan wa Suki Desu ka?,2019,Summer,TV,38573.0
3025,Tsuyokiss,2006,Summer,TV,1198.0
3026,Turn A Gundam,1999,Spring,TV,95.0
3027,Two Car,2017,Fall,TV,36009.0
3028,Tytania,2008,Fall,TV,4066.0
3029,"Uchi no Ko no Tame naraba, Ore wa Moshikashitara Maou mo Taoseru kamo Shirenai.",2019,Summer,TV,39324.0
3030,Uchi no Maid ga Uzasugiru!,2018,Fall,TV,37722.0
3031,Uchi Tama?! Uchi no Tama Shirimasen ka?,2020,Winter,TV,39942.0
3032,"Uchiage Hanabi, Shita kara Miru ka? Yoko kara Miru ka?",2017,Summer,Movie,34498.0
3033,Uchouten Kazoku,2013,Summer,TV,17909.0
3034,Uchouten Kazoku 2,2017,Spring,TV,34076.0
3035,Uchuu Kaizoku Captain Harlock,1978,Spring,TV,1000.0
3036,Uchuu Kyoudai,2012,Spring,TV,12431.0
3037,Uchuu Majin Daikengou,1978,Summer,TV,10224.0
3038,Uchuu no Kishi Tekkaman,1975,Summer,TV,1458.0
3039,Uchuu no Kishi Tekkaman Blade,1992,Winter,TV,1459.0
3040,Uchuu no Stellvia,2003,Spring,TV,113.0
3041,Uchuu Patrol Luluco,2016,Spring,TV Short,32681.0
3042,Uchuu Senkan Tiramisù,2018,Spring,TV Short,36267.0
3043,Uchuu Senkan Tiramisù II,2018,Fall,TV Short,37988.0
3044,Uchuu Senkan Yamato,1974,Fall,TV,1650.0
3045,Uchuu Senkan Yamato 2199,2012,Spring,OVA,12029.0
3046,Uchuu Senkan Yamato 2202: Ai no Senshi-tachi,2017,Winter,OVA,33064.0
3047,Uchuu Senshi Baldios,1980,Summer,TV,1737.0
3048,Uchuu Senshi Baldios (Movie),1981,Fall,Movie,4371.0
3049,Uchuu Taitei God Sigma,1980,Spring,TV,4183.0
3050,Uchuusen Sagittarius,1986,Winter,TV,3317.0
3051,Udon no Kuni no Kiniro Kemari,2016,Fall,TV,32673.0
3052,Ueno-san wa Bukiyou,2019,Winter,TV Short,37920.0
3053,UFO Princess Valkyrie,2002,Summer,TV,1127.0
3054,UFO Robo Grendizer,1975,Fall,TV,1985.0
3055,UFO Senshi Dai Apolon,1976,Spring,TV,3361.0
3056,UFO Senshi Dai Apolon 2,1976,Fall,TV,10815.0
3057,Ultra Maniac,2003,Spring,TV,178.0
3058,Ultraman,2019,Spring,ONA,36871.0
3059,Ulysses: Jehanne Darc to Renkin no Kishi,2018,Fall,TV,36510.0
3060,Uma Musume: Pretty Derby,2018,Spring,TV,35249.0
3061,Uma Musume: Pretty Derby - BNW no Chikai,2018,Fall,Special,37916.0
3062,Uma Musume: Pretty Derby Season 2,2021,Winter,TV,42941.0
3063,Umayon,2020,Summer,TV Short,38835.0
3064,Umeboshi Denka,1969,Spring,TV,12835.0
3065,Umi Monogatari: Anata ga Ite Kureta Koto,2009,Summer,TV,6129.0
3066,Umi no Triton,1972,Spring,TV,2718.0
3067,Umibe no Étranger,2020,Summer,Movie,40615.0
3068,Umineko no Naku Koro ni,2009,Summer,TV,4896.0
3069,UN-GO,2011,Fall,TV,10798.0
3070,Upotte!!,2012,Spring,ONA,12317.0
3071,UQ Holder!: Mahou Sensei Negima! 2,2017,Fall,TV,33478.0
3072,UQ Holder!: Mahou Sensei Negima! 2 OVA,2017,Summer,OVA,34604.0
3073,Uragiri wa Boku no Namae wo Shitteiru,2010,Spring,TV,7058.0
3074,Urahara,2017,Fall,TV,35250.0
3075,Urara Meirochou,2017,Winter,TV,32924.0
3076,Urasekai Picnic,2021,Winter,TV,41392.0
3077,Urashimasakatasen no Nichijou,2019,Fall,TV Short,40197.0
3078,Urawa no Usagi-chan,2015,Spring,TV Short,27927.0
3079,Urusei Yatsura,1981,Fall,TV,1293.0
3080,Usagi Drop,2011,Summer,TV,10162.0
3081,Usakame,2016,Spring,TV Short,32454.0
3082,Ushinawareta Mirai wo Motomete,2014,Fall,TV,21845.0
3083,Ushio to Tora (TV),2015,Summer,TV,29854.0
3084,Ushio to Tora (TV) 2nd Season,2016,Spring,TV,31098.0
3085,Usuzumizakura: Garo,2018,Fall,Movie,36858.0
3086,Uta Kata,2004,Fall,TV,688.0
3087,Uta no☆Prince-sama♪ Maji Love Legend Star,2016,Fall,TV,31178.0
3088,Uta no☆Prince-sama♪ Maji Love Kingdom,2019,Spring,Movie,35645.0
3089,Utawarerumono,2006,Spring,TV,856.0
3090,Utawarerumono: Itsuwari no Kamen,2015,Fall,TV,30901.0
3091,Utawarerumono OVA,2009,Spring,OVA,3593.0
3092,Uzaki-chan wa Asobitai!,2020,Summer,TV,41226.0
3093,Val x Love,2019,Fall,TV,39799.0
3094,Valkyrie Drive: Mermaid,2015,Fall,TV,30385.0
3095,Valkyrie no Shokutaku,2020,Summer,ONA,40100.0
3096,Vampire Knight,2008,Spring,TV,3457.0
3097,Vampire Knight: Guilty,2008,Fall,TV,4752.0
3098,Vatican Kiseki Chousakan,2017,Summer,TV,34368.0
3099,Venus Senki,1989,Winter,Movie,544.0
3100,Video Girl Ai,1992,Winter,OVA,201.0
3101,Video Senshi Lezarion,1984,Spring,TV,6672.0
3102,Vinland Saga,2019,Summer,TV,37521.0
3103,Violet Evergarden,2018,Winter,TV,33352.0
3104,Violet Evergarden Gaiden: Eien to Jidou Shuki Ningyou,2019,Summer,Movie,39741.0
3105,Virtual-san wa Miteiru,2019,Winter,TV,38851.0
3106,ViVid Strike!,2016,Fall,TV,33589.0
3107,Vividred Operation,2013,Winter,TV,14283.0
3108,Vlad Love,2021,Winter,ONA,39990.0
3109,W: Wish,2004,Fall,TV Short,346.0
3110,W'z,2019,Winter,TV,37509.0
3111,Wagamama☆Fairy Mirumo de Pon!,2002,Spring,TV,1744.0
3112,Wagamama High Spec,2016,Spring,TV Short,31439.0
3113,Wakaba*Girl,2015,Summer,TV Short,30355.0
3114,Wakako-zake,2015,Summer,TV Short,30437.0
3115,Wakaokami wa Shougakusei!,2018,Spring,TV Short,37433.0
3116,Wakaokami wa Shougakusei! Movie,2018,Summer,Movie,37682.0
3117,"Wake Up, Girl Zoo!",2014,Fall,ONA,25875.0
3118,"Wake Up, Girls!",2014,Winter,TV,19023.0
3119,"Wake Up, Girls! Beyond the Bottom",2015,Fall,Movie,30419.0
3120,"Wake Up, Girls! Seishun no Kage",2015,Summer,Movie,28841.0
3121,"Wake Up, Girls! Shichinin no Idol",2014,Winter,Movie,21189.0
3122,"Wake Up, Girls! Shin Shou",2017,Fall,TV,34522.0
3123,Wakusei Robo Danguard Ace,1977,Spring,TV,1986.0
3124,Walkure Romanze,2013,Fall,TV,19151.0
3125,Wangan Midnight,2007,Summer,TV,2608.0
3126,Warau Salesman New,2017,Spring,TV,34550.0
3127,Watashi ga Motenai no wa Dou Kangaetemo Omaera ga Warui!,2013,Summer,TV,16742.0
3128,Watashi ga Motete Dousunda,2016,Fall,TV,32899.0
3129,Watashi ni Tenshi ga Maiorita!,2019,Winter,TV,37993.0
3130,"Watashi, Nouryoku wa Heikinchi de tte Itta yo ne!",2019,Fall,TV,37393.0
3131,Wave!!: Surfing Yappe!!,2021,Winter,Movie,40267.0
3132,White Album,2009,Winter,TV,4720.0
3133,White Album 2,2013,Fall,TV,18245.0
3134,White Album 2nd Season,2009,Fall,TV,6165.0
3135,Witch Craft Works,2014,Winter,TV,21085.0
3136,Witch Hunter Robin,2002,Summer,TV,7.0
3137,Witchblade,2006,Spring,TV,935.0
3138,WIXOSS Diva(A)Live,2021,Winter,TV,41521.0
3139,Wizard Barristers: Benmashi Cecil,2014,Winter,TV,20053.0
3140,Wolf's Rain,2003,Winter,TV,202.0
3141,Wonder Egg Priority,2021,Winter,TV,43299.0
3142,Wooser no Sono Higurashi: Kakusei-hen,2014,Winter,TV Short,20267.0
3143,Wooser no Sono Higurashi: Mugen-hen,2015,Summer,TV Short,29017.0
3144,Working!!,2010,Spring,TV,6956.0
3145,Working'!!,2011,Fall,TV,10521.0
3146,Working!!!,2015,Summer,TV,25879.0
3147,World Destruction: Sekai Bokumetsu no Rokunin,2008,Summer,TV,4415.0
3148,World Trigger,2014,Fall,TV,24405.0
3149,World Trigger 2nd Season,2021,Winter,TV,40907.0
3150,World Witches Hasshin Shimasu!,2021,Winter,TV Short,42506.0
3151,Wotaku ni Koi wa Muzukashii,2018,Spring,TV,35968.0
3152,WWW.Working!!,2016,Fall,TV,33094.0
3153,X,2001,Fall,TV,156.0
3154,Xenosaga The Animation,2005,Winter,TV,184.0
3155,xxxHOLiC,2006,Spring,TV,861.0
3156,xxxHOLiC Movie: Manatsu no Yoru no Yume,2005,Summer,Movie,793.0
3157,xxxHOLiC Rou,2010,Spring,OVA,6864.0
3158,xxxHOLiC Shunmuki,2009,Winter,OVA,4918.0
3159,Yagate Kimi ni Naru,2018,Fall,TV,37786.0
3160,Yahari Ore no Seishun Love Comedy wa Machigatteiru,2013,Spring,TV,14813.0
3161,Yahari Ore no Seishun Love Comedy wa Machigatteiru. Kan,2020,Summer,TV,39547.0
3162,Yahari Ore no Seishun Love Comedy wa Machigatteiru. Zoku,2015,Spring,TV,23847.0
3163,Yakiniku-ten Sengoku,2018,Summer,ONA,36626.0
3164,Yakitate!! Japan,2004,Fall,TV,28.0
3165,Yakusoku no Nanaya Matsuri,2018,Summer,ONA,37970.0
3166,Yakusoku no Neverland,2019,Winter,TV,37779.0
3167,Yakusoku no Neverland 2nd Season,2021,Winter,TV,39617.0
3168,Yama Nezumi Rocky Chuck,1973,Winter,TV,4615.0
3169,Yama no Susume,2013,Winter,TV Short,14355.0
3170,Yama no Susume Second Season,2014,Summer,TV Short,21435.0
3171,Yama no Susume Third Season,2018,Summer,TV Short,35672.0
3172,Yamada-kun to 7-nin no Majo (TV),2015,Spring,TV,28677.0
3173,Yamato Nadeshiko Shichihenge♥,2006,Fall,TV,1562.0
3174,Yami Shibai,2013,Summer,TV Short,19383.0
3175,Yami Shibai 2,2014,Summer,TV Short,22537.0
3176,Yami Shibai 3,2016,Winter,TV Short,31994.0
3177,Yami Shibai 4,2017,Winter,TV Short,34467.0
3178,Yami Shibai 5,2017,Summer,TV Short,35714.0
3179,Yami Shibai 6,2018,Summer,TV Short,37893.0
3180,Yami Shibai 7,2019,Summer,TV Short,39836.0
3181,Yami Shibai 8,2021,Winter,TV Short,44208.0
3182,Yami to Boushi to Hon no Tabibito,2003,Fall,TV,497.0
3183,Yarichin☆Bitch-bu,2018,Summer,OVA,37585.0
3184,Yatogame-chan Kansatsu Nikki,2019,Spring,TV Short,37940.0
3185,Yatogame-chan Kansatsu Nikki Nisatsume,2020,Winter,TV Short,39960.0
3186,Yatogame-chan Kansatsu Nikki Sansatsume,2021,Winter,TV Short,42959.0
3187,Yatterman,2008,Winter,TV,3295.0
3188,Yawara!,1989,Fall,TV,691.0
3189,Yes! Precure 5,2007,Winter,TV,1932.0
3190,Yes! Precure 5 GoGo!,2008,Winter,TV,3692.0
3191,Yes! Precure 5 GoGo! Movie: Okashi no Kuni no Happy Birthday,2008,Fall,Movie,4703.0
3192,Yes! Precure 5 Movie: Kagami no Kuni no Miracle Daibouken!,2007,Fall,Movie,3051.0
3193,Yesterday wo Utatte,2020,Spring,TV,39710.0
3194,Yoake Mae yori Ruriiro na: Crescent Love,2006,Fall,TV,1543.0
3195,Yoake Tsugeru Lu no Uta,2017,Spring,Movie,34792.0
3196,Yojouhan Shinwa Taikei,2010,Spring,TV,7785.0
3197,Yokohama Kaidashi Kikou,1998,Spring,OVA,975.0
3198,Yokohama Kaidashi Kikou: Quiet Country Cafe,2002,Fall,OVA,976.0
3199,Yokuwakaru Gendaimahou,2009,Summer,TV,5454.0
3200,"Yondemasu yo, Azazel-san.",2011,Spring,TV Short,10216.0
3201,"Yondemasu yo, Azazel-san. Z",2013,Spring,TV Short,16241.0
3202,Yoroiden Samurai Troopers,1988,Spring,TV,1264.0
3203,Yoroshiku Mechadock,1984,Fall,TV,7160.0
3204,Yoru no Yatterman,2015,Winter,TV,28155.0
3205,Yoru wa Mijikashi Arukeyo Otome,2017,Spring,Movie,34537.0
3206,"Yosuga no Sora: In Solitude, Where We Are Least Alone.",2010,Fall,TV,8861.0
3207,Yotsunoha,2008,Winter,OVA,3011.0
3208,Youjo Senki,2017,Winter,TV,32615.0
3209,Youjo Senki Movie,2019,Winter,Movie,37055.0
3210,Youjo Shachou,2021,Winter,ONA,43001.0
3211,Youkai Apartment no Yuuga na Nichijou,2017,Summer,TV,35220.0
3212,Youkai Ningen Bem,1968,Fall,TV,4044.0
3213,Youkai Watch,2014,Winter,TV,19157.0
3214,Youkai Watch,2019,Spring,TV,39277.0
3215,Youkai Watch Jam: Youkai Gakuen Y - N to no Souguu,2020,Winter,TV,40714.0
3216,Youkai Watch: Shadow Side,2018,Spring,TV,37324.0
3217,Youkoso Jitsuryoku Shijou Shugi no Kyoushitsu e,2017,Summer,TV,35507.0
3218,Young Black Jack,2015,Fall,TV,30740.0
3219,Yowamushi Pedal,2013,Fall,TV,18179.0
3220,Yowamushi Pedal: Glory Line,2018,Winter,TV,35789.0
3221,Yowamushi Pedal: Grande Road,2014,Fall,TV,24277.0
3222,Yowamushi Pedal: New Generation,2017,Winter,TV,31783.0
3223,Yozakura Quartet: Hana no Uta,2013,Fall,TV,18497.0
3224,Yozakura Quartet: Hoshi no Umi,2010,Fall,OVA,8457.0
3225,Yozakura Quartet: Tsuki ni Naku,2013,Fall,OVA,18499.0
3226,Yu☆Gi☆Oh!,1998,Spring,TV,550.0
3227,Yu☆Gi☆Oh! 5D's,2008,Spring,TV,3972.0
3228,Yu☆Gi☆Oh! ARC-V,2014,Spring,TV,21639.0
3229,Yu☆Gi☆Oh!: Chou Yuugou! Toki wo Koeta Kizuna,2010,Winter,Movie,6951.0
3230,Yu☆Gi☆Oh! Duel Monsters,2000,Spring,TV,481.0
3231,Yu☆Gi☆Oh!: Duel Monsters GX,2004,Fall,TV,482.0
3232,Yu☆Gi☆Oh!: Sevens,2020,Spring,TV,40145.0
3233,Yu☆Gi☆Oh! (Movie),1999,Winter,Movie,2006.0
3234,Yu☆Gi☆Oh! VRAINS,2017,Spring,TV,34866.0
3235,Yu☆Gi☆Oh! Zexal,2011,Spring,TV,10015.0
3236,Yu☆Gi☆Oh! Zexal Second,2012,Fall,TV,15489.0
3237,Yubisaki kara no Honki no Netsujou: Osananajimi wa Shouboushi,2019,Summer,ONA,39963.0
3238,"Yume kara, Samenai",1987,Winter,OVA,7482.0
3239,Yume no Crayon Oukoku,1997,Fall,TV,4651.0
3240,Yume Oukoku to Nemureru 100 Nin no Ouji-sama,2018,Summer,TV,33966.0
3241,Yume Tsukai,2006,Fall,TV,943.0
3242,Yumekui Merry,2011,Winter,TV,9331.0
3243,Yumeria,2004,Winter,TV,204.0
3244,Yuragi-sou no Yuuna-san,2018,Summer,TV,36726.0
3245,Yuri Kuma Arashi,2015,Winter,TV,26165.0
3246,YURI!!! on ICE,2016,Fall,TV,32995.0
3247,Yuri Seijin Naoko-san,2012,Winter,OVA,12437.0
3248,Yuru Camp△,2018,Winter,TV,34798.0
3249,Yuru Camp△ Season 2,2021,Winter,TV,38474.0
3250,Yuru Yuri,2011,Summer,TV,10495.0
3251,Yuru Yuri♪♪,2012,Summer,TV,12403.0
3252,"Yuru Yuri,",2019,Fall,OVA,37773.0
3253,Yuru Yuri Nachuyachumi!,2015,Winter,OVA,23225.0
3254,Yuru Yuri Nachuyachumi!+,2015,Summer,Special,30902.0
3255,Yuru Yuri San☆Hai!,2015,Fall,TV,30279.0
3256,Yuu☆Yuu☆Hakusho,1992,Fall,TV,392.0
3257,Yuuki Yuuna wa Yuusha de Aru,2014,Fall,TV,25519.0
3258,Yuuki Yuuna wa Yuusha de Aru: Hidamari,2017,Fall,TV,36798.0
3259,Yuuki Yuuna wa Yuusha de Aru: Washio Sumi no Shou,2017,Fall,TV,34284.0
3260,Yuuki Yuuna wa Yuusha de Aru: Washio Sumi no Shou Movie 1 - Tomodachi,2017,Winter,Movie,34374.0
3261,Yuuki Yuuna wa Yuusha de Aru: Washio Sumi no Shou Movie 2 - Tamashii,2017,Spring,Movie,34375.0
3262,Yuuki Yuuna wa Yuusha de Aru: Washio Sumi no Shou Movie 3 - Yakusoku,2017,Summer,Movie,34376.0
3263,Yuuki Yuuna wa Yuusha de Aru: Yuusha no Shou,2017,Fall,TV,34445.0
3264,Yuukoku no Moriarty,2020,Fall,TV,40911.0
3265,Yuusei Kamen,1966,Summer,TV,12767.0
3266,Yuusha Exkaiser,1990,Winter,TV,3325.0
3267,Yuusha Keisatsu J-Decker,1994,Winter,TV,5075.0
3268,Yuusha ni Narenakatta Ore wa Shibushibu Shuushoku wo Ketsui Shimashita.,2013,Fall,TV,18677.0
3269,Yuusha-Ou GaoGaiGar,1997,Winter,TV,890.0
3270,Yuusha-Ou GaoGaiGar Final,2000,Winter,OVA,1382.0
3271,Yuusha-Ou GaoGaiGar Final Grand Glorious Gathering,2005,Spring,TV,4416.0
3272,Yuusha Raideen,1975,Spring,TV,2128.0
3273,Yuusha Tokkyuu Might Gaine,1993,Winter,TV,3486.0
3274,Yuyushiki,2013,Spring,TV,15911.0
3275,"Yuyushiki: Komarasetari, Komarasaretari",2017,Winter,OVA,33035.0
3276,Z/X: Code Reunion,2019,Fall,TV,37268.0
3277,Z/X: Ignition,2014,Winter,TV,20533.0
3278,Zan Sayonara Zetsubou Sensei,2009,Summer,TV,6377.0
3279,Zan Sayonara Zetsubou Sensei Bangaichi,2009,Fall,OVA,7044.0
3280,Zankyou no Terror,2014,Summer,TV,23283.0
3281,Zashiki Warashi no Tatami-chan,2020,Spring,ONA,41124.0
3282,Zegapain,2006,Spring,TV,878.0
3283,Zero kara Hajimeru Mahou no Sho,2017,Spring,TV,34176.0
3284,Zero no Tsukaima,2006,Summer,TV,1195.0
3285,Zero no Tsukaima F,2012,Winter,TV,11319.0
3286,Zero no Tsukaima: Futatsuki no Kishi,2007,Summer,TV,1840.0
3287,Zero no Tsukaima: Princesses no Rondo,2008,Summer,TV,3712.0
3288,Zetman,2012,Spring,TV,11837.0
3289,Zetsuen no Tempest,2012,Fall,TV,14075.0
3290,Zettai Bouei Leviathan,2013,Spring,TV,17681.0
3291,Zettai Karen Children,2008,Spring,TV,4038.0
3292,Zettai Karen Children OVA: Aitazousei! Ubawareta Mirai?,2010,Summer,OVA,7745.0
3293,Zettai Karen Children: The Unlimited - Hyoubu Kyousuke,2013,Winter,TV,16005.0
3294,Zettai Muteki Raijin-Oh,1991,Spring,TV,1897.0
3295,Zettai Shougeki: Platonic Heart,2008,Fall,OVA,5020.0
3296,Zettai Shounen,2005,Spring,TV,308.0
3297,Zipang,2004,Fall,TV,29.0
3298,Zoids,1999,Fall,TV,763.0
3299,Zoids Genesis,2005,Spring,TV,712.0
3300,Zoids Wild,2018,Summer,TV,37395.0
3301,Zoids Wild Zero,2019,Fall,TV,40166.0
3302,Zoku Natsume Yuujinchou,2009,Winter,TV,5300.0
3303,Zoku Owarimonogatari,2018,Fall,TV,36999.0
3304,Zoku Sayonara Zetsubou Sensei,2008,Winter,TV,3228.0
3305,Zoku Touken Ranbu: Hanamaru,2018,Winter,TV,34863.0
3306,Zombieland Saga,2018,Fall,TV,37976.0
3307,Zone of the Enders: 2167 Idolo,2001,Winter,OVA,1248.0
3308,"Zone of the Enders: Dolores, I",2001,Spring,TV,1249.0
3309,Boku no Hero Academia 5th Season,2021,Spring,TV,41587.0
3310,Cardfight!! Vanguard: overDress,2021,Spring,TV,42516.0
3311,"Dragon, Ie wo Kau.",2021,Spring,TV,40526.0
3312,Godzilla: S.P,2021,Spring,TV,43229.0
3313,Haitai Nanafa,2012,Fall,TV Short,15043.0
3314,Hetalia World★Stars,2021,Spring,ONA,43591.0
3315,Koi to Yobu ni wa Kimochi Warui,2021,Spring,TV,41103.0
3316,Mashiro no Oto,2021,Spring,TV,42590.0
3317,Nomad: Megalo Box 2,2021,Spring,TV,40729.0
3318,Sayonara Watashi no Cramer,2021,Spring,TV,42774.0
3319,Seven Knights Revolution: Eiyuu no Keishousha,2021,Spring,TV,47391.0
3320,Shakunetsu Kabaddi,2021,Spring,TV,42395.0
3321,Shaman King,2021,Spring,TV,42205.0
3322,SSSS.Dynazenon,2021,Spring,TV,40870.0
3323,Yuukoku no Moriarty 2nd Season,2021,Spring,TV,43325.0
3324,Fruits Basket: The Final,2021,Spring,TV,42938.0
3325,Mars Red,2021,Spring,TV,41265.0
3326,Megane na Kanojo,2010,Fall,OVA,9335.0
3327,Odd Taxi,2021,Spring,TV,46102.0
3328,Yakunara Mug Cup mo,2021,Spring,TV Short,42568.0
3329,Fate/stay night Movie: Heaven's Feel - III. Spring Song,2020,Summer,Movie,33050.0
3330,Jouran: The Princess of Snow and Blood,2021,Spring,TV,47250.0
3331,Tensura Nikki: Tensei shitara Slime Datta Ken,2021,Spring,TV,41488.0
3332,Kyuukyoku Shinka shita Full Dive RPG ga Genjitsu yori mo Kusoge Dattara,2021,Spring,TV,44276.0
3333,Naruto Movie 1: Dai Katsugeki!! Yuki Hime Shinobu Houjou Dattebayo!,2004,Summer,Movie,442.0
3334,Naruto Movie 2: Dai Gekitotsu! Maboroshi no Chiteiiseki Dattebayo!,2005,Summer,Movie,936.0
3335,Naruto Movie 3: Dai Koufun! Mikazuki Jima no Animaru Panikku Dattebayo!,2006,Summer,Movie,2144.0
3336,Naruto: Shippuuden Movie 1,2007,Summer,Movie,2472.0
3337,Naruto: Shippuuden Movie 2 - Kizuna,2008,Summer,Movie,4437.0
3338,Naruto: Shippuuden Movie 3 - Hi no Ishi wo Tsugu Mono,2009,Summer,Movie,6325.0
3339,Naruto: Shippuuden Movie 4 - The Lost Tower,2010,Summer,Movie,8246.0
3340,Naruto: Shippuuden Movie 5 - Blood Prison,2011,Summer,Movie,10589.0
3341,Naruto: Shippuuden Movie 6 - Road to Ninja,2012,Summer,Movie,13667.0
3342,Bakuten!!,2021,Spring,TV,43756.0
3343,Fairy Ranmaru: Anata no Kokoro Otasuke Shimasu,2021,Spring,TV,45665.0
3344,Gokushufudou,2021,Spring,ONA,43692.0
3345,Isekai Maou to Shoukan Shoujo no Dorei Majutsu Ω,2021,Spring,TV,41623.0
3346,SD Gundam World Heroes,2021,Spring,ONA,44041.0
3347,Zombieland Saga: Revenge,2021,Spring,TV,40174.0
3348,86,2021,Spring,TV,41457.0
3349,Battle Athletess Daiundoukai ReSTART!,2021,Spring,TV,42321.0
3350,Bishounen Tanteidan,2021,Spring,TV,40752.0
3351,Blue Reflection Ray,2021,Spring,TV,47639.0
3352,"Ijiranaide, Nagatoro-san",2021,Spring,TV,42361.0
3353,Shadows House,2021,Spring,TV,43439.0
3354,"Slime Taoshite 300-nen, Shiranai Uchi ni Level Max ni Nattemashita",2021,Spring,TV,40586.0
3355,Tokyo Revengers,2021,Spring,TV,42249.0
3356,"Sentouin, Hakenshimasu!",2021,Spring,TV,41456.0
3357,Seijo no Maryoku wa Bannou desu,2021,Spring,TV,42826.0
3358,Vivy: Fluorite Eye's Song,2021,Spring,TV,46095.0
3359,Cestvs: The Roman Fighter,2021,Spring,TV,43763.0
3360,Hige wo Soru. Soshite Joshikousei wo Hirou.,2021,Spring,TV,40938.0
3361,Osananajimi ga Zettai ni Makenai Love Comedy,2021,Spring,TV,43007.0
3362,Super Cub,2021,Spring,TV,40685.0
3363,Date A Bullet: Dead or Bullet,2020,Summer,Movie,40416.0
3364,Date A Bullet: Nightmare or Queen,2020,Fall,Movie,42423.0
3365,Majo Minarai wo Sagashite,2020,Fall,Movie,39585.0
3366,Shoujo☆Kageki Revue Starlight: Rondo Rondo Rondo,2020,Summer,Movie,40665.0
3367,Subarashiki Kono Sekai The Animation,2021,Spring,TV,42307.0
3368,Thermae Romae,2012,Winter,TV,12321.0
3369,Edens Zero,2021,Spring,TV,42192.0
3370,Mairimashita! Iruma-kun 2nd Season,2021,Spring,TV,41402.0
3371,Fumetsu no Anata e,2021,Spring,TV,41025.0
3372,Mitsuwano,2014,Winter,OVA,21649.0
3373,Onna Senshi Efe & Jira: Gude no Monshou,1990,Spring,Movie,2069.0
3374,Ookami-san wa Taberaretai,2020,Summer,TV Short,42517.0
3375,Overflow,2020,Winter,ONA,40746.0
3376,Submarine Super 99,2003,Spring,TV,1713.0
3377,Sazae-san,1969,Fall,TV,2406.0
3378,Mewkledreamy Mix!,2021,Spring,TV,44273.0
3379,Okashi na Sabaku no Suna to Manu,2021,Winter,TV Short,45207.0
3380,Shinkansen Henkei Robo Shinkalion Z The Animation,2021,Spring,TV,46381.0
3381,Future Card Buddyfight Battsu,2017,Spring,TV,34836.0
3382,Dounika Naru Hibi,2020,Fall,Movie,40747.0
3383,Togainu no Chi,2010,Fall,TV,8449.0
3384,Kimi dake ni Motetainda.,2019,Fall,Movie,40335.0
3385,Given Movie,2020,Summer,Movie,40421.0
3386,Dungeon ni Deai wo Motomeru no wa Machigatteiru Darou ka III OVA,2021,Spring,OVA,44983.0
3387,Oushitsu Kyoushi Heine Movie,2019,Winter,Movie,38313.0
3388,Kore ga Watashi no Goshujinsama,2005,Spring,TV,412.0
3389,Choujikuu Seiki Orguss 02,1993,Fall,OVA,2090.0
3390,Futakoi Alternative,2005,Spring,TV,126.0
3391,Mobile Suit Gundam NT,2018,Fall,Movie,37764.0
3392,Sayonara Watashi no Cramer Movie: First Touch,2021,Spring,Movie,42798.0
3393,Mobile Suit Gundam: Hathaway's Flash,2021,Spring,Movie,37765.0
3394,Kimetsu no Yaiba Movie: Mugen Ressha-hen,2020,Fall,Movie,40456.0
3395,Higurashi no Naku Koro ni Sotsu,2021,Summer,TV,48488.0
3396,Scarlet Nexus,2021,Summer,TV,48492.0
3397,Kanojo mo Kanojo,2021,Summer,TV,43969.0
3398,Otome Game no Hametsu Flag shika Nai Akuyaku Reijou ni Tensei shiteshimatta... X,2021,Summer,TV,42282.0
3399,Peach Boy Riverside,2021,Summer,TV,42627.0
3400,Vanitas no Karte,2021,Summer,TV,48580.0
3401,Bokutachi no Remake,2021,Summer,TV,40904.0
3402,Genjitsu Shugi Yuusha no Oukoku Saikenki,2021,Summer,TV,41710.0
3403,Kageki Shoujo!!,2021,Summer,TV,43691.0
3404,Mahouka Koukou no Yuutousei,2021,Summer,TV,45572.0
3405,Re-Main,2021,Summer,TV,48406.0
3406,Cike Wu Liuqi,2018,Spring,ONA,38409.0
3407,Wu Liuqi Zhi Zui Qiang Fa Xing Shi,2019,Fall,ONA,40784.0
3408,Getter Robo Arc,2021,Summer,TV,43741.0
3409,Shinigami Bocchan to Kuro Maid,2021,Summer,TV,47257.0
3410,"Tantei wa Mou, Shindeiru.",2021,Summer,TV,46471.0
3411,IDOLiSH7: Third Beat!,2021,Summer,TV,45577.0
3412,Seirei Gensouki,2021,Summer,TV,44203.0
3413,Tensei shitara Slime Datta Ken 2nd Season Part 2,2021,Summer,TV,41487.0
3414,Uramichi Oniisan,2021,Summer,TV,40620.0
3415,Tsuki ga Michibiku Isekai Douchuu,2021,Summer,TV,43523.0
3416,Cheat Kusushi no Slow Life: Isekai ni Tsukurou Drugstore,2021,Summer,TV,40960.0
3417,Blue Gender,1999,Fall,TV,58.0
3418,Kobayashi-san Chi no Maid Dragon S,2021,Summer,TV,39247.0
3419,TsukiPro The Animation 2,2021,Summer,TV,37008.0
3420,Shikabane Hime: Aka,2008,Fall,TV,4581.0
3421,Shigurui,2007,Summer,TV,2216.0
3422,100-man no Inochi no Ue ni Ore wa Tatteiru 2nd Season,2021,Summer,TV,44881.0
3423,D_Cide Traumerei the Animation,2021,Summer,TV,48470.0
3424,Vandread,2000,Fall,TV,180.0
3425,Vandread: The Second Stage,2001,Fall,TV,181.0
3426,Girls Bravo: Second Season,2005,Winter,TV,487.0
3427,Shin Getter Robo tai Neo Getter Robo,2000,Fall,OVA,938.0
3428,Sunabouzu,2004,Fall,TV,25.0
3429,City Hunter 3,1989,Fall,TV,1472.0
3430,Cobra The Animation,2010,Winter,TV,5032.0
3431,Diabolik Lovers,2013,Fall,TV Short,17513.0
3432,Bubblegum Crisis,1987,Winter,OVA,1347.0
3433,Obey Me!,2021,Summer,ONA,48641.0
3434,Shiroi Suna no Aquatope,2021,Summer,TV,46093.0
3435,Tenkuu Shinpan,2021,Winter,ONA,43690.0
3442,Captain Tsubasa: Road to 2002,2001,Fall,TV,1614.0
3443,Motto! Ojamajo Doremi: Kaeru Ishi no Himitsu,2001,Summer,Movie,2948.0
3444,Heion Sedai no Idaten-tachi,2021,Summer,TV,42625.0
3445,Jahy-sama wa Kujikenai!,2021,Summer,TV,48753.0
3447,Sonny Boy,2021,Summer,TV,48849.0
3448,Deatte 5-byou de Battle,2021,Summer,TV,43814.0
3449,HenSemi,2010,Summer,OVA,8101.0
3451,Love Live! Superstar!!,2021,Summer,TV,41169.0
3452,Magia Record: Mahou Shoujo Madoka☆Magica Gaiden 2nd Season,2021,Summer,TV,41530.0
3453,Night Head 2041,2021,Summer,TV,43767.0
3454,City Hunter '91,1991,Spring,TV,1473.0
3455,Honto ni Atta! Reibai Sensei,2011,Spring,TV Short,10338.0
3456,Etotama: Nyankyaku Banrai,2021,Spring,ONA,37346.0
3457,Kaizoku Oujo,2021,Summer,TV,42544.0
3458,Gowapper 5 Godam,1976,Spring,TV,7551.0
3459,Sengoku Collection,2012,Spring,TV,12611.0
3460,Fate/Grand Carnival,2020,Fall,OVA,44248.0
3461,Healin' Good♡Precure Movie: Yume no Machi de Kyun! Tto GoGo! Dai Henshin!!,2021,Winter,Movie,42422.0
3462,Yakushiji Ryouko no Kaiki Jikenbo,2008,Summer,TV,3614.0
3463,Oishinbo,1988,Fall,TV,1093.0
3464,"Oishinbo: Kyuukyoku tai Shikou, Chouju Ryouri Taiketsu!!",1992,Fall,Movie,8848.0
3465,Oishinbo: Nichibei Kome Sensou,1993,Fall,Movie,8842.0
3466,Aria the Crepuscolo,2021,Winter,Movie,41674.0
3467,Dogs: Bullets & Carnage,2009,Spring,OVA,5593.0
3468,Peace Maker Kurogane,2003,Fall,TV,161.0
3469,Honoo no Mirage,2002,Winter,TV,1019.0
3470,Honoo no Mirage: Minagiwa no Hangyakusha,2004,Summer,OVA,1020.0
3471,Kengan Ashura Part 2,2019,Fall,ONA,40269.0
3472,Meikyuu Black Company,2021,Summer,TV,42340.0
3473,Shuumatsu no Walkure,2021,Spring,ONA,44942.0
3474,Fate/Grand Order: Shinsei Entaku Ryouiki Camelot 1 - Wandering; Agateram,2020,Fall,Movie,38085.0
3475,B: The Beginning Succession,2021,Winter,ONA,37994.0
3476,Yami Shibai 9,2021,Summer,TV Short,49110.0
3477,Josee to Tora to Sakana-tachi,2020,Fall,Movie,40787.0
3478,Gintama: The Semi-Final,2021,Winter,Special,44087.0
3479,TO-Y,1987,Fall,OVA,2103.0
3480,Gintama: The Final,2021,Winter,Movie,39486.0
3481,Natsume Yuujinchou: Ishi Okoshi to Ayashiki Raihousha,2021,Winter,Movie,42894.0
3482,Tokyo 7th Sisters: Bokura wa Aozora ni Naru,2021,Winter,Movie,41307.0
3483,Mahou Sensei Negima!,2005,Winter,TV,157.0
3484,Jigoku Sensei Nube,1996,Spring,TV,2012.0
3485,Cinderella Boy,2003,Summer,TV,301.0
3486,Tetsuwan Atom,1980,Fall,TV,3044.0
3487,The☆Ultraman,1979,Spring,TV,3444.0
3488,Bokura ga Ita,2006,Summer,TV,1222.0
3489,009-1,2006,Fall,TV,1583.0
3490,Zombie-Loan,2007,Summer,TV,2404.0
3491,Blassreiter,2008,Spring,TV,3407.0
3492,Argento Soma,2000,Fall,TV,285.0
3493,H2O: Footprints in the Sand,2008,Winter,TV,3299.0
3494,Golgo 13,2008,Spring,TV,4039.0
3495,Ganbare Douki-chan,2021,Fall,ONA,49605.0
3496,Getsuyoubi no Tawawa 2,2021,Fall,ONA,49854.0
3497,Akihabara Dennou-gumi,1998,Spring,TV,2288.0
3498,Heike Monogatari,2021,Fall,TV,49738.0
3499,Sentimental Journey,1998,Spring,TV,677.0
3500,Hitohira,2007,Spring,TV,1721.0
3501,Megami-ryou no Ryoubo-kun.,2021,Summer,TV,41812.0
3502,Kindaichi Shounen no Jikenbo,1997,Spring,TV,2076.0
3504,Futari Ecchi,2002,Summer,OVA,382.0
3505,Mahoutsukai ni Taisetsu na Koto,2003,Winter,TV,273.0
3506,Mahoutsukai no Yome: Nishi no Shounen to Seiran no Kishi,2021,Summer,OVA,48438.0
3507,School Rumble San Gakki,2008,Summer,OVA,4015.0
3508,Blue Period,2021,Fall,TV,46352.0
3509,Deji Meets Girl,2021,Fall,TV Short,49505.0
3510,Isekai Shokudou 2,2021,Fall,TV,48804.0
3511,Yakunara Mug Cup mo: Niban Gama,2021,Fall,TV Short,49263.0
3512,Yuuki Yuuna wa Yuusha de Aru: Dai Mankai no Shou,2021,Fall,TV,42587.0
3513,86 2nd Season,2021,Fall,TV,48569.0
3514,Hanyou no Yashahime: Sengoku Otogizoushi - Ni no Shou,2021,Fall,TV,48505.0
3515,Muteking the Dancing Hero,2021,Fall,TV,39893.0
3516,Waccha PriMagi!,2021,Fall,TV,49285.0
3517,Digimon Ghost Game,2021,Fall,TV,49515.0
3518,Mieruko-chan,2021,Fall,TV,48483.0
3519,Mushoku Tensei: Isekai Ittara Honki Dasu Part 2,2021,Fall,TV,45576.0
3520,Tesla Note,2021,Fall,TV,48680.0
3521,Tsuki to Laika to Nosferatu,2021,Fall,TV,48471.0
3522,Cardfight!! Vanguard: overDress Season 2,2021,Fall,TV,48862.0
3523,Kyoukai Senki,2021,Fall,TV,48466.0
3524,Kyuuketsuki Sugu Shinu,2021,Fall,TV,41833.0
3525,Shinka no Mi: Shiranai Uchi ni Kachigumi Jinsei,2021,Fall,TV,46985.0
3526,Bishoujo Senshi Sailor Moon Eternal Movie 1,2021,Winter,Movie,40024.0
3527,Bishoujo Senshi Sailor Moon Eternal Movie 2,2021,Winter,Movie,40429.0
3528,"Komi-san wa, Comyushou desu.",2021,Fall,TV,48926.0
3529,Puraore! Pride of Orange,2021,Fall,TV,44274.0
3530,"Sekai Saikou no Ansatsusha, Isekai Kizoku ni Tensei suru",2021,Fall,TV,47790.0
3531,"Shin no Nakama ja Nai to Yuusha no Party wo Oidasareta node, Henkyou de Slow Life suru Koto ni Shimashita",2021,Fall,TV,44037.0
3532,Jewelpet,2009,Spring,TV,6008.0
3533,Megaton-kyuu Musashi,2021,Fall,TV,33737.0
3534,Platinum End,2021,Fall,TV,44961.0
3535,Hetalia Axis Powers,2009,Winter,ONA,5060.0
3536,Selection Project,2021,Fall,TV,44275.0
3537,Taishou Otome Otogibanashi,2021,Fall,TV,45055.0
3538,Visual Prison,2021,Fall,TV,48567.0
3539,Saihate no Paladin,2021,Fall,TV,48761.0
3540,Senpai ga Uzai Kouhai no Hanashi,2021,Fall,TV,42351.0
3541,World Trigger 3rd Season,2021,Fall,TV,44940.0
3542,Princess Principal: Crown Handler Movie 1,2021,Winter,Movie,37807.0
3543,Sankaku Mado no Sotogawa wa Yoru,2021,Fall,TV,44387.0
3544,Shikizakura,2021,Fall,TV,38440.0
3545,Mach GoGoGo,1997,Winter,TV,3571.0
3546,Takt Op. Destiny,2021,Fall,TV,48556.0
3547,Build Divide: Code Black,2021,Fall,TV,48776.0
3548,Kimetsu no Yaiba: Mugen Ressha-hen,2021,Fall,TV,49926.0
3549,Lupin III: Part 6,2021,Fall,TV,49040.0
3550,Muv-Luv Alternative,2021,Fall,TV,40608.0
3551,Ousama Ranking,2021,Fall,TV,40834.0
3552,Sakugan,2021,Fall,TV,38192.0
3553,Yozakura Quartet,2008,Fall,TV,4548.0
3554,Deep Insanity: The Lost Child,2021,Fall,TV,49292.0
3555,Gyakuten Sekai no Denchi Shoujo,2021,Fall,TV,48644.0
3556,Kaginado,2021,Fall,TV Short,48775.0
3557,Violet Evergarden Movie,2020,Summer,Movie,37987.0
3558,Lupin III: Part 6 - Jidai,2021,Fall,TV,50094.0
3559,Mahoutsukai ni Taisetsu na Koto: Natsu no Sora,2008,Summer,TV,4483.0
3560,Mazica Party,2021,Spring,TV,48391.0
3561,Touhou Niji Sousaku Doujin Anime: Musou Kakyou,2008,Fall,OVA,9874.0
3562,Touhou Niji Sousaku Doujin Anime: Musou Kakyou Special,2014,Spring,OVA,30547.0
3563,Oshiete Hokusai! The Animation,2021,Winter,ONA,41250.0
3564,Sabu to Ichi Torimono Hikae,1968,Fall,TV,5997.0
3565,Akikan!,2009,Winter,TV,5112.0
3566,Naruto SD: Rock Lee no Seishun Full-Power Ninden,2012,Spring,TV,12979.0
3567,Mashin Eiyuuden Wataru 2,1990,Spring,TV,4807.0
3568,Kakutou Bijin Wulong,2005,Fall,TV,913.0
3569,Hanma Baki: Son of Ogre,2021,Fall,ONA,42940.0
3570,Macross II: Lovers Again,1992,Spring,OVA,1262.0
3571,Wotaku ni Koi wa Muzukashii OVA,2019,Winter,OVA,38349.0
3572,Kyuuketsuhime Miyu (TV),1997,Fall,TV,690.0
3573,Shin Tennis no Ouji-sama: Hyoutei vs. Rikkai - Game of Future,2021,Winter,Movie,41842.0
3574,Venus Versus Virus,2007,Winter,TV,1607.0
3575,Popolocrois Monogatari,1998,Fall,TV,4191.0
3576,Sakura Taisen: Ouka Kenran,1997,Fall,OVA,1165.0
3577,Blade Runner: Black Lotus,2021,Fall,TV,38749.0
3578,Sakura Taisen: Sumire,2002,Fall,OVA,1999.0
3579,Sakura Taisen: Gouka Kenran,1999,Fall,OVA,1166.0
3580,Super Crooks,2021,Fall,ONA,48453.0
3581,Chou Mashin Eiyuuden Wataru,1997,Fall,TV,3432.0
3583,JoJo no Kimyou na Bouken Part 6: Stone Ocean,2022,Winter,ONA,48661.0
3585,Sakura Taisen: Ecole de Paris,2003,Winter,OVA,1964.0
3586,Lady Jewelpet,2014,Spring,TV,22693.0
3587,Sakura Taisen: Le Nouveau Paris,2004,Fall,OVA,562.0
3588,Tetsujin 28-gou,1980,Fall,TV,4208.0
3589,Kimetsu no Yaiba: Yuukaku-hen,2022,Winter,TV,47778.0
3590,Mezzo DSA,2004,Winter,TV,222.0
3591,Eiga Daisuki Pompo-san,2021,Spring,Movie,41361.0
3592,180 Byou de Kimi no Mimi wo Shiawase ni Dekiru ka?,2021,Fall,TV Short,48858.0
3593,Magical★Taruruuto-kun,1990,Fall,TV,5274.0
3594,Edokko Boy: Gatten Tasuke,1990,Fall,TV,9028.0
3595,Legendz: Yomigaeru Ryuuou Densetsu,2004,Spring,TV,1590.0
3596,Saiyuuki Gaiden,2011,Winter,OVA,9088.0
3597,Saiyuuki Gaiden: Kouga no Shou,2013,Spring,OVA,17137.0
3598,Choboraunyopomi Gekijou Dai Ni Maku Ai Mai Mii: Mousou Catastrophe,2014,Summer,TV Short,23551.0
3599,Wu Liuqi Zhi Xuanwu Guo Pian,2021,Winter,ONA,45556.0
3600,Final Fantasy VII: Advent Children Complete,2009,Spring,Movie,2952.0
3601,Sorairo Utility,2021,Fall,Special,50209.0
3602,Lord El-Melloi II Sei no Jikenbo: Rail Zeppelin Grace Note - Tokubetsu-hen,2021,Fall,Special,49361.0
3603,Shoujo☆Kageki Revue Starlight Movie,2021,Spring,Movie,40664.0
3604,BanG Dream! Movie: Episode of Roselia - I: Yakusoku,2021,Spring,Movie,41780.0
3605,BanG Dream! Movie: Episode of Roselia - II: Song I Am.,2021,Spring,Movie,41781.0
3606,Girls und Panzer: Daikon War!,2021,Fall,Special,49690.0
3607,Girls und Panzer das Finale Part 3,2021,Winter,Movie,39166.0
3608,Given: Uragawa no Sonzai,2021,Fall,OVA,49053.0
3609,Mahouka Koukou no Rettousei: Tsuioku-hen,2021,Fall,Special,48375.0
3610,Burn Up Excess,1998,Winter,TV,370.0
3611,Mahou Yuugi 2D,2001,Fall,ONA,2277.0
3612,Burn Up!,1991,Winter,OVA,767.0
3613,Burn Up! W,1996,Spring,OVA,769.0
3614,Hakozume: Kouban Joshi no Gyakushuu,2022,Winter,TV,49519.0
3615,Leadale no Daichi nite,2022,Winter,TV,48239.0
3616,Orient,2022,Winter,TV,45560.0
3617,Tokyo 24-ku,2022,Winter,TV,50204.0
3618,Arc the Lad,1999,Spring,TV,55.0
3619,Saiyuuki Reload: Zeroin,2022,Winter,TV,45783.0
3620,Tenjou Tenge: The Ultimate Fight,2005,Winter,OVA,448.0
3621,Avenger,2003,Fall,TV,56.0
3622,Cue!,2022,Winter,TV,43735.0
3623,Dolls' Frontline,2022,Winter,TV,46604.0
3624,Karakai Jouzu no Takagi-san 3,2022,Winter,TV,49721.0
3625,Akebi-chan no Sailor-fuku,2022,Winter,TV,48553.0
3626,Genjitsu Shugi Yuusha no Oukoku Saikenki 2nd Season,2022,Winter,TV,49930.0
3627,Sono Bisque Doll wa Koi wo Suru,2022,Winter,TV,48736.0
3628,Baraou no Souretsu,2022,Winter,TV,42892.0
3629,Futsal Boys!!!!!,2022,Winter,TV,40488.0
3630,Kaijin Kaihatsu-bu no Kuroitsu-san,2022,Winter,TV,49385.0
3631,Sabiiro no Armor: Reimei,2022,Winter,TV,39917.0
3632,Sasaki to Miyano,2022,Winter,TV,44055.0
3633,Shingeki no Kyojin: The Final Season Part 2,2022,Winter,TV,48583.0
3634,Yami Shibai 10,2022,Winter,TV Short,50599.0
3635,Seizei Ganbare! Mahou Shoujo Kurumi,2017,Summer,ONA,35510.0
3636,Seizei Ganbare! Mahou Shoujo Kurumi 2nd Season,2018,Fall,ONA,38175.0
3637,Seizei Ganbare! Mahou Shoujo Kurumi 3rd Season,2020,Fall,TV Short,42482.0
3638,Fantasy Bishoujo Juniku Ojisan to,2022,Winter,TV,48997.0
3639,Kenja no Deshi wo Nanoru Kenja,2022,Winter,TV,42072.0
3640,Sengoku Basara Movie: The Last Party,2011,Spring,Movie,9745.0
3641,Tensai Ouji no Akaji Kokka Saisei Jutsu,2022,Winter,TV,47159.0
3642,Bakuretsu Hunters,1995,Fall,TV,495.0
3643,Bakuretsu Hunters OVA,1996,Fall,OVA,808.0
3644,Koroshi Ai,2022,Winter,TV,44516.0
3645,Megami Kouhosei,2000,Winter,TV,888.0
3646,On Air Dekinai!,2022,Winter,TV Short,50285.0
3647,Arifureta Shokugyou de Sekai Saikyou 2nd Season,2022,Winter,TV,40507.0
3648,Atasha Kawajiri Kodama Da yo: Dangerous Lifehacker no Tadareta Seikatsu,2022,Winter,TV Short,49780.0
3649,Fairy Tail Movie 1: Houou no Miko,2012,Summer,Movie,12049.0
3650,Fairy Tail OVA,2016,Spring,OVA,32930.0
3651,Angel Cop,1989,Summer,OVA,1351.0
3652,Damekko Doubutsu,2005,Winter,TV Short,485.0
3653,"Diabolik Lovers More,Blood",2015,Fall,TV Short,29974.0
3654,Shuumatsu no Harem,2022,Winter,TV,41946.0
3655,Slow Loop,2022,Winter,TV,45425.0
3656,Suteki Tantei Labyrinth,2007,Fall,TV,2965.0
3657,Vanitas no Karte Part 2,2022,Winter,TV,49114.0
3658,Ane Log: Moyako Neesan no Tomaranai Monologue,2014,Summer,OVA,24531.0
3659,Doteraman,1986,Fall,TV,20083.0
3660,Shikkakumon no Saikyou Kenja,2022,Winter,TV,47161.0
3661,Yoroiden Samurai Troopers Kikoutei Densetsu,1989,Fall,OVA,1266.0
3662,Yoroiden Samurai Troopers Message,1991,Winter,OVA,1267.0
3663,Corpse Party: Tortured Souls - Bougyakusareta Tamashii no Jukyou,2013,Summer,OVA,15037.0
3664,Gensou Sangokushi: Tengen Reishinki,2022,Winter,TV,49514.0
3665,Princess Connect! Re:Dive Season 2,2022,Winter,TV,42670.0
3666,Sabikui Bisco,2022,Winter,TV,48414.0
3667,Tribe Nine,2022,Winter,TV,49969.0
3668,Detatoko Princess,1997,Fall,OVA,2693.0
3669,Elf wo Karu Mono-tachi,1996,Fall,TV,1045.0
3670,Saki Biyori Animation,2015,Summer,OVA,27709.0
3671,Sidonia no Kishi: Ai Tsumugu Hoshi,2021,Spring,Movie,35759.0
3672,Sidonia no Kishi Movie,2015,Winter,Movie,28495.0
3673,Bubblegum Crisis Tokyo 2040,1998,Fall,TV,568.0
3674,Futsuu no Joshikousei ga [Locodol] Yattemita. OVA,2015,Winter,OVA,30988.0
3675,"Ano Natsu de Matteru: Bokutachi wa Koukou Saigo no Natsu wo Sugoshinagara, Ano Natsu de Matteiru.",2014,Summer,Special,23447.0
3676,Ryman's Club,2022,Winter,TV,50185.0
3677,GJ-bu@,2014,Spring,Special,21635.0
3678,Lupin III: Italian Game,2016,Winter,Special,32321.0
3679,Mouretsu Pirates: Abyss of Hyperspace,2014,Winter,Movie,14817.0
3680,Chikyuugai Shounen Shoujo,2022,Winter,ONA,37914.0
3681,Oruchuban Ebichu,1999,Summer,TV Short,1060.0
3682,Delicious Party♡Precure,2022,Winter,TV,50281.0
3683,School Days: Magical Heart Kokoro-chan,2008,Winter,OVA,3328.0
3684,Future GPX Cyber Formula,1991,Spring,TV,1391.0
3685,Chou Hatsumei Boy Kanipan,1999,Winter,TV,3690.0
3686,Kyou no 5 no 2,2006,Winter,OVA,837.0
3687,Kyou no 5 no 2 (TV),2008,Fall,TV,4903.0
3688,Kyou no 5 no 2 (TV): Takarabako,2009,Fall,OVA,6379.0
3689,Mousou Kagaku Series: Wandaba Style,2003,Spring,TV,545.0
3690,Shamanic Princess,1996,Spring,OVA,1182.0
3691,Flag,2006,Spring,ONA,1299.0
3692,Renkin San-kyuu Magical? Pokaan,2006,Spring,TV,941.0
3693,Renkin San-kyuu Magical? Pokaan Specials,2006,Spring,Special,1489.0
3694,Soukou Kihei Votoms: Genei-hen,2010,Winter,OVA,8017.0
3695,Soukou Kihei Votoms: Kakuyaku taru Itan,1994,Winter,OVA,2586.0
3696,Soukou Kihei Votoms: Koei Futatabi,2011,Winter,OVA,8250.0
3697,Soukou Kihei Votoms: Pailsen Files Movie,2009,Winter,Movie,7536.0
3698,Soukou Kihei Votoms: Pailsen Files,2007,Fall,OVA,3256.0
3699,Soukou Kihei Votoms Recaps,1986,Winter,OVA,12337.0
3700,Shenmue the Animation,2022,Winter,TV,42808.0
3701,Cider no You ni Kotoba ga Wakiagaru,2021,Summer,Movie,39175.0
3702,Sentou Yousei Yukikaze,2002,Summer,OVA,1080.0
3703,Rocket Girls,2007,Winter,TV,1942.0
3704,Ark IX,2013,Summer,OVA,17395.0
3705,Machine Robo: Butchigiri Battle Hackers,1987,Summer,TV,16131.0
3706,Bakugan: Geogan Rising,2021,Spring,TV,48555.0
3707,Gunma-chan,2021,Fall,TV,49184.0
3708,Otome wa Boku ni Koishiteru: Trinkle Stars The Animation,2022,Winter,OVA,49518.0
3709,Chargeman Ken!,1974,Spring,TV Short,6383.0
3710,Shadow Skill: Eigi,1998,Summer,TV,678.0
3711,Holy Knight,2012,Winter,OVA,11005.0
3712,Tengen Toppa Gurren Lagann: Ore no Gurren wa Pikka-Pika!!,2007,Fall,OVA,10622.0
3713,Kouya no Kotobuki Hikoutai Kanzenban,2020,Summer,Movie,41205.0
3714,Fuyu no Semi,2007,Winter,OVA,2238.0
3715,Hanaukyou Maid-tai: La Verite,2004,Spring,TV,649.0
3716,Saber Marionette J,1996,Fall,TV,573.0
3717,Kotarou wa Hitorigurashi,2022,Winter,ONA,49909.0
3718,Layton Kyouju to Eien no Utahime,2009,Fall,Movie,6172.0
3719,Rurouni Kenshin: Meiji Kenkaku Romantan - Tsuioku-hen,1999,Winter,OVA,44.0
3720,Saber Marionette J Again,1997,Fall,OVA,1191.0
3721,Ueki no Housoku,2005,Spring,TV,479.0
3722,Ginga Eiyuu Densetsu: Die Neue These - Gekitotsu,2022,Winter,Movie,42886.0
3723,Shikabane Hime: Kuro,2009,Winter,TV,5034.0
3724,Estab-Life: Great Escape,2022,Spring,TV,50862.0
3725,Saber Marionette R,1995,Spring,OVA,1232.0
3726,Thermae Romae Novae,2022,Spring,ONA,43693.0
3727,Angel Heart,2005,Fall,TV,282.0
3728,Ganbare! Kickers,1986,Fall,TV,3053.0
3729,Shadowverse Flame,2022,Spring,TV,50060.0
3730,Rikei ga Koi ni Ochita no de Shoumei shitemita. r=1-sinθ (Heart),2022,Spring,TV,43470.0
3731,Aharen-san wa Hakarenai,2022,Spring,TV,49520.0
3732,Shokei Shoujo no Virgin Road,2022,Spring,TV,47162.0
3733,Love Live! Nijigasaki Gakuen School Idol Doukoukai 2nd Season,2022,Spring,TV,48916.0
3734,Love All Play,2022,Spring,TV,49556.0
3735,Street Fighter II V,1995,Spring,TV,876.0
3736,Otomege Sekai wa Mob ni Kibishii Sekai desu,2022,Spring,TV,50461.0
3737,Magia Record: Mahou Shoujo Madoka☆Magica Gaiden Final Season - Asaki Yume no Akatsuki,2022,Spring,TV,49291.0
3738,Monochrome Factor,2008,Spring,TV,3656.0
3739,Healer Girl,2022,Spring,TV,48857.0
3740,Meitantei Conan: Zero no Tea Time,2022,Spring,TV,50012.0
3741,Tomodachi Game,2022,Spring,TV,50273.0
3742,"Yuusha, Yamemasu",2022,Spring,TV,50175.0
3743,Yu-Gi-Oh! Go Rush!!,2022,Spring,TV,50607.0
3744,Tate no Yuusha no Nariagari Season 2,2022,Spring,TV,40356.0
3745,"Komi-san wa, Comyushou desu. 2nd Season",2022,Spring,TV,50631.0
3746,Deaimon,2022,Spring,TV,48779.0
3747,RPG Fudousan,2022,Spring,TV,48363.0
3748,Shachiku-san wa Youjo Yuurei ni Iyasaretai.,2022,Spring,TV,49160.0
3749,Heroine Tarumono! Kiraware Heroine to Naisho no Oshigoto,2022,Spring,TV,49692.0
3750,"Gaikotsu Kishi-sama, Tadaima Isekai e Odekakechuu",2022,Spring,TV,48760.0
3751,Mahoutsukai Reimeiki,2022,Spring,TV,48842.0
3752,Paripi Koumei,2022,Spring,TV,50380.0
3753,Machikado Mazoku: 2-choume,2022,Spring,TV,42745.0
3754,Koi wa Sekai Seifuku no Ato de,2022,Spring,TV,48643.0
3755,Date A Live IV,2022,Spring,TV,41461.0
3756,Kaguya-sama wa Kokurasetai: Ultra Romantic,2022,Spring,TV,43608.0
3758,Dance Dance Danseur,2022,Spring,TV,48702.0
3759,Tiger & Bunny 2,2022,Spring,ONA,41595.0
3760,Yatogame-chan Kansatsu Nikki 4th Season,2022,Spring,TV Short,50438.0
3761,Kawaii dake ja Nai Shikimori-san,2022,Spring,TV,45613.0
3762,Kingdom 4th Season,2022,Spring,TV,50160.0
3763,"Kono Healer, Mendokusai",2022,Spring,TV,48742.0
3764,Black★★Rock Shooter: Dawn Fall,2022,Spring,TV,49831.0
3765,Kunoichi Tsubaki no Mune no Uchi,2022,Spring,TV,50338.0
3766,Build Divide: Code White,2022,Spring,TV,48777.0
3767,Kyoukai Senki Part 2,2022,Spring,TV,50678.0
3768,Honzuki no Gekokujou: Shisho ni Naru Tame ni wa Shudan wo Erandeiraremasen 3rd Season,2022,Spring,TV,42429.0
3769,Cap Kakumei Bottleman DX,2022,Spring,TV Short,51155.0
3770,Insect Land,2022,Spring,TV Short,50600.0
3771,Birdie Wing: Golf Girls' Story,2022,Spring,TV,50248.0
3772,"Shijou Saikyou no Daimaou, Murabito A ni Tensei suru",2022,Spring,TV,48415.0
3773,Miracle☆Train: Oedo-sen e Youkoso,2009,Fall,TV,7103.0
3774,Summer Time Render,2022,Spring,TV,47194.0
3775,Gunjou no Fanfare,2022,Spring,TV,49691.0
3776,Ultraman Season 2,2022,Spring,ONA,39935.0
3778,Onipan!,2022,Spring,TV Short,50955.0
3779,Ao Ashi,2022,Spring,TV,49052.0
3780,Spy x Family,2022,Spring,TV,50265.0
3781,Kaginado Season 2,2022,Spring,TV Short,50685.0
3782,Gifuu Doudou!!: Kanetsugu to Keiji,2013,Summer,TV,18771.0
3783,Kakkou no Iinazuke,2022,Spring,TV,48675.0
3784,Saint Seiya: The Lost Canvas - Meiou Shinwa,2009,Spring,OVA,6171.0
3785,Neo Angelique Abyss,2008,Spring,TV,3615.0
3786,Neo Angelique Abyss: Second Age,2008,Summer,TV,4662.0
3787,Strike the Blood Final,2022,Winter,OVA,49316.0
3788,Boku no Hero Academia the Movie 3: World Heroes' Mission,2021,Summer,Movie,44200.0
3789,Tropical-Rouge! Precure Movie: Yuki no Princess to Kiseki no Yubiwa!,2021,Fall,Movie,49426.0
3790,Assault Lily: Fruits,2021,Summer,ONA,45961.0
3791,Sengoku Musou,2015,Winter,TV,28283.0
3792,Fruits Basket: Prelude,2022,Winter,Movie,49310.0
3793,Totsukuni no Shoujo,2022,Winter,OVA,48405.0
3794,Seitokai Yakuindomo Movie,2017,Summer,Movie,34504.0
3795,Seitokai Yakuindomo Movie 2,2021,Winter,Movie,40814.0
3796,Fate/kaleid liner Prisma☆Illya Movie: Licht - Namae no Nai Shoujo,2021,Summer,Movie,42030.0
3797,Uchuu Senkan Yamato 2205: Aratanaru Tabidachi - Zenshou - Take Off,2021,Fall,OVA,40389.0
3798,Vampire in the Garden,2022,Spring,ONA,39518.0
3799,Ghost in the Shell: SAC_2045 Season 2,2022,Spring,ONA,41750.0
3800,Shiguang Dailiren,2021,Spring,ONA,44074.0
3801,RD Sennou Chousashitsu,2008,Spring,TV,3363.0
3802,Boys Be...,2000,Spring,TV,105.0
3803,Hetalia World Series,2010,Winter,ONA,8479.0
3804,Corrector Yui,1999,Spring,TV,111.0
3805,Gall Force: The Revolution,1996,Fall,OVA,2066.0
3806,Gall Force: New Era,1991,Fall,OVA,2065.0
3807,Gall Force: Chikyuu Shou,1989,Fall,OVA,2064.0
3808,Rhea Gall Force,1989,Winter,OVA,2063.0
3809,Gall Force 3: Stardust War,1988,Fall,OVA,2062.0
3810,Gall Force 1: Eternal Story,1986,Summer,Movie,2060.0
3811,Gall Force 2: Destruction,1987,Fall,OVA,2061.0
3812,Ninjala,2022,Winter,TV,50418.0
3813,Spriggan,2022,Spring,ONA,39489.0
3814,Kaze no Shoujo Emily,2007,Spring,TV,1878.0
3815,Shingeki no Kyojin: Chronicle,2020,Summer,Movie,42091.0
3816,Kaze no Na wa Amnesia,1990,Fall,Movie,1793.0
3817,Bastard!! Ankoku no Hakaishin (ONA),2022,Summer,ONA,50953.0
3818,Kami Kuzu☆Idol,2022,Summer,TV,50470.0
3819,"Kanojo, Okarishimasu 2nd Season",2022,Summer,TV,42963.0
3820,The King of Fighters: Another Day,2005,Fall,ONA,825.0
3821,Engage Kiss,2022,Summer,TV,51417.0
3822,Lycoris Recoil,2022,Summer,TV,50709.0
3823,Shoot! Goal to the Future,2022,Summer,TV,50379.0
3824,Teppen!!!!!!!!!!!!!!!,2022,Summer,TV,50760.0
3825,Utawarerumono: Futari no Hakuoro,2022,Summer,TV,40590.0
3826,Luminous Witches,2022,Summer,TV,38006.0
3827,Prima Doll,2022,Summer,TV,50917.0
3828,RWBY: Hyousetsu Teikoku,2022,Summer,TV,51381.0
3829,Yurei Deco,2022,Summer,TV,51092.0
3830,Cardfight!! Vanguard: will+Dress,2022,Summer,TV,49819.0
3831,"Tensei Kenja no Isekai Life: Dai-2 no Shokugyou wo Ete, Sekai Saikyou ni Narimashita",2022,Summer,TV,47163.0
3832,Youkoso Jitsuryoku Shijou Shugi no Kyoushitsu e 2nd Season,2022,Summer,TV,51096.0
3833,Kinsou no Vermeil: Gakeppuchi Majutsushi wa Saikyou no Yakusai to Mahou Sekai wo Tsukisusumu,2022,Summer,TV,51213.0
3834,Tokyo Mew Mew New ♡,2022,Summer,TV,41589.0
3835,Jashin-chan Dropkick X,2022,Summer,TV,42994.0
3836,Mamahaha no Tsurego ga Motokano datta,2022,Summer,TV,49470.0
3837,Isekai Ojisan,2022,Summer,TV,49220.0
3838,Made in Abyss: Retsujitsu no Ougonkyou,2022,Summer,TV,41084.0
3839,Warau Arsnotoria Sun!,2022,Summer,TV,51923.0
3840,Isekai Meikyuu de Harem wo,2022,Summer,TV,44524.0
3841,Shin Tennis no Ouji-sama: U-17 WORLD CUP,2022,Summer,TV,50099.0
3842,Kumichou Musume to Sewagakari,2022,Summer,TV,49776.0
3843,Yofukashi no Uta,2022,Summer,TV,50346.0
3844,Chimimo,2022,Summer,TV,50985.0
3845,Soredemo Ayumu wa Yosetekuru,2022,Summer,TV,45653.0
3846,Bucchigire!,2022,Summer,TV,51371.0
3847,Shadows House 2nd Season,2022,Summer,TV,49782.0
3848,Hoshi no Samidare,2022,Summer,TV,50891.0
3849,Extreme Hearts,2022,Summer,TV,50999.0
3850,Kuro no Shoukanshi,2022,Summer,TV,51064.0
3851,Isekai Yakkyoku,2022,Summer,TV,49438.0
3852,Dr. Stone: Ryuusui,2022,Summer,Special,50612.0
3853,Hanabi-chan wa Okuregachi,2022,Summer,TV Short,49551.0
3854,Sword Art Online: Progressive Movie - Hoshi Naki Yoru no Aria,2021,Fall,Movie,42916.0
3855,KJ File,2022,Summer,TV Short,51773.0
3856,Orient: Awajishima Gekitou-hen,2022,Summer,TV,51368.0
3857,Shine Post,2022,Summer,TV,50221.0
3858,Overlord IV,2022,Summer,TV,48895.0
3859,Hataraku Maou-sama!!,2022,Summer,TV,48413.0
3860,Love Live! Superstar!! 2nd Season,2022,Summer,TV,50203.0
3861,Obey Me! Season 2,2022,Summer,ONA,52045.0
3862,Dragon Drive,2002,Summer,TV,296.0
3863,Saikin Yatotta Maid ga Ayashii,2022,Summer,TV,51837.0
3864,Bastard!! Ankoku no Hakaishin,1992,Summer,OVA,404.0
3865,Mamono Hunter Youko,1990,Fall,OVA,1280.0
3866,Dungeon ni Deai wo Motomeru no wa Machigatteiru Darou ka IV: Shin Shou - Meikyuu-hen,2022,Summer,TV,47164.0
3867,Ani ni Tsukeru Kusuri wa Nai! 5,2022,Summer,ONA,49599.0
3868,Kakegurui Twin,2022,Summer,ONA,50339.0
3869,BanG Dream! Morfonication,2022,Summer,Special,51989.0
3870,Fuuto Tantei,2022,Summer,TV,48649.0
3871,Knights of the Zodiac: Saint Seiya - Battle for Sanctuary,2022,Summer,ONA,52273.0
3872,Midori no Makibao,1996,Spring,TV,3550.0
3873,Aria the Benedizione,2021,Fall,Movie,48411.0
3874,Cyberpunk: Edgerunners,2022,Summer,ONA,42310.0
3875,Akuyaku Reijou nanode Last Boss wo Kattemimashita,2022,Fall,TV,49979.0
3876,Eternal Boys,2022,Fall,TV Short,51293.0
3877,Tensei shitara Ken Deshita,2022,Fall,TV,49891.0
3878,Uchi no Shishou wa Shippo ga Nai,2022,Fall,TV,49533.0
3879,Boku no Hero Academia 6th Season,2022,Fall,TV,49918.0
3880,Uzaki-chan wa Asobitai! Double,2022,Fall,TV,42962.0
3881,Noumin Kanren no Skill bakka Agetetara Nazeka Tsuyoku Natta.,2022,Fall,TV,51128.0
3882,"Yuusha Party wo Tsuihou Sareta Beast Tamer, Saikyoushu no Nekomimi Shoujo to Deau",2022,Fall,TV,52046.0
3883,Spy x Family Part 2,2022,Fall,TV,50602.0
3884,Koukyuu no Karasu,2022,Fall,TV,50590.0
3885,Berserk: Ougon Jidai-hen - Memorial Edition,2022,Fall,TV,52976.0
3886,Poputepipikku 2nd Season,2022,Fall,TV,50663.0
3887,Ginga Eiyuu Densetsu: Die Neue These - Sakubou,2022,Fall,Movie,51805.0
3888,Mobile Suit Gundam: The Witch from Mercury,2022,Fall,TV,49828.0
3889,Shinmai Renkinjutsushi no Tenpo Keiei,2022,Fall,TV,49849.0
3890,AIKa R-16: Virgin Mission,2007,Spring,OVA,2163.0
3891,AIKa Zero,2009,Summer,OVA,6443.0
3892,Golden Kamuy 4th Season,2022,Fall,TV,50528.0
3893,C Danchi,2022,Fall,TV,51306.0
3894,IDOLiSH7: Third Beat! Part 2,2022,Fall,TV,46654.0
3895,Meitantei Conan: Hannin no Hanzawa-san,2022,Fall,TV Short,50010.0
3896,Shinobi no Ittoki,2022,Fall,TV,51098.0
3897,Vazzrock The Animation,2022,Fall,TV,43771.0
3898,Yama no Susume: Next Summit,2022,Fall,TV,48491.0
3899,Punirunes,2022,Fall,TV Short,52935.0
3900,Human Bug Daigaku,2022,Fall,TV,53012.0
3901,Kage no Jitsuryokusha ni Naritakute!,2022,Fall,TV,48316.0
3902,Futoku no Guild,2022,Fall,TV,51212.0
3903,Mob Psycho 100 III,2022,Fall,TV,50172.0
3904,Do It Yourself!!,2022,Fall,TV,48542.0
3905,Muv-Luv Alternative 2nd Season,2022,Fall,TV,50638.0
3906,Mushikaburi-hime,2022,Fall,TV,50923.0
3907,"Fuufu Ijou, Koibito Miman.",2022,Fall,TV,50425.0
3908,Akiba Maid Sensou,2022,Fall,TV,52193.0
3909,Megaton-kyuu Musashi 2nd Season,2022,Fall,TV,50559.0
3910,Seiken Densetsu: Legend of Mana - The Teardrop Crystal,2022,Fall,TV,49304.0
3911,Mairimashita! Iruma-kun 3rd Season,2022,Fall,TV,49784.0
3912,Bocchi the Rock!,2022,Fall,TV,47917.0
3913,Yowamushi Pedal: Limit Break,2022,Fall,TV,50552.0
3914,Blue Lock,2022,Fall,TV,49596.0
3915,Peter Grill to Kenja no Jikan: Super Extra,2022,Fall,TV Short,50348.0
3916,Cool Doji Danshi,2022,Fall,TV Short,51680.0
3917,Chainsaw Man,2022,Fall,TV,44511.0
3918,Renai Flops,2022,Fall,TV,51403.0
3919,Urusei Yatsura (2022),2022,Fall,TV,50710.0
3920,4-nin wa Sorezore Uso wo Tsuku,2022,Fall,TV,51464.0
3921,BLEACH: Sennen Kessen-hen,2022,Fall,TV,41467.0
3922,Aru Asa Dummy Head Mic ni Natteita Ore-kun no Jinsei,2022,Fall,TV Short,52381.0
3923,Umayuru,2022,Fall,ONA,51772.0
3924,Reiwa no Di Gi Charat,2022,Fall,TV Short,49179.0
3925,Fumetsu no Anata e 2nd Season,2022,Fall,TV,49709.0
3926,Tiger & Bunny 2 Part 2,2022,Fall,ONA,52291.0
3927,Romantic Killer,2022,Fall,ONA,52865.0
3928,KanColle: Itsuka Ano Umi de,2022,Fall,TV,30455.0
3929,Arknights: Reimei Zensou,2022,Fall,TV,50205.0
3930,Youma,1989,Spring,OVA,1484.0
3931,Kiniro Mosaic: Thank You!!,2021,Summer,Movie,41471.0
3932,Xian Wang de Richang Shenghuo,2020,Winter,ONA,41094.0
3933,Xian Wang de Richang Shenghuo 2,2021,Fall,ONA,44069.0
3934,Xian Wang de Richang Shenghuo 3,2022,Fall,ONA,50404.0
3935,Fushigi Dagashiya: Zenitendou,2020,Fall,TV Short,42295.0
3936,Blue Thermal,2022,Winter,Movie,49665.0
3937,Ame wo Tsugeru Hyouryuu Danchi,2022,Summer,Movie,49938.0
3938,Shin Ikkitousen,2022,Spring,TV,49342.0
3939,Zoids Shinseiki/Zero,2001,Winter,TV,764.0
3940,Misaki no Mayoiga,2021,Summer,Movie,43755.0
3941,Kamiarizuki no Kodomo,2021,Fall,Movie,41877.0
3942,Ensemble Stars!! Road to Show!!,2022,Winter,Movie,50414.0
3943,Monster Strike: Rain of Memories,2016,Fall,ONA,34475.0
3944,Shika no Ou: Yuna to Yakusoku no Tabi,2022,Winter,Movie,38015.0
3945,Jujutsu Kaisen 0,2021,Fall,Movie,48561.0
3946,Lupin Zero,2022,Fall,ONA,53414.0
3947,"Goodbye, Don Glees!",2022,Winter,Movie,49345.0
3948,Koori Zokusei Danshi to Cool na Douryou Joshi,2023,Winter,TV,52173.0
3949,Spy Kyoushitsu,2023,Winter,TV,51252.0
3950,Ningen Fushin no Boukensha-tachi ga Sekai wo Sukuu you desu,2023,Winter,TV,49612.0
3951,Tensei Oujo to Tensai Reijou no Mahou Kakumei,2023,Winter,TV,52736.0
3952,Bungou Stray Dogs 4th Season,2023,Winter,TV,50330.0
3953,Technoroid: Overmind,2023,Winter,TV,50284.0
3954,Tsurune: Tsunagari no Issha,2023,Winter,TV,52826.0
3955,Tomo-chan wa Onnanoko!,2023,Winter,TV,52305.0
3956,Revenger,2023,Winter,TV,53213.0
3957,Dungeon ni Deai wo Motomeru no wa Machigatteiru Darou ka IV: Fuka Shou - Yakusai-hen,2023,Winter,TV,53111.0
3958,Oniichan wa Oshimai!,2023,Winter,TV,51678.0
3959,Inu ni Nattara Suki na Hito ni Hirowareta.,2023,Winter,TV Short,51265.0
3960,Strike Witches: 501 Butai Hasshin Shimasu! Movie,2019,Fall,Movie,39987.0
3961,Hyouken no Majutsushi ga Sekai wo Suberu,2023,Winter,TV,51711.0
3962,Isekai Nonbiri Nouka,2023,Winter,TV,51462.0
3963,Sugar Apple Fairy Tale,2023,Winter,TV,49980.0
3964,Nijiyon Animation,2023,Winter,TV Short,53077.0
3965,The Legend of Heroes: Sen no Kiseki - Northern War,2023,Winter,TV,48441.0
3966,Buddy Daddies,2023,Winter,TV,53411.0
3967,Ars no Kyojuu,2023,Winter,TV,53179.0
3968,Tsundere Akuyaku Reijou Liselotte to Jikkyou no Endou-kun to Kaisetsu no Kobayashi-san,2023,Winter,TV,50652.0
3969,Otonari no Tenshi-sama ni Itsunomanika Dame Ningen ni Sareteita Ken,2023,Winter,TV,50739.0
3970,Kaiko sareta Ankoku Heishi (30-dai) no Slow na Second Life,2023,Winter,TV,52446.0
3971,"Maou Gakuin no Futekigousha II: Shijou Saikyou no Maou no Shiso, Tensei shite Shison-tachi no Gakkou e Kayou",2023,Winter,TV,48417.0
3972,Tokyo Revengers: Seiya Kessen-hen,2023,Winter,TV,50608.0
3973,"Ijiranaide, Nagatoro-san 2nd Attack",2023,Winter,TV,50197.0
3974,NieR:Automata Ver1.1a,2023,Winter,TV,51105.0
3975,UniteUp!,2023,Winter,TV,53132.0
3976,Saikyou Onmyouji no Isekai Tenseiki,2023,Winter,TV,50932.0
3977,Rougo ni Sonaete Isekai de 8-manmai no Kinka wo Tamemasu,2023,Winter,TV,52461.0
3978,Trigun Stampede,2023,Winter,TV,52093.0
3979,Kami-tachi ni Hirowareta Otoko 2nd Season,2023,Winter,TV,49109.0
3980,Kyokou Suiri Season 2,2023,Winter,TV,44204.0
3981,"Benriya Saitou-san, Isekai ni Iku",2023,Winter,TV,50854.0
3982,Mou Ippon!,2023,Winter,TV,49376.0
3983,Nokemono-tachi no Yoru,2023,Winter,TV,52274.0
3984,D4DJ All Mix,2023,Winter,TV,51586.0
3985,Mononogatari,2023,Winter,TV,50384.0
3986,Vinland Saga Season 2,2023,Winter,TV,49387.0
3987,Kyuuketsuki Sugu Shinu 2,2023,Winter,TV,50287.0
3988,High Card,2023,Winter,TV,49154.0
3989,Ayakashi Triangle,2023,Winter,TV,50606.0
3990,"Eiyuuou, Bu wo Kiwameru Tame Tenseisu: Soshite, Sekai Saikyou no Minarai Kishi♀",2023,Winter,TV,50481.0
3991,Kubo-san wa Mob wo Yurusanai,2023,Winter,TV,51815.0
3992,Tondemo Skill de Isekai Hourou Meshi,2023,Winter,TV,53446.0
3993,KJ File 2nd Season,2023,Winter,TV Short,53231.0
3994,Itai no wa Iya nano de Bougyoryoku ni Kyokufuri Shitai to Omoimasu. 2,2023,Winter,TV,41514.0
3995,Ooyukiumi no Kaina,2023,Winter,TV,50864.0
3996,Shin Shinka no Mi: Shiranai Uchi ni Kachigumi Jinsei,2023,Winter,TV,51495.0
3997,Cardfight!! Vanguard: will+Dress Season 2,2023,Winter,TV,49820.0
3998,Pokemon: Mezase Pokemon Master,2023,Winter,TV,53874.0
3999,Hikari no Ou,2023,Winter,TV,43760.0
4000,Mobile Suit Gundam: Cucuruz Doan's Island,2022,Spring,Movie,49827.0
4001,Eiga Gotoubun no Hanayome,2022,Spring,Movie,48548.0
4002,Toutotsu ni Egypt Shin 2,2023,Winter,TV Short,49522.0
4003,Majutsushi Orphen Hagure Tabi: Urbanrama-hen,2023,Winter,TV,53162.0
4004,Fushigiboshi no☆Futagohime,2005,Spring,TV,505.0
4005,Fushigiboshi no☆Futagohime Gyu!,2006,Spring,TV,1886.0
4006,Karakai Jouzu no Takagi-san Movie,2022,Spring,Movie,49722.0
4007,Hero Mask,2018,Fall,ONA,38628.0
4008,Hero Mask 2nd Season,2019,Summer,ONA,40154.0
4009,Entotsu Machi no Poupelle,2020,Fall,Movie,35609.0
4010,Nurarihyon no Mago OVA,2012,Fall,OVA,15959.0
4011,Nurarihyon no Mago: Gekitou Dai Futsal Taikai! Nuragumi W Cup!!,2010,Fall,Special,10886.0
4012,Hirogaru Sky! Precure,2023,Winter,TV,53716.0
4013,Gundam: G no Reconguista Movie I - Ike! Core Fighter,2019,Fall,Movie,38714.0
4014,Gundam: G no Reconguista Movie III - Uchuu kara no Isan,2021,Summer,Movie,43204.0
4015,Chikyuu Bouei Kigyou Dai-Guard,1999,Fall,TV,1312.0
4016,Shingeki no Kyojin: The Final Season - Kanketsu-hen,2023,Winter,Special,51535.0
4017,Yomigaeru Sora: Rescue Wings,2006,Winter,TV,798.0
4018,Tekken: Bloodline,2022,Summer,ONA,51347.0
4019,Oemojisangjuui,2022,Fall,ONA,53149.0
4020,"Mix: Meisei Story - Nidome no Natsu, Sora no Mukou e",2023,Spring,TV,52614.0
4021,Tengoku Daimakyou,2023,Spring,TV,53393.0
4022,Jigokuraku,2023,Spring,TV,46569.0
4023,Yamada-kun to Lv999 no Koi wo Suru,2023,Spring,TV,53126.0
4024,Edens Zero 2nd Season,2023,Spring,TV,50002.0
4025,Boku no Kokoro no Yabai Yatsu,2023,Spring,TV,52578.0
4026,Tousouchuu: Great Mission,2023,Spring,TV,54040.0
4027,Tensei Kizoku no Isekai Boukenroku: Jichou wo Shiranai Kamigami no Shito,2023,Spring,TV,52608.0
4028,Jijou wo Shiranai Tenkousei ga Guigui Kuru.,2023,Spring,TV,53621.0
4029,My Home Hero,2023,Spring,TV,52092.0
4030,Alice Gear Aegis Expansion,2023,Spring,TV,50871.0
4031,Kuma Kuma Kuma Bear Punch!,2023,Spring,TV,45486.0
4032,Isekai wa Smartphone to Tomo ni. 2,2023,Spring,TV,51632.0
4033,"Isekai de Cheat Skill wo Te ni Shita Ore wa, Genjitsu Sekai wo mo Musou Suru: Level Up wa Jinsei wo Kaeta",2023,Spring,TV,52830.0
4034,Kizuna no Allele,2023,Spring,TV,51139.0
4035,Skip to Loafer,2023,Spring,TV,50416.0
4036,Tokyo Mew Mew New ♡ 2nd Season,2023,Spring,TV,53097.0
4037,Kono Subarashii Sekai ni Bakuen wo!,2023,Spring,TV,51958.0
4038,The IDOLM@STER Cinderella Girls: U149,2023,Spring,TV,51536.0
4039,Kaminaki Sekai no Kamisama Katsudou,2023,Spring,TV,51693.0
4040,Mahoutsukai no Yome Season 2,2023,Spring,TV,52955.0
4041,Dr. Stone: New World,2023,Spring,TV,48549.0
4042,Watashi no Yuri wa Oshigoto desu!,2023,Spring,TV,51817.0
4043,Opus.COLORs,2023,Spring,TV,51415.0
4044,Yuusha ga Shinda!,2023,Spring,TV,51706.0
4045,Isekai One Turn Kill Neesan: Ane Douhan no Isekai Seikatsu Hajimemashita,2023,Spring,TV,51219.0
4046,Kawaisugi Crisis,2023,Spring,TV,53163.0
4047,Mashle,2023,Spring,TV,52211.0
4048,Tonikaku Kawaii 2nd Season,2023,Spring,TV,50307.0
4049,Birdie Wing: Golf Girls' Story Season 2,2023,Spring,TV,52229.0
4050,Rokudou no Onna-tachi,2023,Spring,TV,54259.0
4051,Megami no Café Terrace,2023,Spring,TV,52973.0
4052,Mahou Shoujo Magical Destroyers,2023,Spring,TV,48981.0
4053,Edomae Elf,2023,Spring,TV,52081.0
4054,Otonari ni Ginga,2023,Spring,TV,51705.0
4055,Isekai Shoukan wa Nidome desu,2023,Spring,TV,50220.0
4056,Mobile Suit Gundam: The Witch from Mercury Season 2,2023,Spring,TV,53199.0
4057,World Dai Star,2023,Spring,TV,53698.0
4058,Kimetsu no Yaiba: Katanakaji no Sato-hen,2023,Spring,TV,51019.0
4059,Ao no Orchestra,2023,Spring,TV,51614.0
4060,Kanojo ga Koushaku-tei ni Itta Riyuu,2023,Spring,TV,52308.0
4061,Dead Mount Death Play,2023,Spring,TV,53613.0
4062,Kimi wa Houkago Insomnia,2023,Spring,TV,50796.0
4063,The Marginal Service,2023,Spring,TV,53587.0
4064,Majutsushi Orphen Hagure Tabi: Seiiki-hen,2023,Spring,TV,54738.0
4065,[Oshi no Ko],2023,Spring,TV,52034.0
4066,Ousama Ranking: Yuuki no Takarabako,2023,Spring,TV,52657.0
4067,Pokemon,2023,Spring,TV,53876.0
4068,Uma Musume: Pretty Derby - Road to the Top,2023,Spring,ONA,51761.0
4069,Niehime to Kemono no Ou,2023,Spring,TV,46422.0
4070,Kono Subarashii Sekai ni Shukufuku wo! Kono Subarashii Choker ni Shukufuku wo!,2016,Spring,OVA,32380.0
4071,Kono Subarashii Sekai ni Shukufuku wo! 2: Kono Subarashii Geijutsu ni Shukufuku wo!,2017,Summer,OVA,34626.0
4072,Inu ni Nattara Suki na Hito ni Hirowareta. Specials,2023,Spring,Special,54225.0
4073,Yahari Ore no Seishun Love Comedy wa Machigatteiru. OVA,2013,Summer,OVA,18753.0
4074,Yahari Ore no Seishun Love Comedy wa Machigatteiru. Zoku OVA,2016,Fall,OVA,33161.0
4075,"Yahari Ore no Seishun Love Comedy wa Machigatteiru. Kan: Dakara, Shishunki wa Owarazu ni, Seishun wa Tsuzuiteiku.",2023,Spring,OVA,46431.0
4076,Sword Art Online: Progressive Movie - Kuraki Yuuyami no Scherzo,2022,Fall,Movie,50275.0
4077,Ultraman Final,2023,Spring,ONA,51653.0
4078,Boku ga Aishita Subete no Kimi e,2022,Fall,Movie,49834.0
4079,Kimi wo Aishita Hitori no Boku e,2022,Fall,Movie,49835.0
4080,Genjitsu no Yohane: Sunshine in the Mirror,2023,Summer,TV,52214.0
4081,Love Live! Nijigasaki Gakuen School Idol Doukoukai: Next Sky,2023,Summer,OVA,53671.0
4082,BanG Dream! It's MyGO!!!!!,2023,Summer,TV,54959.0
4083,Horimiya: Piece,2023,Summer,TV,54856.0
4084,Ryza no Atelier: Tokoyami no Joou to Himitsu no Kakurega,2023,Summer,TV,54760.0
4085,Ayaka,2023,Summer,TV,53428.0
4086,Uchi no Kaisha no Chiisai Senpai no Hanashi,2023,Summer,TV,53379.0
4087,"Jitsu wa Ore, Saikyou deshita?",2023,Summer,TV,52969.0
4088,Fate/strange Fake: Whispers of Dawn,2023,Summer,Special,53127.0
4089,Mushoku Tensei II: Isekai Ittara Honki Dasu: Shugo Jutsushi Fitz,2023,Summer,OVA,55818.0
4090,Masamune-kun no Revenge R,2023,Summer,TV,51498.0
4091,Lv1 Maou to One Room Yuusha,2023,Summer,TV,51458.0
4092,Mononogatari 2nd Season,2023,Summer,TV,54883.0
4093,Okashi na Tensei,2023,Summer,TV,52611.0
4094,Yumemiru Danshi wa Genjitsushugisha,2023,Summer,TV,53632.0
4095,Mushoku Tensei: Isekai Ittara Honki Dasu - Eris no Goblin Toubatsu,2022,Winter,Special,50360.0
4096,Suki na Ko ga Megane wo Wasureta,2023,Summer,TV,54234.0
4097,Jidou Hanbaiki ni Umarekawatta Ore wa Meikyuu wo Samayou,2023,Summer,TV,52619.0
4098,Watashi no Shiawase na Kekkon,2023,Summer,TV,51552.0
4100,Undead Girl Murder Farce,2023,Summer,TV,54790.0
4101,Higeki no Genkyou to Naru Saikyou Gedou Last Boss Joou wa Tami no Tame ni Tsukushimasu.,2023,Summer,TV,53438.0
4102,Jujutsu Kaisen 2nd Season,2023,Summer,TV,51009.0
4103,"Seija Musou: Salaryman, Isekai de Ikinokoru Tame ni Ayumu Michi",2023,Summer,TV,53263.0
4104,Rurouni Kenshin: Meiji Kenkaku Romantan (2023),2023,Summer,TV,50613.0
4105,Sugar Apple Fairy Tale Part 2,2023,Summer,TV,54842.0
4106,"Kanojo, Okarishimasu 3rd Season",2023,Summer,TV,53050.0
4107,Nanatsu no Maken ga Shihai suru,2023,Summer,TV,50582.0
4108,AI no Idenshi,2023,Summer,TV,53787.0
4109,Dekiru Neko wa Kyou mo Yuuutsu,2023,Summer,TV,51916.0
4110,Cardfight!! Vanguard: will+Dress Season 3,2023,Summer,TV,52079.0
4111,Shadowverse Flame: Seven Shadows-hen,2023,Summer,TV,54854.0
4112,Level 1 dakedo Unique Skill de Saikyou desu,2023,Summer,TV,51764.0
4113,Liar Liar,2023,Summer,TV,48633.0
4114,BLEACH: Sennen Kessen-hen - Ketsubetsu-tan,2023,Summer,TV,53998.0
4115,Temple,2023,Summer,TV,54275.0
4116,Zom 100: Zombie ni Naru made ni Shitai 100 no Koto,2023,Summer,TV,54112.0
4117,Shinigami Bocchan to Kuro Maid 2nd Season,2023,Summer,TV,49858.0
4118,Eiyuu Kyoushitsu,2023,Summer,TV,49894.0
4119,Mushoku Tensei II: Isekai Ittara Honki Dasu,2023,Summer,TV,51179.0
4120,Dark Gathering,2023,Summer,TV,52505.0
4121,Yami Shibai 11,2023,Summer,TV Short,55166.0
4122,Synduality: Noir,2023,Summer,TV,53026.0
4123,Helck,2023,Summer,TV,51020.0
4124,Bungou Stray Dogs 5th Season,2023,Summer,TV,54898.0
4125,Shiro Seijo to Kuro Bokushi,2023,Summer,TV,52082.0
4126,Spy Kyoushitsu 2nd Season,2023,Summer,TV,54947.0
4127,Hataraku Maou-sama!! 2nd Season,2023,Summer,TV,53200.0
4128,Tonikaku Kawaii: SNS,2021,Summer,OVA,44931.0
4129,Tonikaku Kawaii: Seifuku,2022,Fall,Special,51533.0
4130,Tonikaku Kawaii: Joshikou-hen,2023,Summer,ONA,55651.0
4131,Hibike! Euphonium: Ensemble Contest-hen,2023,Summer,OVA,51995.0
4132,Sakura Taisen: New York,2007,Spring,OVA,2168.0
4133,Suzume no Tojimari,2022,Fall,Movie,50594.0
4134,Boukensha ni Naritai to Miyako ni Deteitta Musume ga S-Rank ni Natteta,2023,Fall,TV,53494.0
4135,Ojou to Banken-kun,2023,Fall,TV,53300.0
4136,Sousou no Frieren,2023,Fall,TV,52991.0
4137,Megumi no Daigo: Kyuukoku no Orange,2023,Fall,TV,53848.0
4138,MF Ghost,2023,Fall,TV,50695.0
4139,Ragna Crimson,2023,Fall,TV,51297.0
4140,Sasaki to Miyano Movie: Sotsugyou-hen,2023,Winter,Movie,51440.0
4141,"Shangri-La Frontier: Kusoge Hunter, Kamige ni Idoman to su",2023,Fall,TV,52347.0
4142,Captain Tsubasa Season 2: Junior Youth-hen,2023,Fall,TV,54803.0
4143,Yuzuki-san Chi no Yonkyoudai.,2023,Fall,TV,55153.0
4144,Dekoboko Majo no Oyako Jijou,2023,Fall,TV,52985.0
4145,Overtake!,2023,Fall,TV,54301.0
4146,Boushoku no Berserk,2023,Fall,TV,53439.0
4147,Migi to Dali,2023,Fall,TV,50586.0
4148,Watashi no Oshi wa Akuyaku Reijou.,2023,Fall,TV,53833.0
4149,B-Project: Netsuretsu*Love Call,2023,Fall,TV,44081.0
4150,Toaru Ossan no VRMMO Katsudouki,2023,Fall,TV,54431.0
4151,Paradox Live the Animation,2023,Fall,TV,51956.0
4152,Seijo no Maryoku wa Bannou desu 2nd Season,2023,Fall,TV,51215.0
4153,Tokyo Revengers: Tenjiku-hen,2023,Fall,TV,54918.0
4154,Kage no Jitsuryokusha ni Naritakute! 2nd Season,2023,Fall,TV,54595.0
4155,"Konyaku Haki sareta Reijou wo Hirotta Ore ga, Ikenai Koto wo Oshiekomu",2023,Fall,TV,52934.0
4156,Kizuna no Allele Season 2,2023,Fall,TV,55775.0
4157,Uma Musume: Pretty Derby Season 3,2023,Fall,TV,53526.0
4158,16bit Sensation: Another Layer,2023,Fall,TV,54041.0
4159,Kamierabi,2023,Fall,TV,54798.0
4160,Bullbuster,2023,Fall,TV,53633.0
4161,Mahoutsukai no Yome Season 2 Part 2,2023,Fall,TV,55742.0
4163,Under Ninja,2023,Fall,TV,49766.0
4164,Tate no Yuusha no Nariagari Season 3,2023,Fall,TV,40357.0
4165,Goblin Slayer II,2023,Fall,TV,47160.0
4166,"Keikenzumi na Kimi to, Keiken Zero na Ore ga, Otsukiai suru Hanashi.",2023,Fall,TV,52990.0
4167,Hypnosis Mic: Division Rap Battle - Rhyme Anima +,2023,Fall,TV,54858.0
4168,Arknights: Touin Kiro,2023,Fall,TV,53881.0
4169,Hametsu no Oukoku,2023,Fall,TV,54362.0
4170,Kanojo mo Kanojo Season 2,2023,Fall,TV,53040.0
4171,Saihate no Paladin: Tetsusabi no Yama no Ou,2023,Fall,TV,50664.0
4172,Spy x Family Season 2,2023,Fall,TV,53887.0
4173,Atarashii Joushi wa Do Tennen,2023,Fall,TV,55310.0
4174,"Tearmoon Teikoku Monogatari: Dantoudai kara Hajimaru, Hime no Tensei Gyakuten Story",2023,Fall,TV,52962.0
4175,Bokura no Ameiro Protocol,2023,Fall,TV,55894.0
4176,Kibou no Chikara: Otona Precure '23,2023,Fall,TV,54716.0
4177,Kimi no Koto ga Dai Dai Dai Dai Daisuki na 100-nin no Kanojo,2023,Fall,TV,54714.0
4178,Kamonohashi Ron no Kindan Suiri,2023,Fall,TV,53879.0
4179,Hoshikuzu Telepath,2023,Fall,TV,53262.0
4180,Kawagoe Boys Sing,2023,Fall,TV,54638.0
4181,Shy,2023,Fall,TV,53237.0
4182,Seiken Gakuin no Makentsukai,2023,Fall,TV,50184.0
4183,Dead Mount Death Play Part 2,2023,Fall,TV,54743.0
4184,Kaguya-sama wa Kokurasetai: First Kiss wa Owaranai,2022,Fall,TV,52198.0
4185,Houkago Shounen Hanako-kun,2023,Fall,TV Short,56425.0
4186,Dr. Stone: New World Part 2,2023,Fall,TV,55644.0
4187,Undead Unluck,2023,Fall,TV,52741.0
4188,Hikikomari Kyuuketsuki no Monmon,2023,Fall,TV,54103.0
4189,Kikansha no Mahou wa Tokubetsu desu,2023,Fall,TV,54852.0
4190,Buta no Liver wa Kanetsu Shiro,2023,Fall,TV,50583.0
4191,Potion-danomi de Ikinobimasu!,2023,Fall,TV,54616.0
4192,The iDOLM@STER Million Live!,2023,Fall,TV,42385.0
4193,Kusuriya no Hitorigoto,2023,Fall,TV,54492.0
4194,Tensei shitara Slime Datta Ken OVA,2019,Summer,OVA,38793.0
4195,Tensei shitara Slime Datta Ken: Coleus no Yume,2023,Fall,ONA,54565.0
4196,Summer Ghost,2021,Fall,Movie,48171.0
4197,Danchigai: Juusan Goutou Sentou Ikitai!!,2015,Summer,Special,31683.0
4198,Shiguang Dailiren II,2023,Summer,ONA,49413.0
4199,Seishun Buta Yarou wa Odekake Sister no Yume wo Minai,2023,Spring,Movie,53129.0
4200,"Jashin-chan Dropkick ""Seikimatsu-hen""",2023,Fall,Special,55237.0
4201,Isekai de Mofumofu Nadenade suru Tame ni Ganbattemasu.,2024,Winter,TV,52359.0
4202,Jaku-Chara Tomozaki-kun 2nd Stage,2024,Winter,TV,50803.0
4203,Mahou Shoujo ni Akogarete,2024,Winter,TV,54722.0
4204,Mato Seihei no Slave,2024,Winter,TV,50392.0
4205,"Sokushi Cheat ga Saikyou sugite, Isekai no Yatsura ga Marude Aite ni Naranai n desu ga.",2024,Winter,TV,53730.0
4206,Nozomanu Fushi no Boukensha,2024,Winter,TV,51648.0
4207,Dog Signal,2023,Fall,TV,54294.0
4208,Momochi-san Chi no Ayakashi Ouji,2024,Winter,TV,55998.0
4209,Yubisaki to Renren,2024,Winter,TV,55866.0
4210,Kekkon Yubiwa Monogatari,2024,Winter,TV,54265.0
4211,Mashle 2nd Season,2024,Winter,TV,55813.0
4212,Boku no Kokoro no Yabai Yatsu Season 2,2024,Winter,TV,55690.0
4213,"Saikyou Tank no Meikyuu Kouryaku: Tairyoku 9999 no Rare Skill-mochi Tank, Yuusha Party wo Tsuihou sareru",2024,Winter,TV,56845.0
4214,"Shin no Nakama ja Nai to Yuusha no Party wo Oidasareta node, Henkyou de Slow Life suru Koto ni Shimashita 2nd",2024,Winter,TV,53488.0
4215,Kyuujitsu no Warumono-san,2024,Winter,TV,54617.0
4216,High Card Season 2,2024,Winter,TV,54869.0
4217,Synduality: Noir Part 2,2024,Winter,TV,56731.0
4218,Tsuki ga Michibiku Isekai Douchuu 2nd Season,2024,Winter,TV,49889.0
4219,Oroka na Tenshi wa Akuma to Odoru,2024,Winter,TV,55129.0
4220,"Hime-sama, ""Goumon"" no Jikan desu",2024,Winter,TV,55774.0
4221,Akuyaku Reijou Level 99: Watashi wa Ura-Boss desu ga Maou dewa Arimasen,2024,Winter,TV,54837.0
4222,Ishura,2024,Winter,TV,54449.0
4223,Gekai Elise,2024,Winter,TV,54632.0
4224,Youkoso Jitsuryoku Shijou Shugi no Kyoushitsu e 3rd Season,2024,Winter,TV,51180.0
4225,30-sai made Doutei dato Mahoutsukai ni Nareru Rashii,2024,Winter,TV,55973.0
4226,Dungeon Meshi,2024,Winter,TV,52701.0
4227,Gekkan Mousou Kagaku,2024,Winter,TV,56691.0
4228,Urusei Yatsura (2022) 2nd Season,2024,Winter,TV,54829.0
4229,Majo to Yajuu,2024,Winter,TV,52816.0
4230,Sasaki to Pii-chan,2024,Winter,TV,52482.0
4231,Saijaku Tamer wa Gomi Hiroi no Tabi wo Hajimemashita.,2024,Winter,TV,53590.0
4232,Chiyu Mahou no Machigatta Tsukaikata,2024,Winter,TV,49613.0
4233,Snack Basue,2024,Winter,TV,55636.0
4234,Bucchigiri?!,2024,Winter,TV,55358.0
4235,Ore dake Level Up na Ken,2024,Winter,TV,52299.0
4236,Ao no Exorcist: Shimane Illuminati-hen,2024,Winter,TV,53889.0
4237,"Loop 7-kaime no Akuyaku Reijou wa, Moto Tekikoku de Jiyuu Kimama na Hanayome Seikatsu wo Mankitsu suru",2024,Winter,TV,56352.0
4238,Hikari no Ou 2nd Season,2024,Winter,TV,54754.0
4239,Yami Shibai 12,2024,Winter,TV Short,57180.0
4240,Dosanko Gal wa Namara Menkoi,2024,Winter,TV,53421.0
4241,Metallic Rouge,2024,Winter,TV,54794.0
4242,Sengoku Youko,2024,Winter,TV,56242.0
4243,Yuuki Bakuhatsu Bang Bravern,2024,Winter,TV,55528.0
4244,Cardfight!! Vanguard: Divinez,2024,Winter,TV,54142.0
4245,Kingdom 5th Season,2024,Winter,TV,53223.0
4246,Shaman King: Flowers,2024,Winter,TV,51673.0
4247,Psycho-Pass Movie: Providence,2023,Spring,Movie,52747.0
4248,Bishoujo Senshi Sailor Moon Cosmos Movie 1,2023,Spring,Movie,51716.0
4249,Bishoujo Senshi Sailor Moon Cosmos Movie 2,2023,Spring,Movie,51716.0
4250,Wonderful Precure!,2024,Winter,TV,57390.0
4251,Gotoubun no Hanayome∽,2023,Summer,Special,54915.0
4252,Nanatsu no Taizai: Mokushiroku no Yonkishi,2023,Fall,TV,51794.0
4253,Honoo no Labyrinth,2000,Fall,OVA,581.0
4254,Ninja Kamui,2024,Winter,TV,56285.0
4255,Beyblade X,2023,Fall,TV,56566.0
4256,"One Room, Hiatari Futsuu, Tenshi-tsuki.",2024,Spring,TV,56838.0
4258,Shuumatsu Train Doko e Iku?,2024,Spring,TV,53356.0
4259,Re:Monster,2024,Spring,TV,56690.0
4260,"Tensei shitara Dainana Ouji Datta node, Kimama ni Majutsu wo Kiwamemasu",2024,Spring,TV,53516.0
4261,Ookami to Koushinryou: Merchant Meets the Wise Wolf,2024,Spring,TV,51122.0
4262,Touken Ranbu Kai: Kyoden Moyuru Honnouji,2024,Spring,TV,51859.0
4263,Bartender: Kami no Glass,2024,Spring,TV,53407.0
4265,Yuru Camp△ Season 3,2024,Spring,TV,53410.0
4266,Wind Breaker,2024,Spring,TV,54900.0
4267,"Maou no Ore ga Dorei Elf wo Yome ni Shitanda ga, Dou Medereba Ii?",2024,Spring,TV,53434.0
4268,Hananoi-kun to Koi no Yamai,2024,Spring,TV,55597.0
4269,Henjin no Salad Bowl,2024,Spring,TV,55877.0
4270,Nijiyon Animation 2,2024,Spring,TV Short,57623.0
4271,Tensei shitara Slime Datta Ken 3rd Season,2024,Spring,TV,53580.0
4272,GIRLS BAND CRY,2024,Spring,TV,55102.0
4273,Ooi! Tonbo,2024,Spring,TV,55194.0
4274,The Fable,2024,Spring,TV,55911.0
4275,Tonari no Youkai-san,2024,Spring,TV,51461.0
4276,Shinkalion: Change the World,2024,Spring,TV,57798.0
4277,Shinigami Bocchan to Kuro Maid 3rd Season,2024,Spring,TV,56738.0
4278,"Tensei Kizoku, Kantei Skill de Nariagaru",2024,Spring,TV,55265.0
4279,Hibike! Euphonium 3,2024,Spring,TV,39894.0
4280,Jiisan Baasan Wakagaeru,2024,Spring,TV,56230.0
4281,Vampire Dormitory,2024,Spring,TV,57031.0
4282,Kami wa Game ni Ueteiru.,2024,Spring,TV,50869.0
4283,Lv2 kara Cheat datta Motoyuusha Kouho no Mattari Isekai Life,2024,Spring,TV,56923.0
4284,Himitsu no AiPri,2024,Spring,TV,57946.0
4285,"Tadaima, Okaeri",2024,Spring,TV,56768.0
4286,Rinkai!,2024,Spring,TV,54859.0
4287,Boukyaku Battery (TV),2024,Spring,TV,56165.0
4288,Unnamed Memory,2024,Spring,TV,53835.0
4289,Dekisokonai to Yobareta Motoeiyuu wa Jikka kara Tsuihou sareta node Sukikatte ni Ikiru Koto ni Shita,2024,Spring,TV,55717.0
4290,Seiyuu Radio no Uraomote,2024,Spring,TV,53912.0
4291,Ooyukiumi no Kaina: Hoshi no Kenja,2023,Fall,Movie,54122.0
4292,Kaii to Otome to Kamikakushi,2024,Spring,TV,54199.0
4293,Kono Subarashii Sekai ni Shukufuku wo! 3,2024,Spring,TV,49458.0
4294,Kenka Dokugaku,2024,Spring,TV,58080.0
4295,Date A Live V,2024,Spring,TV,52196.0
4296,Tensei shitara Slime Datta Ken Movie: Guren no Kizuna-hen,2022,Fall,Movie,49877.0
4297,Yuru Camp△ Movie,2022,Summer,Movie,38475.0
4298,Girls und Panzer das Finale Part 4,2023,Fall,Movie,39167.0
4299,Girls und Panzer: Taichou War!,2024,Spring,OVA,58606.0
4300,Astro Note,2024,Spring,TV,57391.0
4301,Mahouka Koukou no Rettousei 3rd Season,2024,Spring,TV,50713.0
4302,The iDOLM@STER Shiny Colors,2024,Spring,TV,54758.0
4303,Sasayaku You ni Koi wo Utau,2024,Spring,TV,54233.0
4304,Karasu wa Aruji wo Erabanai,2024,Spring,TV,56980.0
4305,Yoru no Kurage wa Oyogenai,2024,Spring,TV,54839.0
4306,Sentai Daishikkaku,2024,Spring,TV,53770.0
4307,Yozakura-san Chi no Daisakusen,2024,Spring,TV,53865.0
4308,Mushoku Tensei II: Isekai Ittara Honki Dasu Part 2,2024,Spring,TV,55888.0
4309,Shadowverse Flame: Arc-hen,2024,Spring,TV,57614.0
4310,Blue Archive the Animation,2024,Spring,TV,54309.0
4311,Kengan Ashura Season 2,2023,Summer,ONA,51369.0
4313,"Maou Gakuin no Futekigousha II: Shijou Saikyou no Maou no Shiso, Tensei shite Shison-tachi no Gakkou e Kayou Part 2",2024,Spring,TV,48418.0
4314,Highspeed Etoile,2024,Spring,TV,52405.0
4315,Kaijuu 8-gou,2024,Spring,TV,52588.0
4316,Kuroshitsuji: Kishuku Gakkou-hen,2024,Spring,TV,55855.0
4317,The New Gate,2024,Spring,TV,57100.0
4318,Boku no Hero Academia 7th Season,2024,Spring,TV,54789.0
4319,T.P BON,2024,Spring,ONA,56840.0
4320,Kimetsu no Yaiba: Hashira Geiko-hen,2024,Spring,TV,55701.0
4321,Oomuro-ke: Dear Sisters,2024,Winter,Movie,56175.0
4322,Pon no Michi,2024,Winter,TV,55397.0
4323,Maougun Saikyou no Majutsushi wa Ningen datta,2024,Summer,TV,57876.0
4324,Dead Dead Demons Dededede Destruction (ONA),2024,Spring,ONA,58883.0
4325,Garouden: The Way of the Lone Wolf,2024,Spring,ONA,58717.0
4326,Rising Impact,2024,Spring,ONA,57487.0
4327,Maarui Kanojo to Zannen na Kareshi,2024,Spring,TV Short,59049.0
4328,Isekai Suicide Squad,2024,Summer,TV,55848.0
4329,Boku no Tsuma wa Kanjou ga Nai,2024,Summer,TV,58272.0
4330,Shy 2nd Season,2024,Summer,TV,57567.0
4331,"Shinmai Ossan Boukensha, Saikyou Party ni Shinu hodo Kitaerarete Muteki ni Naru.",2024,Summer,TV,54913.0
4332,Tasuuketsu,2024,Summer,TV,57945.0
4333,Tokidoki Bosotto Russia-go de Dereru Tonari no Alya-san,2024,Summer,TV,54744.0
4334,[Oshi no Ko] 2nd Season,2024,Summer,TV,55791.0
4335,Rokumon Tengai Mon Colle Knights,2000,Winter,TV,4962.0
4336,Gate Keepers,2000,Spring,TV,127.0
4337,Gimai Seikatsu,2024,Summer,TV,52481.0
4338,Giji Harem,2024,Summer,TV,54968.0
4339,Tasogare Out Focus,2024,Summer,TV,55844.0
4340,Ramen Akaneko,2024,Summer,TV,57325.0
4341,"Ore wa Subete wo ""Parry"" suru: Gyaku Kanchigai no Sekai Saikyou wa Boukensha ni Naritai",2024,Summer,TV,57058.0
4342,Megami no Café Terrace 2nd Season,2024,Summer,TV,55749.0
4343,Senpai wa Otokonoko,2024,Summer,TV,54855.0
4344,2.5-jigen no Ririsa,2024,Summer,TV,53802.0
4345,NieR:Automata Ver1.1a Part 2,2024,Summer,TV,56063.0
4346,Dungeon no Naka no Hito,2024,Summer,TV,56348.0
4347,Kono Sekai wa Fukanzen Sugiru,2024,Summer,TV,54835.0
4348,Cardfight!! Vanguard: Divinez Season 2,2024,Summer,TV,54143.0
4349,Madougushi Dahliya wa Utsumukanai,2024,Summer,TV,56449.0
4350,Mob kara Hajimaru Tansaku Eiyuutan,2024,Summer,TV,57646.0
4351,Monogatari Series: Off & Monster Season,2024,Summer,ONA,57864.0
4352,Elf-san wa Yaserarenai.,2024,Summer,TV Short,57845.0
4353,Tensui no Sakuna-hime,2024,Summer,TV,58357.0
4354,Nige Jouzu no Wakagimi,2024,Summer,TV,54724.0
4355,Shoushimin Series,2024,Summer,TV,57810.0
4356,Fairy Tail: 100-nen Quest,2024,Summer,TV,49785.0
4357,Tsue to Tsurugi no Wistoria,2024,Summer,TV,58059.0
4358,Shikanoko Nokonoko Koshitantan,2024,Summer,TV,58426.0
4359,Kami no Tou: Ouji no Kikan,2024,Summer,TV,52635.0
4360,Na Nare Hana Nare,2024,Summer,TV,57099.0
4361,VTuber Nandaga Haishin Kiri Wasuretara Densetsu ni Natteta,2024,Summer,TV,54284.0
4362,Isekai Yururi Kikou: Kosodateshinagara Boukensha Shimasu,2024,Summer,TV,57380.0
4363,Egumi Legacy,2024,Summer,TV Short,58926.0
4364,Katsute Mahou Shoujo to Aku wa Tekitai shiteita.,2024,Summer,TV Short,57217.0
4365,Isekai Shikkaku,2024,Summer,TV,52367.0
4366,Koi wa Futago de Warikirenai,2024,Summer,TV,55996.0
4367,"Kimi to Boku no Saigo no Senjou, Aruiwa Sekai ga Hajimaru Seisen Season II",2024,Summer,TV,49981.0
4368,Mayonaka Punch,2024,Summer,TV,57947.0
4369,"Hazurewaku no ""Joutai Ijou Skill"" de Saikyou ni Natta Ore ga Subete wo Juurin suru made",2024,Summer,TV,57892.0
4370,"Bye Bye, Earth",2024,Summer,TV,53626.0
4371,Make Heroine ga Oosugiru!,2024,Summer,TV,57524.0
4372,Grendizer U,2024,Summer,TV,56189.0
4373,Code Geass: Dakkan no Rozé,2024,Summer,ONA,56835.0
4374,Kinnikuman: Kanpeki Chоujin Shiso-hen,2024,Summer,TV,54730.0
4375,Yami Shibai 13,2024,Summer,TV Short,59010.0
4376,Atri: My Dear Moments,2024,Summer,TV,53128.0
4377,T.P BON Season 2,2024,Summer,ONA,59274.0
4378,Sengoku Youko: Senma Konton-hen,2024,Summer,TV,58488.0
4379,Naze Boku no Sekai wo Daremo Oboeteinai no ka?,2024,Summer,TV,56062.0
4380,Bastard!! Ankoku no Hakaishin: Jigoku no Chinkonka-hen,2023,Summer,ONA,54141.0
4381,Seishun Buta Yarou wa Randoseru Girl no Yume wo Minai,2023,Fall,Movie,54870.0
4382,Spy x Family Movie: Code: White,2023,Fall,Movie,53888.0
4383,Gendai Goyaku,2024,Summer,TV Short,59011.0
4384,Ryuu to Sobakasu no Hime,2021,Summer,Movie,44807.0
4385,The First Slam Dunk,2022,Fall,Movie,45649.0
4386,Kimi ni Todoke 3rd Season,2024,Summer,ONA,56538.0
4387,Crayon Shin-chan Movie 31: Chounouryoku Daikessen - Tobe Tobe Temakizushi,2023,Summer,Movie,53810.0
4388,Zankoku Douwa: Utsukushi-hime,2024,Summer,Special,59612.0
4389,"Maou-sama, Retry! R",2024,Fall,TV,56400.0
4390,Kengan Ashura Season 2 Part 2,2024,Summer,ONA,56704.0
4391,Uzumaki,2024,Fall,TV,40333.0
4392,"Tensei Kizoku, Kantei Skill de Nariagaru 2nd Season",2024,Fall,TV,59131.0
4393,Amagami-san Chi no Enmusubi,2024,Fall,TV,55071.0
4394,"Saikyou no Shienshoku ""Wajutsushi"" de Aru Ore wa Sekai Saikyou Clan wo Shitagaeru",2024,Fall,TV,58714.0
4395,Rekishi ni Nokoru Akujo ni Naru zo,2024,Fall,TV,56228.0
4396,Kankin Kuiki Level X,2024,Fall,TV,59505.0
4397,Acro Trip,2024,Fall,TV,53723.0
4398,Re:Zero kara Hajimeru Isekai Seikatsu 3rd Season,2024,Fall,TV,54857.0
4399,Shin Tennis no Oujisama: U-17 World Cup Semifinal,2024,Fall,TV,55570.0
4400,Kamierabi 2nd Season,2024,Fall,TV,56967.0
4401,Ao no Hako,2024,Fall,TV,57181.0
4402,Dandadan,2024,Fall,TV,57334.0
4403,Dungeon ni Deai wo Motomeru no wa Machigatteiru Darou ka V: Houjou no Megami-hen,2024,Fall,TV,57066.0
4404,Kinoko Inu,2024,Fall,TV,58854.0
4405,Hitoribocchi no Isekai Kouryaku,2024,Fall,TV,57891.0
4406,"Sayounara Ryuusei, Konnichiwa Jinsei",2024,Fall,TV,58445.0
4407,Mecha-ude (TV),2024,Fall,TV,53033.0
4408,Trillion Game,2024,Fall,TV,56662.0
4409,Rurouni Kenshin: Meiji Kenkaku Romantan - Kyoto Douran,2024,Fall,TV,57554.0
4410,Sword Art Online Alternative: Gun Gale Online II,2024,Fall,TV,55994.0
4411,Kabushiki Gaisha Magi Lumiere,2024,Fall,TV,57360.0
4412,The iDOLM@STER Shiny Colors 2nd Season,2024,Fall,TV,58302.0
4413,Mahoutsukai ni Narenakatta Onnanoko no Hanashi,2024,Fall,TV,58173.0
4414,Goukon ni Ittara Onna ga Inakatta Hanashi,2024,Fall,TV,56843.0
4415,Ooi! Tonbo 2nd Season,2024,Fall,TV,59175.0
4416,BLEACH: Sennen Kessen-hen - Soukoku-tan,2024,Fall,TV,56784.0
4417,Hyakushou Kizoku 2nd Season,2024,Fall,TV Short,57562.0
4418,Ao no Exorcist: Yuki no Hate-hen,2024,Fall,TV,58516.0
4419,Blue Lock vs. U-20 Japan,2024,Fall,TV,54865.0
4420,Kimi wa Meido-sama.,2024,Fall,TV,57611.0
4421,Chi.: Chikyuu no Undou ni Tsuite,2024,Fall,TV,52215.0
4422,"Party kara Tsuihou sareta Sono Chiyushi, Jitsu wa Saikyou ni Tsuki",2024,Fall,TV,57944.0
4423,Punirunes Puni 2,2024,Fall,TV Short,59512.0
4424,Ranma ½ (2024),2024,Fall,TV,59145.0
4425,Kami no Tou: Koubou-sen,2024,Fall,TV,59989.0
4426,"Tsuma, Shougakusei ni Naru.",2024,Fall,TV,54726.0
4427,Nanatsu no Taizai: Mokushiroku no Yonkishi 2nd Season,2024,Fall,TV,58511.0
4428,Puniru wa Kawaii Slime,2024,Fall,TV,57517.0
4429,MF Ghost 2nd Season,2024,Fall,TV,57559.0
4430,Nageki no Bourei wa Intai shitai,2024,Fall,TV,58172.0
4431,Love Live! Superstar!! 3rd Season,2024,Fall,TV,53287.0
4432,Murai no Koi,2024,Fall,ONA,52080.0
4433,Haigakura,2024,Fall,TV,56420.0
4434,Hoshifuru Oukoku no Nina,2024,Fall,TV,57362.0
4435,Raise wa Tanin ga Ii,2024,Fall,TV,56964.0
4436,Kamonohashi Ron no Kindan Suiri 2nd Season,2024,Fall,TV,57635.0
4437,Natsume Yuujinchou Shichi,2024,Fall,TV,55823.0
4438,Seirei Gensouki 2,2024,Fall,TV,50306.0
4439,Youkai Gakkou no Sensei Hajimemashita!,2024,Fall,TV,57533.0
4440,Yarinaoshi Reijou wa Ryuutei Heika wo Kouryakuchuu,2024,Fall,TV,55150.0
4441,NegaPosi Angler,2024,Fall,TV,59425.0
4442,"Kekkon suru tte, Hontou desu ka",2024,Fall,TV,55887.0
4443,Touhai: Ura Rate Mahjong Touhai Roku,2024,Fall,TV,57796.0
4444,"Shangri-La Frontier: Kusoge Hunter, Kamige ni Idoman to su 2nd Season",2024,Fall,TV,58572.0
4445,Bananya: Around the World,2024,Fall,ONA,59666.0
4446,Arifureta Shokugyou de Sekai Saikyou Season 3,2024,Fall,TV,52995.0
4447,Houkago Shounen Hanako-kun Part 2,2024,Fall,TV Short,57102.0
4448,Elf-san wa Yaserarenai. Specials,2024,Fall,Special,59820.0
4449,Dragon Ball Daima,2024,Fall,TV,56894.0
4450,Ao no Miburo,2024,Fall,TV,56647.0
4451,Maou 2099,2024,Fall,TV,54853.0
4452,One Piece Fan Letter,2024,Fall,Special,60022.0
4453,One Piece: Gyojin Tou-hen,2024,Fall,TV,60108.0
4454,Beastars Final Season,2024,Fall,ONA,49469.0
4455,Hamidashi Creative,2024,Fall,TV Short,56461.0
4456,"Meitou ""Isekai no Yu"" Kaitakuki: Around 40 Onsen Mania no Tensei Saki wa, Nonbiri Onsen Tengoku deshita",2024,Winter,TV Short,57315.0
4457,Fate/strange Fake,2026,Winter,TV,55830.0
4458,Salaryman ga Isekai ni Ittara Shitennou ni Natta Hanashi,2025,Winter,TV,59349.0
4459,Izure Saikyou no Renkinjutsushi?,2025,Winter,TV,58822.0
4460,Ameku Takao no Suiri Karte,2025,Winter,TV,58600.0
4461,"Hazure Skill ""Kinomi Master"": Skill no Mi (Tabetara Shinu) wo Mugen ni Taberareru You ni Natta Ken ni Tsuite",2025,Winter,TV,59002.0
4462,Momentary Lily,2025,Winter,TV,58739.0
4463,Sorairo Utility (TV),2025,Winter,TV,58066.0
4464,Tasokare Hotel,2025,Winter,TV,59136.0
4465,Class no Daikirai na Joshi to Kekkon suru Koto ni Natta.,2025,Winter,TV,59135.0
4466,"S-Rank Monster no ""Behemoth"" dakedo, Neko to Machigawarete Elf Musume no Pet toshite Kurashitemasu",2025,Winter,TV,58473.0
4467,Ore dake Level Up na Ken Season 2: Arise from the Shadow,2025,Winter,TV,58567.0
4468,Ao no Exorcist: Yosuga-hen,2025,Winter,TV,59226.0
4469,Okinawa de Suki ni Natta Ko ga Hougen Sugite Tsurasugiru,2025,Winter,TV,55842.0
4470,NEET Kunoichi to Nazeka Dousei Hajimemashita,2025,Winter,TV Short,58082.0
4471,Kisaki Kyouiku kara Nigetai Watashi,2025,Winter,TV,57050.0
4472,Zenshuu.,2025,Winter,TV,58502.0
4473,Yami Shibai 14,2025,Winter,TV Short,60410.0
4474,Watashi no Shiawase na Kekkon: Watashi no Shiawase na Katachi,2024,Winter,OVA,55889.0
4475,Alice to Therese no Maboroshi Koujou,2023,Summer,Movie,49303.0
4476,Watashi no Shiawase na Kekkon 2nd Season,2025,Winter,TV,56701.0
4477,Kuroiwa Medaka ni Watashi no Kawaii ga Tsuujinai,2025,Winter,TV,58853.0
4478,Kono Kaisha ni Suki na Hito ga Imasu,2025,Winter,TV,59361.0
4479,Mahoutsukai no Yakusoku,2025,Winter,TV,57152.0
4480,"Botsuraku Yotei no Kizoku dakedo, Hima Datta kara Mahou wo Kiwametemita",2025,Winter,TV,58437.0
4481,Unnamed Memory Act.2,2025,Winter,TV,59142.0
4482,"Hana wa Saku, Shura no Gotoku",2025,Winter,TV,59055.0
4483,Magic Maker: Isekai Mahou no Tsukurikata,2025,Winter,TV,59265.0
4484,Grisaia: Phantom Trigger,2025,Winter,TV,51119.0
4485,Honey Lemon Soda,2025,Winter,TV,58271.0
4486,Okaimono Panda!,2024,Fall,TV Short,58827.0
4487,Around 40 Otoko no Isekai Tsuuhan,2025,Winter,TV,59561.0
4488,Dr. Stone: Science Future,2025,Winter,TV,57592.0
4489,BanG Dream! Ave Mujica,2025,Winter,TV,56653.0
4490,"Fuguushoku ""Kanteishi"" ga Jitsu wa Saikyou Datta",2025,Winter,TV,59144.0
4491,Akuyaku Reijou Tensei Ojisan,2025,Winter,TV,57719.0
4492,Sousei no Aquarion: Myth of Emotions,2025,Winter,TV,54769.0
4493,"Douse, Koishite Shimaunda.",2025,Winter,TV,58259.0
4494,Farmagia,2025,Winter,TV,59113.0
4495,Nihon e Youkoso Elf-san.,2025,Winter,TV,57648.0
4496,Kusuriya no Hitorigoto 2nd Season,2025,Winter,TV,58514.0
4497,"Guild no Uketsukejou desu ga, Zangyou wa Iya nanode Boss wo Solo Toubatsu Shiyou to Omoimasu",2025,Winter,TV,55997.0
4498,Übel Blatt,2025,Winter,TV,58216.0
4499,Sakamoto Days,2025,Winter,TV,58939.0
4500,Mahoutsukai Precure!! Mirai Days,2025,Winter,TV,54717.0
4501,Medalist,2025,Winter,TV,55318.0
4502,Babanbabanban Vampire,2025,Winter,TV,58265.0
4503,"A-Rank Party wo Ridatsu shita Ore wa, Moto Oshiego-tachi to Meikyuu Shinbu wo Mezasu.",2025,Winter,TV,59730.0
4504,Jibaku Shounen Hanako-kun 2,2025,Winter,TV,53924.0
4505,Kimi no Koto ga Dai Dai Dai Dai Daisuki na 100-nin no Kanojo 2nd Season,2025,Winter,TV,57616.0
4506,Kinnikuman: Kanpeki Chоujin Shiso-hen Season 2,2025,Winter,TV,59914.0
4507,Ishura 2nd Season,2025,Winter,TV,58484.0
4508,Delico's Nursery,2024,Summer,TV,56179.0
4509,UniteUp! Uni:Birth,2025,Winter,TV,56135.0
4510,Sentai Red Isekai de Boukensha ni Naru,2025,Winter,TV,59514.0
4511,Love Live! Nijigasaki Gakuen School Idol Doukoukai: Kanketsu-hen,2024,Summer,Movie,55748.0
4512,Genjitsu no Yohane: Sunshine in the Mirror Movie,2024,Fall,Movie,59190.0
4513,Haikyuu!! Movie: Gomisuteba no Kessen,2024,Winter,Movie,52742.0
4514,Kimi to Idol Precure♪,2025,Winter,TV,60407.0
4515,Bakeneko Anzu-chan,2024,Summer,Movie,54603.0
4516,Watashi ni Tenshi ga Maiorita! Precious Friends,2022,Fall,Movie,44141.0
4517,Bocchi the Rock! Re:,2024,Spring,Movie,55357.0
4518,Bocchi the Rock! Re:Re:,2024,Summer,Movie,55357.0
4519,Cardfight!! Vanguard: Divinez Deluxe-hen,2025,Winter,TV,54144.0
4520,Kimi no Iro,2024,Summer,Movie,53747.0
4521,SK∞ OVA: Extra Part,2025,Winter,OVA,49363.0
4522,"Kanchigai no Atelier Meister: Eiyuu Party no Moto Zatsuyougakari ga, Jitsu wa Sentou Igai ga SSS Rank Datta to Iu Yoku Aru Hanashi",2025,Spring,TV,60140.0
4523,Ballpark de Tsukamaete!,2025,Spring,TV,60293.0
4524,Cocoon: Aru Natsu no Shoujo-tachi yori,2025,Spring,Special,55779.0
4525,"Haite Kudasai, Takamine-san",2025,Spring,TV,59457.0
4526,"Saikyou no Ousama, Nidome no Jinsei wa Nani wo Suru?",2025,Spring,TV,60146.0
4527,Wind Breaker Season 2,2025,Spring,TV,59160.0
4528,"Danjo no Yuujou wa Seiritsu suru? (Iya, Shinai!!)",2025,Spring,TV,52709.0
4529,Miru: Watashi no Mirai,2025,Spring,TV,55727.0
4530,Enen no Shouboutai: San no Shou,2025,Spring,TV,51818.0
4531,"Bye Bye, Earth 2nd Season",2025,Spring,TV,59819.0
4532,Nazotoki wa Dinner no Ato de,2025,Spring,TV,60377.0
4533,Kowloon Generic Romance,2025,Spring,TV,60083.0
4534,Guilty Gear Strive: Dual Rulers,2025,Spring,TV,59070.0
4535,Shoushimin Series 2nd Season,2025,Spring,TV,59828.0
4536,Shin Samurai-den Yaiba,2025,Spring,TV,58812.0
4537,"Katainaka no Ossan, Kensei ni Naru",2025,Spring,TV,59452.0
4538,Classic★Stars,2025,Spring,TV,59199.0
4539,Witch Watch,2025,Spring,TV,59597.0
4540,Masuda Kousuke Gekijou: Gag Manga Biyori Go,2025,Spring,TV,60446.0
4541,Tu Bian Yingxiong X,2025,Spring,ONA,53447.0
4542,Kakushite! Makina-san!!,2025,Spring,TV Short,58833.0
4543,Kuroshitsuji: Midori no Majo-hen,2025,Spring,TV,59228.0
4544,Uma Musume: Cinderella Gray,2025,Spring,TV,59636.0
4545,Gorilla no Kami kara Kago sareta Reijou wa Ouritsu Kishidan de Kawaigarareru,2025,Spring,TV,59935.0
4546,Summer Pockets,2025,Spring,TV,50694.0
4547,Zatsu Tabi: That's Journey,2025,Spring,TV,55514.0
4548,Aharen-san wa Hakarenai Season 2,2025,Spring,TV,59466.0
4549,Vigilante: Boku no Hero Academia Illegals,2025,Spring,TV,60593.0
4550,#Compass 2.0: Sentou Setsuri Kaiseki System,2025,Spring,TV,53762.0
4551,Chuuzenji-sensei Mononoke Kougiroku: Sensei ga Nazo wo Hodoite Shimau kara.,2025,Spring,TV,60009.0
4552,Everyday Host,2025,Spring,TV Short,60535.0
4553,Shiunji-ke no Kodomotachi,2025,Spring,TV,58131.0
4554,Aru Majo ga Shinu Made,2025,Spring,TV,59169.0
4555,Kidou Senshi Gundam: GQuuuuuuX,2025,Spring,TV,60449.0
4556,Apocalypse Hotel,2025,Spring,TV,59675.0
4557,Himitsu no AiPri: Ring-hen,2025,Spring,TV,61092.0
4558,Kanpekisugite Kawaige ga Nai to Konyaku Haki sareta Seijo wa Ringoku ni Urareru,2025,Spring,TV,60157.0
4559,Uchuujin MuuMuu,2025,Spring,TV,60401.0
4560,Ore wa Seikan Kokka no Akutoku Ryoushu!,2025,Spring,TV,60154.0
4561,Your Forma,2025,Spring,TV,55995.0
4562,Rock wa Lady no Tashinami deshite,2025,Spring,TV,59360.0
4563,Hibi wa Sugiredo Meshi Umashi,2025,Spring,TV,60658.0
4564,"Slime Taoshite 300-nen, Shiranai Uchi ni Level Max ni Nattemashita: Sono Ni",2025,Spring,TV,50738.0
4565,Maebashi Witches,2025,Spring,TV,59744.0
4566,Ninja to Koroshiya no Futarigurashi,2025,Spring,TV,58725.0
4567,"Isshun de Chiryou shiteita noni Yakutatazu to Tsuihou sareta Tensai Chiyushi, Yami Healer toshite Tanoshiku Ikiru",2025,Spring,TV,58359.0
4568,Hana-Doll*: Reinterpretation of Flowering,2025,Spring,TV,55710.0
4569,Chotto dake Ai ga Omoi Dark Elf ga Isekai kara Oikaketekita,2025,Spring,TV Short,59745.0
4570,Teogonia,2025,Spring,TV,58614.0
4571,Anne Shirley,2025,Spring,TV,60334.0
4572,Mono,2025,Spring,TV,58492.0
4573,Kijin Gentoushou,2025,Spring,TV,49778.0
4574,Shirobuta Kizoku desu ga Zense no Kioku ga Haeta node Hiyoko na Otouto Sodatemasu,2025,Spring,TV,59322.0
4575,Sentai Daishikkaku 2nd Season,2025,Spring,TV,59189.0
4576,Princession Orchestra,2025,Spring,TV,59078.0
4577,Gotoubun no Hanayome*,2024,Summer,Special,58755.0
4578,Shiguang Dailiren: Yingdu Pian,2025,Winter,ONA,56752.0
4579,Kono Subarashii Sekai ni Shukufuku wo! 3: Bonus Stage,2025,Spring,OVA,59833.0
4580,Uma Musume: Pretty Derby - Shin Jidai no Tobira,2024,Spring,Movie,57647.0
4581,Kizumonogatari: Koyomi Vamp,2024,Winter,Movie,56609.0
4582,Moonrise,2025,Spring,ONA,38903.0
4583,Lycoris Recoil: Friends Are Thieves of Time.,2025,Spring,ONA,59369.0
4584,Nmeneko,2025,Spring,TV Short,60947.0
4585,Norakuro-kun,1987,Fall,TV,16393.0
4586,Kyougoku Natsuhiko: Kousetsu Hyaku Monogatari,2003,Fall,TV,279.0
4587,Lazarus,2025,Spring,TV,56038.0
4588,Dandadan 2nd Season,2025,Summer,TV,60543.0
4589,Tsuihousha Shokudou e Youkoso!,2025,Summer,TV,60523.0
4590,Silent Witch: Chinmoku no Majo no Kakushigoto,2025,Summer,TV,59459.0
4591,Takopii no Genzai,2025,Summer,ONA,60489.0
4592,Bad Girl,2025,Summer,TV,59161.0
4593,Jigoku Sensei Nube (2025),2025,Summer,TV,59342.0
4594,Tsuyokute New Saga,2025,Summer,TV,53397.0
4595,Mizu Zokusei no Mahoutsukai,2025,Summer,TV,60732.0
4596,Yofukashi no Uta Season 2,2025,Summer,TV,58390.0
4597,Onmyou Kaiten Re:Birth,2025,Summer,TV,61150.0
4598,Watari-kun no xx ga Houkai Sunzen,2025,Summer,TV,56693.0
4599,"Yuusha Party wo Tsuihou sareta Shiromadoushi, S-Rank Boukensha ni Hirowareru: Kono Shiromadoushi ga Kikakugai Sugiru",2025,Summer,TV,59424.0
4600,Kamitsubaki-shi Kensetsuchuu.,2025,Summer,TV,61971.0
4601,Kizetsu Yuusha to Ansatsu Hime,2025,Summer,TV,60951.0
4602,Koujo Denka no Kateikyoushi,2025,Summer,TV,56907.0
4603,Seishun Buta Yarou wa Santa Claus no Yume wo Minai,2025,Summer,TV,57433.0
4604,Kaoru Hana wa Rin to Saku,2025,Summer,TV,59845.0
4605,City The Animation,2025,Summer,TV,59898.0
4606,Busu ni Hanataba wo.,2025,Summer,TV,53512.0
4607,Zutaboro Reijou wa Ane no Moto Konyakusha ni Dekiai sareru,2025,Summer,TV,59421.0
4608,Ame to Kimi to,2025,Summer,TV,59619.0
4609,Punirunes: Puni 3,2025,Summer,TV Short,61290.0
4610,Grand Blue Season 2,2025,Summer,TV,59986.0
4611,"Watashi ga Koibito ni Nareru Wake Nai jan, Muri Muri! (※Muri ja Nakatta!?)",2025,Summer,TV,60326.0
4612,Game Center Shoujo to Ibunka Kouryuu,2025,Summer,TV,59689.0
4613,Guimi Zhi Zhu: Xiaochou Pian,2025,Summer,ONA,49818.0
4614,9: Ruler's Crown,2025,Summer,TV,58957.0
4615,Ruri no Houseki,2025,Summer,TV,59791.0
4616,Jidou Hanbaiki ni Umarekawatta Ore wa Meikyuu wo Samayou 2nd Season,2025,Summer,TV,56700.0
4617,Mattaku Saikin no Tantei to Kitara,2025,Summer,TV,59632.0
4618,"Food Court de, Mata Ashita.",2025,Summer,TV,60508.0
4619,Isekai Mokushiroku Mynoghra: Hametsu no Bunmei de Hajimeru Sekai Seifuku,2025,Summer,TV,59130.0
4620,Nyaight of the Living Cat,2025,Summer,TV,58197.0
4621,Busamen Gachi Fighter,2025,Summer,TV,60316.0
4622,Necronomico no Cosmic Horror Show,2025,Summer,TV,60505.0
4623,Dekin no Mogura,2025,Summer,TV,60315.0
4624,Puniru wa Kawaii Slime 2nd Season,2025,Summer,TV,60603.0
4625,Jibaku Shounen Hanako-kun 2 Part 2,2025,Summer,TV,61339.0
4626,"Kanojo, Okarishimasu 4th Season",2025,Summer,TV,59277.0
4627,Kakkou no Iinazuke Season 2,2025,Summer,TV,59402.0
4628,Osomatsu-san 4th Season,2025,Summer,TV,58996.0
4629,Clevatess: Majuu no Ou to Akago to Shikabane no Yuusha,2025,Summer,TV,59205.0
4630,Tate no Yuusha no Nariagari Season 4,2025,Summer,TV,57907.0
4631,"Mikadono Sanshimai wa Angai, Choroi.",2025,Summer,TV,59207.0
4632,New Panty & Stocking with Garterbelt,2025,Summer,TV,52293.0
4633,Kizu darake Seijo yori Houfuku wo Komete,2025,Summer,TV Short,59961.0
4634,Fermat no Ryouri,2025,Summer,TV,60697.0
4635,Hotel Inhumans,2025,Summer,TV,60260.0
4636,Dr. Stone: Science Future Part 2,2025,Summer,TV,61322.0
4637,Arknights: Enshin Shomei,2025,Summer,TV,58749.0
4638,Sono Bisque Doll wa Koi wo Suru Season 2,2025,Summer,TV,53065.0
4639,Gachiakuta,2025,Summer,TV,59062.0
4640,Hikaru ga Shinda Natsu,2025,Summer,TV,58913.0
4641,Tougen Anki,2025,Summer,TV,58811.0
4642,Sakamoto Days Part 2,2025,Summer,TV,60285.0
4643,Binan Koukou Chikyuu Bouei-bu Haikara!,2025,Summer,TV,61239.0
4644,Turkey!,2025,Summer,TV,54028.0
4645,Shingeki no Kyojin: The Final Season - Kanketsu-hen Kouhen,2023,Fall,Special,51535.0
4646,Yami Shibai 15,2025,Summer,TV Short,61793.0
4647,"Tensei shitara Dainana Ouji Datta node, Kimama ni Majutsu wo Kiwamemasu 2nd Season",2025,Summer,TV,59095.0
4648,Bullet/Bullet,2025,Summer,ONA,53722.0
4649,Rick and Morty: The Anime,2024,Summer,TV,
4650,Nukitashi the Animation,2025,Summer,TV,57969.0
4651,Utagoe wa Mille-Feuille,2025,Summer,TV,55689.0
4652,Karaoke Iko!,2025,Summer,TV,60131.0
4653,My Melody & Kuromi,2025,Summer,ONA,60726.0
4655,Kaijuu 8-gou 2nd Season,2025,Summer,TV,59177.0
4656,Kaijuu 8-gou: Hoshina no Kyuujitsu,2025,Winter,Special,59490.0
4657,Kimetsu no Yaiba Movie: Mugen Jou-hen Part 1 - Akaza Sairai,2025,Summer,Movie,59192.0
4658,Boku wa Imouto ni Koi wo Suru,2005,Spring,OVA,819.0
4659,Futari Solo Camp,2025,Summer,TV,60665.0
4660,Cardfight!! Vanguard: Divinez Deluxe Kesshou-hen,2025,Summer,TV,54145.0
4661,"Muchuu sa, Kimi ni.",2025,Summer,TV,60130.0
4662,Yano-kun no Futsuu no Hibi,2025,Fall,TV,60254.0
4663,Cat's♥Eye (2025),2025,Fall,ONA,60347.0
4664,Let’s Play: Quest Darake no My Life,2025,Fall,TV,61773.0
4665,Mushoku no Eiyuu: Betsu ni Skill nanka Ira Nakattan Daga,2025,Fall,TV,56854.0
4666,"Watashi wo Tabetai, Hitodenashi",2025,Fall,TV,60168.0
4667,Sozai Saishuka no Isekai Ryokouki,2025,Fall,TV,61174.0
4668,Towa no Yuugure,2025,Fall,TV,61917.0
4669,Ganso! Bandori-chan,2025,Fall,ONA,61107.0
4670,Bukiyou na Senpai.,2025,Fall,TV,60531.0
4671,"Potion, Wagami wo Tasukeru",2025,Fall,TV Short,62144.0
4672,"Akujiki Reijou to Kyouketsu Koushaku: Sono Mamono, Watashi ga Oishiku Itadakimasu!",2025,Fall,TV,60162.0
4673,Saigo ni Hitotsu dake Onegai shitemo Yoroshii deshou ka,2025,Fall,TV,59846.0
4674,Tomodachi no Imouto ga Ore ni dake Uzai,2025,Fall,TV,47158.0
4675,Nohara Hiroshi: Hiru Meshi no Ryuugi,2025,Fall,TV,61184.0
4676,SANDA,2025,Fall,TV,59267.0
4677,Shuumatsu Touring,2025,Fall,TV,61072.0
4678,Digimon Beatbreak,2025,Fall,TV,61269.0
4679,Shabake,2025,Fall,TV,60378.0
4680,Boku no Hero Academia: Final Season,2025,Fall,TV,60098.0
4681,Fumetsu no Anata e Season 3,2025,Fall,TV,54703.0
4682,Uma Musume: Cinderella Gray Part 2,2025,Fall,TV,61930.0
4683,Kao ni Denai Kashiwada-san to Kao ni Deru Oota-kun,2025,Fall,TV,61209.0
4684,Kikaijikake no Marie,2025,Fall,TV,59484.0
4685,Yasei no Last Boss ga Arawareta!,2025,Fall,TV,59644.0
4686,Kekkon Yubiwa Monogatari II,2025,Fall,TV,58515.0
4687,"Shinjiteita Nakama-tachi ni Dungeon Okuchi de Korosarekaketa ga Gift ""Mugen Gacha"" de Level 9999 no Nakama-tachi wo Te ni Irete Moto Party Member to Sekai ni Fukushuu & ""Zamaa!"" Shimasu!",2025,Fall,TV,60303.0
4688,"Mikata ga Yowa Sugite Hojo Mahou ni Toushite Ita Kyuutei Mahoushi, Tsuihou Sarete Saikyou wo Mezasu",2025,Fall,TV,61276.0
4689,Ranma ½ (2024) 2nd Season,2025,Fall,TV,60564.0
4690,Debu to Love to Ayamachi to!,2025,Fall,TV,57189.0
4691,Alma-chan wa Kazoku ni Naritai,2025,Fall,TV,60781.0
4692,Nageki no Bourei wa Intai shitai Part 2,2025,Fall,TV,60619.0
4693,"Chichi wa Eiyuu, Haha wa Seirei, Musume no Watashi wa Tenseisha.",2025,Fall,TV,57888.0
4694,Toujima Tanzaburou wa Kamen Rider ni Naritai,2025,Fall,TV,61159.0
4695,Ansatsusha de Aru Ore no Status ga Yuusha yori mo Akiraka ni Tsuyoi no da ga,2025,Fall,TV,61026.0
4696,Spy x Family Season 3,2025,Fall,TV,59027.0
4697,One Punch Man 3,2025,Fall,TV,52807.0
4698,Egao no Taenai Shokuba desu.,2025,Fall,TV,57859.0
4699,Ao no Orchestra Season 2,2025,Fall,TV,56877.0
4700,Ninja to Gokudou,2025,Fall,TV,61067.0
4701,Tondemo Skill de Isekai Hourou Meshi 2,2025,Fall,TV,57025.0
4702,Chanto Suenai Kyuuketsuki-chan,2025,Fall,TV,60933.0
4703,Tensei Akujo no Kuro Rekishi,2025,Fall,TV,58146.0
4704,Kakuriyo no Yadomeshi 2nd Season,2025,Fall,TV,58772.0
4705,Kimi to Koete Koi ni Naru,2025,Fall,TV,60765.0
4706,Chainsaw Man: Reze-hen,2025,Summer,Movie,57555.0
4707,Chitose-kun wa Ramune Bin no Naka,2025,Fall,TV,59517.0
4708,Wandance,2025,Fall,TV,59623.0
4709,SI-VIS: The Sound of Heroes,2025,Fall,TV,62126.0
4710,3-nen Z-gumi Ginpachi-sensei,2025,Fall,TV,54757.0
4711,Project Sekai: Kowareta SEKAI to Utaenai MIKU,2025,Winter,Movie,59419.0
4712,Heika Watashi wo Wasurete Kudasai,2025,Fall,TV Short,62428.0
4713,Ugoku! Neko Mukashi Banashi,2025,Fall,ONA,61254.0
4714,Taiyou yori mo Mabushii Hoshi,2025,Fall,TV,60969.0
4715,Porphy no Nagai Tabi,2008,Winter,TV,3424.0
4717,Sawaranaide Kotesashi-kun,2025,Fall,TV Short,61142.0
4718,Isekai Quartet 3,2025,Fall,TV Short,61851.0
4719,Kingdom 6th Season,2025,Fall,TV,61517.0
4720,Shuumatsu no Walkure II,2023,Winter,ONA,49618.0
4721,Disney Twisted-Wonderland The Animation: Episode of Heartslabyul,2025,Fall,ONA,50139.0
4722,Gnosia,2025,Fall,TV,60427.0
4723,Monster Strike: Deadverse Reloaded,2025,Fall,TV,62066.0
4724,Kaguya-sama wa Kokurasetai: Otona e no Kaidan,2025,Fall,Special,61903.0
4725,Hyakuemu.,2025,Summer,Movie,58919.0
4726,Tamon-kun Ima Docchi!?,2026,Winter,TV,59047.0
4727,Yuusha Party wo Oidasareta Kiyou Binbou,2026,Winter,TV,61128.0
4728,Golden Kamuy: Saishuushou,2026,Winter,TV,55772.0
4729,Goumon Baito-kun no Nichijou,2026,Winter,TV,61886.0
4730,Hanazakari no Kimitachi e,2026,Winter,TV,58861.0
4731,Ikoku Nikki,2026,Winter,TV,58788.0
4732,Kirei ni Shitemoraemasu ka.,2026,Winter,TV,61782.0
4733,Kizoku Tensei: Megumareta Umare kara Saikyou no Chikara wo Eru,2026,Winter,TV,60692.0
4734,Majutsushi Kunon wa Mieteiru,2026,Winter,TV,60810.0
4735,Osananajimi to wa Love Comedy ni Naranai,2026,Winter,TV,61359.0
4736,Vigilante: Boku no Hero Academia Illegals 2nd Season,2026,Winter,TV,61942.0
4737,MF Ghost 3rd Season,2026,Winter,TV,60602.0
4738,29-sai Dokushin Chuuken Boukensha no Nichijou,2026,Winter,TV,61637.0
4739,Arne no Jikenbo,2026,Winter,TV,60255.0
4740,Champignon no Majo,2026,Winter,TV,60509.0
4741,Jujutsu Kaisen: Shimetsu Kaiyuu - Zenpen,2026,Winter,TV,57658.0
4742,Mayonaka Heart Tune,2026,Winter,TV,61211.0
4743,Maou no Musume wa Yasashi Sugiru!!,2026,Winter,TV,61884.0
4744,Isekai no Sata wa Shachiku Shidai,2026,Winter,TV,60226.0
4745,"Yuusha Party ni Kawaii Ko ga Ita no de, Kokuhaku Shitemita.",2026,Winter,TV,61983.0
4746,Yoroi Shinden Samurai Troopers,2026,Winter,TV,61830.0
4747,Okiraku Ryoushu no Tanoshii Ryouchi Bouei,2026,Winter,TV,61549.0
4748,Shibou Yuugi de Meshi wo Kuu.,2026,Winter,TV,59711.0
4749,Odayaka Kizoku no Kyuuka no Susume.,2026,Winter,TV,60071.0
4750,Eris no Seihai,2026,Winter,TV,60151.0
4751,Toumei Otoko to Ningen Onna: Sonouchi Fuufu ni Naru Futari,2026,Winter,TV,60395.0
4752,Mato Seihei no Slave 2,2026,Winter,TV,58505.0
4753,"""Omae Gotoki ga Maou ni Kateru to Omou na"" to Yuusha Party wo Tsuihou Sareta node, Outo de Kimama ni Kurashitai",2026,Winter,TV,61587.0
4754,"Douse, Koishite Shimaunda. Season 2",2026,Winter,TV,61325.0
4755,Enen no Shouboutai: San no Shou Part 2,2026,Winter,TV,59229.0
4756,Trigun Stargaze,2026,Winter,TV,54863.0
4757,Hell Mode: Yarikomi Suki no Gamer wa Haisettei no Isekai de Musou Suru,2026,Winter,TV,60460.0
4758,DARK MOON: Kuro no Tsuki - Tsuki no Saidan,2026,Winter,TV,59853.0
4759,Tensei Shitara Dragon no Tamago Datta,2026,Winter,TV,61207.0
4760,Dead Account,2026,Winter,TV,61196.0
4761,Jingai Kyoushitsu no Ningengirai Kyoushi,2026,Winter,TV,62432.0
4762,Yuusha no Kuzu,2026,Winter,TV,61217.0
4763,Uruwashi no Yoi no Tsuki,2026,Winter,TV,61663.0
4764,Seihantai na Kimi to Boku,2026,Winter,TV,60371.0
4765,Kaya-chan wa Kowakunai,2026,Winter,TV,60223.0
4766,Ao no Miburo: Serizawa Ansatsu-hen,2025,Fall,TV,61333.0
4767,Akuyaku Reijou wa Ringoku no Outaishi ni Dekiai Sareru,2026,Winter,TV,62000.0
4768,Jigokuraku 2nd Season,2026,Winter,TV,55825.0
4769,"Hime-sama, ""Goumon"" no Jikan desu 2nd Season",2026,Winter,TV,58524.0
4770,[Oshi no Ko] 3rd Season,2026,Winter,TV,60058.0
4771,Sousou no Frieren 2nd Season,2026,Winter,TV,59978.0
4772,Yami Shibai 16,2026,Winter,TV Short,63087.0
4773,Hikuidori,2026,Winter,TV,61084.0
4774,Yuusha Kei ni Shosu: Choubatsu Yuusha 9004-tai Keimu Kiroku,2026,Winter,TV,56009.0
4775,GANGLION,2025,Fall,TV Short,62378.0
4776,Meitantei Precure!,2026,Winter,TV,63042.0
4777,Medalist 2nd Season,2026,Winter,TV,61335.0
4778,Shicao Lao Long Bei Guanyi E Long Zhi Ming,2022,Summer,ONA,50421.0
4779,Darwin Jihen,2026,Winter,TV,58886.0
4780,Android wa Keiken Ninzuu ni Hairimasu ka??,2026,Winter,TV Short,61694.0
4781,High School! Kimengumi (2026),2026,Winter,TV,62804.0
4782,Jigoku Sensei Nube (2025) Part 2,2026,Winter,TV,61608.0
4783,Look Back,2024,Spring,Movie,58125.0
4784,Cardfight!! Vanguard: Divinez Genma Seisen-hen,2026,Winter,TV,62649.0
4785,Love Get CHU: Miracle Seiyuu Hakusho,2006,Spring,TV,1070.0
4786,JoJo no Kimyou na Bouken Part 7: Steel Ball Run,2026,Winter,ONA,61469.0
4787,Shunkashuutou Daikousha: Haru no Mai,2026,Spring,TV,61443.0
4788,Niwatori Fighter,2026,Spring,TV,59393.0
4789,Youkoso Jitsuryoku Shijou Shugi no Kyoushitsu e 4th Season 2-nensei-hen Ichi Gakki,2026,Spring,TV,59708.0
4790,Koori no Jouheki,2026,Spring,TV,60852.0
4791,Otonari no Tenshi-sama ni Itsunomanika Dame Ningen ni Sareteita Ken 2nd Season,2026,Spring,TV,56876.0
4792,Tensei shitara Slime Datta Ken 4th Season,2026,Spring,TV,59970.0
4793,Haibara-kun no Tsuyokute Seishun New Game,2026,Spring,TV,61943.0
4794,Akane-banashi,2026,Spring,TV,62164.0
4795,Dorohedoro Season 2,2026,Spring,ONA,57779.0
4796,"Saikyou no Ousama, Nidome no Jinsei wa Nani wo Suru? 2nd Season",2026,Spring,TV,61831.0
4797,Jidou Hanbaiki ni Umarekawatta Ore wa Meikyuu wo Samayou 3rd Season,2026,Spring,TV,62512.0
4798,Maid-san wa Taberu dake,2026,Spring,TV,62342.0
4799,Tongari Boushi no Atelier,2026,Spring,TV,51553.0
4800,Beastars Final Season Part 2,2026,Winter,ONA,61114.0
4801,"The iDOLM@STER Million Live! Itsuka, Mannaka de",2026,Winter,OVA,61156.0
4802,Isekai Nonbiri Nouka 2,2026,Spring,TV,62146.0
4803,Saikyou no Shokugyou wa Yuusha demo Kenja demo Naku Kanteishi (Kari) Rashii desu yo?,2026,Spring,TV,62825.0
4804,Daikenja Riddle no Jikan Gyakkou,2026,Spring,TV Short,63433.0
4805,Nigashita Sakana wa Ookikatta ga Tsuriageta Sakana ga Ookisugita Ken,2026,Spring,TV,62893.0
4806,Ganbare! Nakamura-kun!!,2026,Spring,TV,59551.0
4807,Ponkotsu Fuuki Iin to Skirt take ga Futekisetsu na JK no Hanashi,2026,Spring,TV,61425.0
4808,Class de 2-banme ni Kawaii Onnanoko to Tomodachi ni Natta,2026,Spring,TV,56734.0
4809,"Kamiina Botan, Yoeru Sugata wa Yuri no Hana",2026,Spring,TV,61186.0
4810,"Replica Datte, Koi wo Suru.",2026,Spring,TV,61013.0
4811,Re:Zero kara Hajimeru Isekai Seikatsu 4th Season,2026,Spring,TV,61316.0
4812,Aishiteru Game wo Owarasetai,2026,Spring,TV,61839.0
4813,Tsue to Tsurugi no Wistoria Season 2,2026,Spring,TV,59983.0
4814,Kuroneko to Majo no Kyoushitsu,2026,Spring,TV,62171.0
4815,Otaku ni Yasashii Gal wa Inai!?,2026,Spring,TV,62604.0
4816,Ichijouma Mankitsu-gurashi!,2026,Spring,TV,62018.0
4817,NEEDY GIRL OVERDOSE,2026,Spring,TV,62913.0
4818,Yowa Yowa Sensei,2026,Spring,TV,60444.0
4819,Jishou Akuyaku Reijou na Konyakusha no Kansatsu Kiroku.,2026,Spring,TV,61687.0
4820,Kanan-sama wa Akumade Choroi,2026,Spring,TV,61501.0
4821,Mahou no Shimai LuluttoLilly,2026,Spring,TV,59176.0
4822,Onegai AiPri,2026,Spring,TV,63352.0
4823,"Mata Korosarete Shimatta no desu ne, Tantei-sama",2026,Spring,TV,62964.0
4824,"Megami ""Isekai Tensei Nani ni Naritai Desu ka"" Ore ""Yuusha no Rokkotsu de""",2026,Spring,TV,63376.0
4825,Hime Kishi wa Barbaroi no Yome,2026,Spring,TV,60028.0
4826,Marika-chan no Koukando wa Bukkowareteiru,2026,Spring,TV Short,62983.0
4827,Ingoku Danchi,2026,Spring,TV Short,63310.0
4828,Higeki no Genkyou to Naru Saikyou Gedou Last Boss Joou wa Tami no Tame ni Tsukushimasu. Season 2,2026,Spring,TV,61931.0
4829,Yozakura-san Chi no Daisakusen 2nd Season,2026,Spring,TV,60055.0
4830,Komekami! Girls,2026,Spring,TV,63709.0
4831,Yomi no Tsugai,2026,Spring,TV,62001.0
4832,LIAR GAME,2026,Spring,TV,62331.0
4833,"Kanojo, Okarishimasu 5th Season",2026,Spring,TV,62485.0
4834,Dr. STONE: SCIENCE FUTURE Part 3,2026,Spring,TV,62568.0
4835,Honzuki no Gekokujou: Shisho ni Naru Tame ni wa Shudan wo Erandeiraremasen - Ryoushu no Youjo,2026,Spring,TV,57466.0
4836,Iya na Kao sare nagara Opantsu Misete Moraitai Returns,2026,Spring,ONA,62155.0
4837,Kami no Niwatsuki Kusunoki-tei,2026,Spring,TV,62050.0
4838,Mairimashita! Iruma-kun 4,2026,Spring,TV,60310.0
4839,Kujima Utaeba Ie Hororo,2026,Spring,TV,58832.0
4840,Kill Ao,2026,Spring,TV,62391.0
4841,MARRIAGETOXIN,2026,Spring,TV,62601.0
4842,Kirio Fanclub,2026,Spring,TV,59835.0
4843,Reincarnation no Kaben,2026,Spring,TV,59443.0
4844,Mamonogurai no Boukensha: Ore dake Mamono wo Kuratte Tsuyoku Naru,2026,Spring,TV Short,63304.0
4845,Snowball Earth,2026,Spring,TV,62068.0
4846,Rilakkuma,2026,Spring,TV Short,60153.0
4847,MAO,2026,Spring,TV,62048.0
4848,Diamond no Ace: Act II Second Season,2026,Spring,TV,58877.0
4849,Nippon Sangoku,2026,Spring,TV,63375.0
4850,Date A Live: DATE TO DATE,2013,Fall,OVA,17641.0
4851,Date A Live Movie: Mayuri Judgement,2015,Summer,Movie,24655.0
4852,Date A Live II: Kurumi Star Festival,2014,Fall,OVA,22961.0
4853,Deltora Quest,2007,Winter,TV,1826.0
4854,Awajima Hyakkei,2026,Spring,TV,58820.0
4855,"Tadaima, Ojamasaremasu!",2026,Spring,TV,63014.0
4856,Mushoku Tensei III: Isekai Ittara Honki Dasu,2026,Summer,TV,59193.0
4857,Mujikaku Seijo wa Kyou mo Muishiki ni Chikara wo Tare Nagasu,2026,Summer,TV,62080.0
4858,"Heroine? Seijo? Iie, All Works Maid desu (Ko)!",2026,Summer,TV,61686.0
4859,LV999 no Murabito,2026,Summer,TV,62322.0
4860,Hanazakari no Kimitachi e 2nd Season,2026,Summer,TV,63780.0
4861,Reiwa no Dara-san,2026,Summer,TV,63082.0
4862,Bungou Stray Dogs Wan! 2,2026,Summer,TV Short,62883.0
4863,BanG Dream! Yume∞Mita,2026,Summer,TV,62430.0
4864,"Rakudai Kenja no Gakuin Musou: Nidome no Tensei, S-Rank Cheat Majutsushi Boukenroku",2026,Summer,TV,63508.0
4865,Tsuihou Sareta Tensei Juukishi wa Game Chishiki de Musou Suru,2026,Summer,TV,59741.0
4866,Yani Neko,2026,Summer,TV,63403.0
4867,World Is Dancing,2026,Summer,ONA,63347.0
4868,Otome Kaijuu Caramelise,2026,Summer,TV,63150.0
4869,Koko wa Ore ni Makasete Saki ni Ike to Ittekara 10-nen ga Tattara Densetsu ni Natteita.,2026,Summer,TV,62617.0
4870,Ryoumin 0-Nin Start no Henkyou Ryoushu-sama,2026,Summer,TV,62078.0
4871,Kore Kaite Shine,2026,Summer,TV,61280.0
4872,Uchi no Otouto-domo ga Sumimasen,2026,Summer,TV,63061.0
4873,Hell Mode: Yarikomi-zuki no Gamer wa Haisettei no Isekai de Musou Suru 2nd Season,2026,Summer,TV,63817.0
4874,Ushiro no Shoumen Kamui-san,2026,Summer,TV,63468.0
4875,"Gaikotsu Kishi-sama, Tadaima Isekai e Odekakechuu II",2026,Summer,TV,60522.0
4876,Neko to Ryuu,2026,Summer,TV,61048.0
4877,BLACK TORCH,2026,Summer,TV,61169.0
4878,Iwamoto-senpai no Suisen,2026,Summer,TV,63324.0
4879,Tenmaku no Jaadugar,2026,Summer,TV,61483.0
4880,Grow Up Show: Himawari no Circus-dan,2026,Summer,TV,62051.0
4881,Oni no Hanayome,2026,Summer,TV,61814.0
4882,Mahou Shoujo Lyrical Nanoha EXCEEDS Gun Blaze Vengeance,2026,Summer,TV,60637.0
4883,Kabushiki Gaisha Magi Lumiere 2nd Season,2026,Summer,TV,60552.0
4884,"""Kimi wo Aisuru Ki wa nai"" to Itta Jiki Koushaku-sama ga Naze ka Dekiai Shitekimasu",2026,Summer,TV,63537.0
4885,"Saijo no Osewa: Takane no Hanadarake na Meimonkou de, Gakuin Ichi no Ojou-sama (Seikatsu Nouryoku Kaimu) wo Kagenagara Osewa suru Koto ni Narimashita",2026,Summer,TV,62876.0
4886,Let's Go Kaikigumi,2026,Summer,TV,62683.0
4887,Seihantai na Kimi to Boku 2nd Season,2026,Summer,TV,63832.0
4888,Tetsunabe no Jan!,2026,Summer,TV,63100.0
4889,Sekai Saikyou no Kouei: Meikyuukoku no Shinjin Tansakusha,2026,Summer,TV,62435.0
4890,Kimi no Koto ga Dai Dai Dai Dai Daisuki na 100-nin no Kanojo 3rd Season,2026,Summer,TV,62811.0
4891,Nijusseiki Denki Mokuroku: Eureka Evrika,2026,Summer,TV,62856.0
4892,ONE PIECE HEROINES,2026,Summer,Special,62233.0
4893,Sayonara Lara,2026,Summer,TV,58878.0
4894,Azur Lane: Bisoku Zenshin! Ni!!,2026,Summer,TV,56613.0
4895,Hokuto no Ken: Kenou-gun Zako-tachi no Banka 2,2026,Summer,TV Short,64378.0
4896,Saikyou Degarashi Ouji no Anyaku Teii Arasoi: Munou wo Enjiru SS Rank Ouji wa Koui Keishou-sen wo Kage kara Shihai suru,2026,Summer,TV,56736.0
4897,"Toumei na Yoru ni Kakeru Kimi to, Me ni Mienai Koi wo Shita.",2026,Summer,TV,62936.0
4898,Buchigire Reijou wa Houfuku wo Chikaimashita.: Madousho no Chikara de Sokoku wo Tataki Tsubushimasu,2026,Summer,TV,62289.0
4899,Honoo no Toukyuujyo Dodge Danko,2026,Summer,TV,62031.0
4900,Suterare Seijo no Isekai Gohantabi: Kakure Skill de Camping Car wo Shoukan Shimashita,2026,Summer,TV,63752.0
4901,"Tenkousaki no Seiso Karen na Bishoujo ga, Mukashi Danshi to Omotte Issho ni Asonda Osananajimi datta Ken",2026,Summer,TV,56735.0
4902,Grand Blue Season 3,2026,Summer,TV,62542.0
4903,Tai-Ari deshita.: Ojou-sama wa Kakutou Game nante Shinai,2026,Summer,TV,46488.0
4904,Kimi ga Shinu made Koi wo Shitai,2026,Summer,TV,61126.0
4905,Migawari Reijou wo Sukutta no wa Reikoku Mujihi na Koori no Ouji no Ai deshita,2026,Summer,TV Short,63878.0
4906,Koukaku Kidoutai: THE GHOST IN THE SHELL,2026,Summer,TV,58929.0
4907,Yoroi Shinden Samurai Troopers Part 2,2026,Summer,TV,63047.0
4908,Tefuda ga Oome no Victoria,2026,Summer,TV,62476.0
4909,Sora wa Akai Kawa no Hotori,2026,Summer,TV,63489.0
4910,Clevatess II: Majuu no Ou to Itsuwari no Yuusha Denshou,2026,Summer,TV,62513.0
4911,Youjo Senki II,2026,Summer,TV,49233.0
4912,Perfect Addiction,2026,Summer,ONA,63514.0
4913,Ibitte Konai Gibo to Gishi,2026,Summer,TV,62102.0
4914,Otomege Sekai wa Mob ni Kibishii Sekai desu 2,2026,Summer,TV,54000.0
4915,Thunder 3,2026,Summer,TV,63418.0
4916,"Katainaka no Ossan, Kensei ni Naru II",2026,Summer,TV,61897.0
4917,Dogul Wang,2026,Summer,TV,63316.0
4918,Mebius Dust,2026,Summer,TV,63802.0
4919,Super no Ura de Yani Suu Futari,2026,Summer,TV,62076.0
4920,Hanaori-san wa Tensei Shite mo Kenka ga Shitai,2026,Summer,TV,62535.0
4921,Futsutsuka na Akujo de wa Gozaimasu ga: Suuguu Chouso Torikae Den,2026,Summer,TV,61240.0
4922,Yami Shibai 17,2026,Summer,TV Short,64435.0
4923,BLEACH: Sennen Kessen-hen - Kashin-tan,2026,Summer,TV,60636.0
4924,Nige Jouzu no Wakagimi 2nd Season,2026,Summer,TV,60059.0
4925,Hidarikiki no Eren,2026,Spring,TV,53732.0
4926,Kami no Shizuku,2026,Spring,TV,62981.0
4927,Bai Ri Cheng Wang,2026,Summer,ONA,62957.0
4928,Chikyuu Daisuki! Kikkun,2026,Summer,TV Short,64578.0
4929,Bananya: At-Home Party,2026,Summer,Special,64519.0
4930,Meitantei Conan: Hanamaru na Answer,2026,Spring,Special,64359.0
4931,Unanswered//butterfly: Sword Art Online,2026,Summer,Movie,63736.0
4932,LOCA!,2025,Fall,Movie,62942.0
4933,Shibou Yuugi de Meshi wo Kuu. 44:CLOUDY BEACH,2026,Summer,Movie,63819.0
4934,Zombieland Saga: Yume Ginga Paradise,2025,Fall,Movie,50159.0
4935,Tensei Shitara Slime Datta Ken: Soukai no Namida-hen,2026,Winter,Movie,59971.0
4936,Kobayashi-san Chi no Maid Dragon: Samishigariya no Ryuu,2025,Spring,Movie,59897.0
4937,ChaO,2025,Summer,Movie,60774.0
4938,Love Live! Nijigasaki Gakuen School Idol Doukoukai: Kanketsu-hen 2,2025,Fall,Movie,60159.0
4939,Boku no Kokoro no Yabai Yatsu Movie,2026,Winter,Movie,59985.0
4940,Love Live! Hasunosora Jogakuin School Idol Club: Bloom Garden Party,2026,Spring,Movie,61806.0
4941,Cyborg 009: Nemesis,2026,Summer,ONA,62079.0
4942,Plannosaurus Gachi Koseibutsu-bu,2026,Summer,TV Short,63641.0
4943,Ansatsu Kyoushitsu: Minna no Jikan,2026,Winter,Movie,62421.0
4944,Boku no Hero Academia: I am a hero too,2026,Summer,Special,64107.0
4945,GIRLS BAND CRY: Seishun Kyousoukyoku,2025,Fall,Movie,59817.0
4946,"GIRLS BAND CRY: Naa, Mirai.",2025,Fall,Movie,59817.0
4947,Onaji Zemi no Someya-san ga Sexy Joyuu Datta Hanashi.,2026,Summer,ONA,63619.0
4948,THE RIBBON HERO,2026,Summer,Movie,64012.0
4949,Kidou Keisatsu Patlabor EZY File 1,2026,Spring,OVA,59889.0
4950,Elf 17,1987,Winter,OVA,9324.0
4951,Mahou Shoujo Madoka☆Magica: Walpurgis no Kaiten,2026,Summer,Movie,48820.0
4952,Shin Evangelion Movie:||,2021,Winter,Movie,3786.0
4953,Meitantei Precure! Fushigi na Niwa to Futari no Himitsu,2026,Summer,Movie,63903.0
4954,Saishuu Gakushou Hibike! Euphonium - Zenpen,2026,Spring,Movie,61230.0
4955,Shiguang Dailiren III,2026,Summer,ONA,61607.0
4956,Jiyi Guanli Ju (2026),2026,Summer,ONA,60568.0
4957,"Elfen Lied: Tooriame nite - Arui wa, Shoujo wa Ikani Shite Sono Shinjou ni Itatta ka?",2005,Spring,OVA,376.0
4958,Doujin Work,2007,Summer,TV Short,2166.0
4959,Ghost Meets Gal!,2026,Summer,TV Short,64718.0
4960,Chou Kaguya-hime!,2026,Winter,ONA,62896.0
4961,Tensei Shitara Ken Deshita 2nd Season,2026,Fall,TV,53913.0
4962,Kusuriya no Hitorigoto 3rd Season,2026,Fall,TV,61987.0
4963,Black Clover 2nd Season,2026,Fall,TV,61967.0
4964,JoJo no Kimyou na Bouken Part 7: Steel Ball Run - 2nd & 3rd STAGE,2026,Fall,ONA,61469.0
4965,Temppal: Item no Chikara,2026,Fall,ONA,64340.0
4966,"Tensei Kizoku, Kantei Skill de Nariagaru 3rd Season",2026,Fall,TV,60601.0
4967,Shin Tennis no Ouji-sama: U-17 WORLD CUP Kesshou Member Ketteisen,2026,Fall,TV,62534.0
4968,FX Senshi Kurumi-chan,2026,Fall,TV,63337.0
4969,Kizu darake Seijo yori Houfuku wo Komete Season2,2026,Fall,TV Short,64180.0
4970,Yasei no Last Boss ga Arawareta! 2nd Season,2026,Fall,ONA,63140.0
4971,Meitantei Conan: 30-Gou Satsujin Jiken,2026,Summer,Special,64913.0
