tema_id,artista
1549,See-Saw
1550,See-Saw
1551,See-Saw
1552,See-Saw
2422,Yuuka Nanri
2423,ALI PROJECT
1553,See-Saw
1554,See-Saw
1768,ROUND TABLE feat. Nino
1769,See-Saw
9397,Kanako Takatsuki
9398,Kanako Takatsuki
9398,Ai Furihata
9399,Liyuu
3254,Ayane
3255,Asriel
6936,Rie Murakawa
6937,AOP
6547,AOP
6548,Machico
7452,TeddyLoid
7454,TeddyLoid
7454,AiNA THE END
7459,Inori Minase
7463,TeddyLoid
7464,TeddyLoid
7465,Nobunaga Shimazaki
9713,yama
9714,Soushi Sakiyama
9945,22/7
9946,22/7
9948,Sally Amaki
6549,BUMP OF CHICKEN
6550,YUKI
6551,BUMP OF CHICKEN
6552,Ai Kayano
6552,Kana Hanazawa
6552,Misaki Kuno
6553,Kenshi Yonezu
7202,YUKI
7203,UNISON SQUARE GARDEN
7204,Brian the Sun
7205,RUANN
4201,AiRI
8303,BiSH
9241,BiSH
9242,Fujifabric
9956,Cider Girl
6769,TK from Ling tosite sigure
6770,ELISA
4203,Aoi Yuuki
4203,Minako Kotobuki
4203,Kaori Fukuhara
4203,Yumi Uchiyama
4204,Aoi Yuuki
4204,Minako Kotobuki
4204,Kaori Fukuhara
4204,Yumi Uchiyama
8538,TRUE
8539,Haruka Shiraishi
9402,Takuya Satou
9959,Harugumi
9960,Shunichi Toki
2216,Yoko Ishida
2217,Yoko Ishida
2218,Youko Takahashi
2424,Yoko Ishida
2425,Yoko Ishida
1555,Megumi Hayashibara
1556,Megumi Hayashibara
6459,Konomi Suzuki
6460,Nozomi Yamamoto
6461,Haruka Yamazaki
6461,Nozomi Yamamoto
7810,Aira Yuuki
4681,May'n
4682,ALTIMA
4683,KOTOKO
4684,Sachika Misawa
4574,May'n
4575,ALTIMA
4576,KOTOKO
4577,Sachika Misawa
4685,Rumi Ookubo
4685,Nobuhiko Okamoto
4685,Shintarou Asanuma
4686,Rumi Ookubo
7466,Mai Fuchigami
7467,Tokimeki Kanshasai
7468,Haruka Shiraishi
7468,Mao Ichimichi
7468,Miku Itou
7468,Rie Murakawa
7468,Tokimeki Kanshasai
7469,Haruka Shiraishi
7469,Miku Itou
7469,Erii Yamazaki
7469,Tokimeki Kanshasai
7470,Miku Itou
7470,Rie Murakawa
7470,Erii Yamazaki
7470,Tokimeki Kanshasai
7471,Haruka Shiraishi
7471,Yuuki Hirose
7471,Tokimeki Kanshasai
7471,Haruka Ishida
7472,Mao Ichimichi
7472,Miku Itou
7472,Moe Toyota
7472,Tokimeki Kanshasai
7473,Haruka Shiraishi
7473,Rie Murakawa
7473,Erii Yamazaki
7473,Tokimeki Kanshasai
7474,Mao Ichimichi
7474,Moe Toyota
7474,Tokimeki Kanshasai
7474,Haruka Ishida
7475,Miku Itou
7475,Moe Toyota
7475,Yuuki Hirose
7475,Tokimeki Kanshasai
7475,Haruka Ishida
7476,Miku Itou
7476,Moe Toyota
7476,Yuuki Hirose
7476,Erii Yamazaki
7476,Tokimeki Kanshasai
7476,Haruka Ishida
7477,Tokimeki Kanshasai
12104,Haruka Shiraishi
12104,Mao Ichimichi
12104,Rie Murakawa
12104,Yuuki Hirose
12104,Tokimeki Kanshasai
7101,bless4
7102,Yuuka Aisaka
6771,Yuuka Aisaka
6772,Tomoyo Kurosawa
8739,Gakuto Kajiwara
8740,Gakuto Kajiwara
8741,Koukogakubu
9404,Akari Kitou
9404,Miku Itou
9405,Akari Kitou
8744,Hiro Shimono
8747,flumpool
8748,BLUE ENCOUNT
8750,saji
8751,Yuuma Uchida
8752,Mamoru Miyano
7478,angela
7479,Sumire Uesaka
5409,Nao Touyama
5410,Nao Touyama
5410,You Taichi
5411,Mao Ichimichi
5411,Kana Yuuki
5413,You Taichi
5414,You Taichi
5415,Mao Ichimichi
5415,Nao Touyama
5415,Kana Yuuki
5416,Nao Touyama
501,Ritsuko Okazaki
1639,Yoko Ishida
4427,Sunao Yoshikawa
4428,Sunao Yoshikawa
4429,Sunao Yoshikawa
4434,Sunao Yoshikawa
4435,Sunao Yoshikawa
4436,Sunao Yoshikawa
8306,Ayaka Oohashi
8306,Azusa Tadokoro
8307,Ayaka Oohashi
8307,Azusa Tadokoro
9063,Youko Hikasa
8759,Sunao Yoshikawa
8760,Sunao Yoshikawa
8765,Sunao Yoshikawa
8767,Youko Hikasa
2219,Lia
2220,Lia
2427,BACK-ON
1333,Saeko Chiba
1334,Saeko Chiba
7103,flumpool
7104,Mamoru Miyano
6554,angela
6554,fripSide
6555,angela
6555,fripSide
6158,Saori Hayami
6159,Eyelis
7105,Saori Hayami
7106,Eyelis
2111,Kaoru Sasajima
2111,Hironobu Kageyama
2111,Mai Kadowaki
5576,Sora Amamiya
5577,Rika Mayama
5579,Sora Amamiya
2936,Miyuki Hashimoto
2937,Rie Kugimiya
2939,Emiri Katou
2940,Rie Kugimiya
2941,Emiri Katou
2942,Rie Tanaka
2943,Marina Inoue
2944,Rie Tanaka
2945,Aya Hirano
3415,Miyuki Hashimoto
7947,MICHI
7948,Ami Wajima
5418,Ryou Kunihiko
5419,Cyntia
5420,vistlip
5421,Akiko Shikata
6160,Cyntia
6161,Akiko Shikata
7817,AOP
7818,every♥ing!
7819,Shouko Nakagawa
7820,Milky Holmes
7822,petit milady
7823,i☆Ris
9406,SPARK!!SOUND!!SHOW!!
9407,Urashimasakatasen
5705,Maaya Uchida
5707,Hisako Kanemoto
5708,Manami Numakura
5711,Sachika Misawa
5712,Chika Anzai
5713,Yuka Ootsubo
5716,Yoshino Nanjou
5717,Chika Anzai
5717,Manami Numakura
5717,Yoshino Nanjou
5717,Yuka Ootsubo
5717,Hisako Kanemoto
5422,Maaya Uchida
5423,Chika Anzai
5423,Manami Numakura
5423,Yoshino Nanjou
5423,Yuka Ootsubo
5580,Kalafina
5581,SawanoHiroyuki[nZk]
5581,Mizuki
5582,SawanoHiroyuki[nZk]
5582,Mizuki
6463,SawanoHiroyuki[nZk]
6463,Mizuki
6464,Eir Aoi
6465,Sora Amamiya
8310,petit milady
7628,ORESAMA
6557,Lenny code fiction
6558,CIVILIAN
6559,Sukima Switch
6560,Alisa Takigawa
6776,Brian the Sun
2113,Mai Nakahara
2114,Mai Nakahara
2553,Mai Nakahara
2554,Mai Nakahara
3708,azusa
3709,azusa
3710,Shizuka Itou
3712,Hiromi Konno
3716,Mai Kadowaki
4811,azusa
4812,azusa
4205,azusa
4206,Kana Asumi
5424,bless4
5425,Minami Tsuda
5425,Shiori Mikami
5425,Tomoyo Kurosawa
5425,Yuuka Aisaka
6777,Maaya Sakamoto
6778,Ai Kayano
6778,Eri Suzuki
8313,Minori Suzuki
8314,Maaya Sakamoto
3105,Kaori Hikita
7207,Hiro Shimono
5307,Nagi Yanagi
5308,Ray
5309,Nagi Yanagi
6779,Konomi Suzuki
6780,Nozomi Yamamoto
6780,Rie Takahashi
6780,Yuuka Aisaka
3795,Lia
3796,LiSA
3797,Aoi Tada
3798,LiSA
3799,Karuta
8140,SHE'S
7630,Brian the Sun
7949,Haruka Shiraishi
7950,Haruka Shiraishi
7208,GARNiDELiA
7209,Kaede Hondo
7209,Sayaka Senbongi
7210,GARNiDELiA
6015,Azumi Waki
6015,Maria Naganawa
6015,Miku Itou
6561,Azumi Waki
6561,Eri Suzuki
6561,Maria Naganawa
6561,Miku Itou
6947,Haruka Shiraishi
6947,Hibiku Yamamura
6947,Kiyono Yasuno
6948,Haruka Shiraishi
6948,Hibiku Yamamura
6948,Kiyono Yasuno
4207,Galileo Galilei
4209,Ai Kayano
4209,Haruka Tomatsu
4209,Saori Hayami
4813,Ray
4814,Nagi Yanagi
4815,ALI PROJECT
6466,3 Nen E Gumi Utatan
6467,3 Nen E Gumi Utatan
6468,moumoon
7107,3 Nen E Gumi Utatan
7108,3 Nen E Gumi Utatan
7109,Shion Miyawaki
7110,Shion Miyawaki
6562,Shion Miyawaki
5583,CHiCO
5583,HoneyWorks
5584,Fujifabric
4212,UVERworld
4213,ROOKiEZ is PUNK'D
7824,UVERworld
7111,Mami Kawada
7112,Ray
7113,Ray
6162,Toy ☆ Gun Gun
3371,Kukikodan
3372,Ceui
4441,Nobuhiko Okamoto
4441,Hiro Shimono
4442,Suzuko Mimori
4880,MY FIRST STORY
4880,nano
4881,Trident
4882,Trident
4883,nano
9621,Mia REGINA
9622,Shoutarou Morikubo
4817,bless4
4818,bless4
4819,bless4
4820,Yui Ogura
4821,bless4
6165,May'n
6166,May'n
6167,Haruka Chisuga
6168,Haruka Chisuga
6168,May'n
8922,CHiCO
8922,HoneyWorks
8923,Momo Asakura
3800,Etsuko Yakushimaru
3801,Miyuki Sawashiro
3802,Suneohair
3591,Etsuko Yakushimaru
3593,Suneohair
3594,Suneohair
5180,Sphere
5181,OLDCODEX
5182,OLDCODEX
4578,Hitomi Harada
4579,Jun Fukuyama
9623,Argonavis
9625,Argonavis
9627,GYROAXIA
2063,Yui Makino
2064,Yui Makino
2065,ROUND TABLE feat. Nino
6016,Yui Makino
6017,Yui Makino
6018,Yui Makino
6019,Shiena Nishizawa
2429,Yui Makino
2430,Yui Makino
2431,Yui Makino
2432,ROUND TABLE feat. Nino
2434,ROUND TABLE feat. Nino
3205,Yui Makino
3206,AKINO Arai
3207,Yui Makino
8924,Void_Chords
6283,UVERworld
6284,NICO Touches the Walls
6285,Eir Aoi
6286,Kalafina
6781,Eir Aoi
6782,Kalafina
9628,Maaya Sakamoto
9629,Kiyono Yasuno
4691,Suzuko Mimori
8315,Ayane Sakura
8315,Minami Takahashi
2245,Suara
1771,Ami Koshimizu
8142,Hina Kino
8142,Konomi Kohara
8142,Rika Nagae
8143,Hina Kino
8143,Konomi Kohara
8143,Rika Nagae
3717,Sphere
3718,Kana Hanazawa
3719,Sphere
3720,Haruka Tomatsu
3721,Kanae Itou
3722,Minori Chihara
8772,"Run Girls, Run!"
9409,RAISE A SUILEN
9410,Hitotsuyanagi-tai
9411,Yuuko Natsuyoshi
9411,Hikaru Akao
9412,Hitotsuyanagi-tai
9413,Miku Itou
4216,Aimi
4217,azusa
3525,Aki Misato
3417,angela
3418,angela
3260,angela
3261,angela
3262,angela
7631,After the Rain
7632,Yoshino Nanjou
6950,Miku Hatsune
6951,Kenshou Ono
6953,Kenshou Ono
3208,Ayane
1561,Masumi Itou
1562,Masumi Itou
8774,May'n
8775,Kano
9718,Yui Sakakibara
3803,Yukari Tamura
3804,Yukari Tamura
6783,B-PROJECT
6784,Kitakore
9246,B-PROJECT
9247,B-PROJECT
9248,KiLLER KiNG
9249,MooNs
9250,Kitakore
9251,THRIVE
8540,Jean-Ken Johnny
5718,Mao Abe
2692,Paradise Lunch
2693,Kaori Oda
9719,LiSA
9720,Shuka Saitou
10138,Eir Aoi
10139,FLOW
8144,Gokudols Nijigumi
8145,Satoshi Hino
8145,Daisuke Ono
8146,Gokudols Nijigumi
8147,Satoshi Hino
8147,Daisuke Ono
3878,milktub
3879,Hitomi Harada
3879,Emiri Katou
4346,milktub
4082,milktub
4083,milktub
3373,Chiwa Saitou
3374,Emiri Katou
3375,Miyuki Sawashiro
3376,Kana Hanazawa
3377,Yui Horie
3378,Nagi Yanagi
3378,supercell
8316,GRANRODEO
8317,"Fear, and Loathing in Las Vegas"
8318,Azusa Tadokoro
9632,GRANRODEO
9634,Rie Takahashi
9636,Serena Kouzuki
11259,Serena Kouzuki
3597,Yu Takahashi
3965,Tommy heavenly⁶
4444,nano.RIPE
4445,Hyadain
4445,Base Ball Bear
4446,Sphere
4447,JAM Project
7952,Eri Sasaki
7953,Eri Sasaki
2247,Yuuka Nanri
5585,vistlip
5586,Kenshou Ono
5586,Shoutarou Morikubo
6956,Sayaka Sasaki
6957,Nao Touyama
6957,Yumi Uchiyama
6957,Reina Ueda
6958,Nao Touyama
6958,Yumi Uchiyama
6958,Reina Ueda
519,Koutetsu Kyoudai
520,Hironobu Kageyama
2249,KOTOKO
2250,Mami Kawada
7480,UNISON SQUARE GARDEN
7481,UNISON SQUARE GARDEN
7482,Mikako Komatsu
7483,Mikako Komatsu
8148,Survive Said The Prophet
8149,BLUE ENCOUNT
8150,King Gnu
8151,Survive Said The Prophet
6785,Yuuki Kaji
7826,Poppin'Party
7827,Glitter*Green
7828,Poppin'Party
12170,Poppin'Party
9252,Poppin'Party
9253,Roselia
9254,Roselia
9255,Poppin'Party
9964,Poppin'Party
9965,Poppin'Party
9966,Roselia
9967,Poppin'Party
9967,Roselia
9967,RAISE A SUILEN
8152,Ayane Sakura
8152,Miku Itou
8152,Aimi
8152,Aina Aiba
8152,Ami Maeshima
9637,Ayane Sakura
9637,Miku Itou
9637,Aimi
9637,Aina Aiba
9637,Ami Maeshima
7484,Poppin'Party
7485,Roselia
5587,SUPER BEAVER
5588,NoisyCell
2149,Nana Mizuki
2150,Nana Mizuki
8542,Nana Mizuki
8543,Nana Mizuki
3419,Haruka Tomatsu
3419,Megumi Nakajima
3419,Saori Hayami
3422,Haruka Tomatsu
3422,Megumi Nakajima
3422,Saori Hayami
3423,Haruka Tomatsu
3423,Megumi Nakajima
3423,Saori Hayami
3424,Megumi Nakajima
7487,F*F
7488,F*F
8781,ALI
8782,YURiKA
8783,YURiKA
8784,YURiKA
8785,YURiKA
9721,YOASOBI
9722,YOASOBI
8544,GARNiDELiA
8545,TrySail
8546,ClariS
1785,BEAT CRUSADERS
1787,BEAT CRUSADERS
4349,FLOW
4353,Shouko Nakagawa
4356,9nine
7956,Sangatsu no Phantasia
7957,Ai Kakuma
7957,Misaki Kuno
7957,Saori Oonishi
8926,Maaya Sakamoto
8927,JUNNA
9414,Rib
3968,Emiri Katou
3969,Mariya Ise
9257,Larissa Tago Takeda
9258,Risa Tsumugi
9259,Moka Hiraguri
9260,Hikaru Toono
9261,Amane Shindou
9262,Rumi Ookubo
9263,Hikaru Toono
9263,Colorful Pastrale
523,PENPALS
524,Silver Fins
6789,9mm Parabellum Bullet
7633,9mm Parabellum Bullet
4823,Susumu Hirasawa
4692,Susumu Hirasawa
5312,Susumu Hirasawa
6020,Yousei Teikoku
6963,Yousei Teikoku
1,Kamitakada Shounen Gasshoudan
8324,Chikyuu Seifuku-bu ES
6469,Chikyuu Bouei-bu
6470,Takuma Terashima
6470,Hiroshi Kamiya
6470,Jun Fukuyama
6793,Chikyuu Bouei-bu
6794,Vepper
4580,Piko
2558,CooRie
2559,Mai Kadowaki
9072,milet
5589,Momoiro Clover Z
5590,Momoiro Clover Z
6965,Etsuko Yakushimaru
6967,Momoiro Clover Z
6969,Misato Fukuen
530,Yoko Ishida
532,Aya Hisakawa
534,Yoko Ishida
535,Aya Hisakawa
537,Hiroko Asakawa
6565,Sora Tokui
5720,fripSide
5721,Nagi Yanagi
5722,Nagi Yanagi
5723,Nagi Yanagi
7213,BiSH
7214,Vickeblanka
7215,Kumi Kouda
7216,Miyuna
7218,Seiko Oomori
7221,Vickeblanka
7223,TOMORROW X TOGETHER
7225,Itowokashi
7228,FAKY
7229,Megumi Han
7230,Miyuna
7232,THE CHARM PARK
7233,m-flo
7235,INTERSECTION
7236,KAF
7237,Gakuto Kajiwara
8786,fripSide
2438,MELL
3805,MELL
2255,MELL
4825,supercell
4825,Miku Hatsune
4826,supercell
4884,Faylan
4885,Aira Yuuki
4886,Faylan
1790,Orange Range
1791,UVERworld
1792,HIGH and MIGHTY COLOR
1793,BEAT CRUSADERS
1794,Yui
1795,Aqua Timez
1796,Asian Kung-Fu Generation
1797,KELUN
1798,Aqua Timez
1799,SCANDAL
1800,Porno Graffitti
1801,miwa
1802,SID
1803,ViViD
1804,SCANDAL
1805,Rie fu
1809,Yui
1810,SunSet Swish
1811,Ikimonogakari
1819,Lil`B
1821,STEREOPONY
1823,Sambomaster
1827,Diggy-MO`
1829,SPYAIR
1830,ROOKiEZ is PUNK'D
1833,Aimer
1834,Aqua Timez
7239,Akari Kitou
7239,Azumi Waki
7240,Akari Kitou
7240,Azumi Waki
7241,Akari Kitou
7241,Azumi Waki
7241,Sora Tokui
2069,Hitomi Takahashi
2070,HYDE
2071,UVERworld
2074,Mika Nakashima
4084,DUSTZ
4085,Nana Mizuki
5036,May'n
5037,Yuuka Nanri
6567,Mili
2741,Masami Mitsuoka
2603,Suara
2604,Suara
548,Megumi Hayashibara
9640,Sumire Morohoshi
9641,AAAMYYY
7114,Asian Kung-Fu Generation
7115,Sayuri
6972,Porno Graffitti
6973,Brian the Sun
7638,Kenshi Yonezu
7639,amazarashi
7640,Little Glee Monster
7641,LiSA
8325,UVERworld
8326,Lenny code fiction
8327,miwa
8328,Masaki Suda
8787,BLUE ENCOUNT
8788,KANA-BOON
8789,Sayuri
8790,Ryokuoushoku Shakai
8153,Masaki Suda
8791,sumika
7242,Aoi Yuuki
9968,all at once
9969,AOP
3970,Kana Hanazawa
3970,Kanae Itou
3970,Marina Inoue
3970,Misato Fukuen
3970,Nozomi Yamamoto
3970,Yuka Iguchi
3971,Marina Inoue
5315,Kana Hanazawa
5315,Kanae Itou
5315,Marina Inoue
5315,Misato Fukuen
5315,Nozomi Yamamoto
5315,Yuka Iguchi
5316,Kana Hanazawa
5316,Kanae Itou
5316,Marina Inoue
5316,Misato Fukuen
5316,Nozomi Yamamoto
5316,Yuka Iguchi
4582,Kana Hanazawa
4582,Kanae Itou
4582,Marina Inoue
4582,Misato Fukuen
4582,Nozomi Yamamoto
4582,Yuka Iguchi
4583,Kana Hanazawa
4583,Kanae Itou
4583,Marina Inoue
4583,Misato Fukuen
4583,Nozomi Yamamoto
4583,Ryouhei Kimura
4583,Yuka Iguchi
8792,Sano ibuki
8793,Sano ibuki
5726,fhána
5727,Kana Hanazawa
5727,Hisako Kanemoto
2743,Chiaki Ishikawa
2744,Chiaki Ishikawa
2745,Chiaki Ishikawa
2221,Saeko Chiba
2222,Saeko Chiba
2694,Saeko Chiba
2695,Saeko Chiba
9073,Study
9074,Study
8794,Study
8795,halca
8796,Study
6974,MONOBRIGHT
9264,MYTH & ROID
9265,Riko Azuna
9266,Riko Azuna
1242,Shikao Suga
1243,Kyouko
7642,KANA-BOON
7643,Little Glee Monster
7645,Brian the Sun
7646,Fujifabric
7647,miwa
7651,Scenarioart
7656,Hitorie
7660,LONGMAN
7663,Ami Sakaguchi
10115,halca
10362,PELICAN FANCLUB
10808,JO1
11064,Anly
11357,THIS IS JAPAN
11600,KANA-BOON
11601,Lenny code fiction
11790,Anonymouz
12031,Asian Kung-Fu Generation
12032,Humbreaders
6170,KANA-BOON
3056,Boom Boom Satellites
3057,Boom Boom Satellites
3058,Kylee
3059,Kylee
3060,Kylee
550,KOKIA
4827,Daisuke Ono
6569,Yoko Ishida
6570,Ai Kakuma
6571,Ai Kakuma
6572,Ai Kakuma
6572,Rie Murakawa
6573,Ai Kakuma
6576,Ai Kakuma
6577,Rie Murakawa
6578,Ai Kakuma
6578,Rie Murakawa
6579,Ai Kakuma
6580,Ai Kakuma
6580,Rie Murakawa
6581,Ai Kakuma
6581,Rie Murakawa
7489,Yoko Ishida
7490,Ai Kakuma
7490,Ayuru Ohashi
7490,Mai Kadowaki
5728,Sayaka Sasaki
5729,Aira Yuuki
3808,KOKIA
3809,Faylan
3810,KOKIA
3811,Faylan
3723,KOKIA
3724,Faylan
3598,KOKIA
3599,Faylan
4357,KOKIA
4358,Faylan
4359,KOKIA
4360,KOKIA
5039,Hiroshi Kamiya
5039,Daisuke Ono
5039,Junichi Suwabe
5039,Nobuhiko Okamoto
5039,Yuuki Kaji
4448,nano
4449,nano
4450,May'n
7116,Konomi Suzuki
7117,MYTH & ROID
6582,Megumi Han
5877,TRUE
5878,ChouCho
3812,CooRie
3813,KOKIA
3814,Masumi Itou
3815,CooRie
6975,GRANRODEO
6976,Luck Life
6584,SCREEN mode
6585,Luck Life
9075,GRANRODEO
9076,Luck Life
8548,GRANRODEO
8549,Luck Life
9642,Urashimasakatasen
9643,Yoshino Nanjou
2034,Rie Kugimiya
2259,Yoshiki Fukuyama
4451,Kana Asumi
4451,Megumi Nakajima
4451,Minori Chihara
4452,azusa
4452,Minori Chihara
7665,Miku Itou
7666,Yuuki Takada
7666,Rina Hidaka
8329,OLDCODEX
8330,Sachika Misawa
8331,Takuya Satou
4218,NICO Touches the Walls
4219,School Food Punishment
3972,Yukari Tamura
3973,Eri Kitamura
3974,Eri Kitamura
3975,Yukari Tamura
8332,Reina Ueda
8334,Ari Ozawa
8334,Rie Murakawa
8334,Rie Takahashi
8334,Minami Tanaka
4584,Megu Sakuragawa
4585,Yui Ogura
3379,Faylan
3108,Hitomi Nabatame
53,Mitsuko Horie
54,Mitsuko Horie
2077,Yuria
5730,flumpool
5731,NICO Touches the Walls
5732,Ai Kayano
5733,Tia
8335,Johnny’s WEST
8336,Johnny’s WEST
8339,Takuya Satou
8340,Ayaka Fukuhara
554,Maaya Sakamoto
555,Koumi Hirose
8550,Maaya Sakamoto
8551,Kiyono Yasuno
8552,Saori Hayami
8553,Minori Suzuki
4361,JAM Project
4362,JAM Project
4367,Milky Holmes
8355,Takuya Satou
8356,Takuya Satou
8356,Atsushi Abe
8358,RAISE A SUILEN
4694,JAM Project
5426,Mamoru Miyano
5427,JAM Project
5431,STARMARIE
6021,Breakerz
6591,STARMARIE
6977,Mamoru Miyano
6978,Yui Ogura
9646,Rondo
5734,BUSHI☆7
5736,FAKY
5320,Suzuko Mimori
5320,Yoshino Nanjou
5321,Milky Holmes
5322,Suzuko Mimori
5323,Suara
5432,BUSHI☆7
5433,Suzuko Mimori
9077,RAISE A SUILEN
9078,RAISE A SUILEN
4088,Aki Misato
4088,Faylan
4088,Minami Kuribayashi
4088,Miyuki Hashimoto
4088,yozuca*
4088,rino
4089,Masaaki Endou
9083,Alisa
9084,Alisa
9085,Alisa
9086,Alisa
559,Hironobu Kageyama
560,Hironobu Kageyama
561,Hironobu Kageyama
562,Mitsuko Horie
563,Yoko Ishida
563,Hironobu Kageyama
563,Mitsuko Horie
563,Takayuki Miyauchi
9087,supercell
7492,Asaka
7493,Asaka
7829,nano
7830,Nao Touyama
565,Hironobu Kageyama
6172,Maaya Uchida
6172,Miyuki Sawashiro
7831,Kanako Itou
7832,Konomi Suzuki
7833,Kanako Itou
2951,Kanako Itou
14259,Kanako Itou
6173,Lia
6174,Aoi Tada
6175,Maaya Uchida
6795,Luck Life
6796,BREAKERS
1255,Yoko Ishida
1694,Yoko Ishida
3976,99RadioService
3977,Asami Seto
3978,99RadioService
5324,99RadioService
5325,Asami Seto
5326,99RadioService
8797,99RadioService
1394,AKINO Arai
1395,Maaya Sakamoto
1396,Maaya Sakamoto
1397,Maaya Sakamoto
1398,Maaya Sakamoto
1400,Maaya Sakamoto
1402,Maaya Sakamoto
8155,Kaede Hondo
8155,Naomi Oozora
8156,Naomi Oozora
4586,Sora Tokui
4586,Sayaka Nakaya
1563,ROUND TABLE feat. Nino
1564,Rie Tanaka
1565,Rie Tanaka
1566,Tomokazu Sugita
1566,Rie Tanaka
5327,Aya Uchida
5327,Maaya Uchida
5327,Yuka Ootsubo
7835,Aya Uchida
7835,Maaya Uchida
7835,Yuka Ootsubo
55,Isao Sasaki
56,Mitsuko Horie
9088,AOP
9089,Haruka Toujou
5041,Junjou no Afilia
5042,Ayane
5043,Junjou no Afilia
8799,DIALOGUE+
8800,Akari Kitou
204,Rie Fujiwara
11563,Rie Fujiwara
11564,Takeshi Ike
11565,Masakazu Tougou
1423,JAM Project
1424,Yuria
2037,JAM Project
2038,Yuria
4589,SOUL'd OUT
1649,Minami Kuribayashi
1650,Saeko Chiba
3532,Asuka Oogame
3880,Minori Chihara
3880,Youko Hikasa
3880,Minako Kotobuki
3880,Sayuri Yahagi
3881,Minori Chihara
3881,Youko Hikasa
3881,Minako Kotobuki
3881,Sayuri Yahagi
3882,Minori Chihara
3882,Youko Hikasa
3882,Minako Kotobuki
3882,Sayuri Yahagi
8801,Shuugo Nakamura
8802,Shuugo Nakamura
571,Maki Ohguro
8159,NoisyCell
4457,ZAQ
4458,Maaya Uchida
4458,Sumire Uesaka
4458,Chinatsu Akasaki
4459,ZAQ
4460,ZAQ
8554,ZAQ
8555,ZAQ
5879,ZAQ
5880,Maaya Uchida
5880,Sumire Uesaka
5880,Chinatsu Akasaki
4887,ZAQ
7667,Ayaka Oohashi
7667,Minami Tsuda
7667,Yui Makino
7667,Hiromi Igarashi
7667,Haruka Terui
7668,Maaya Uchida
7668,Eriko Matsui
7668,Ayaka Fukuhara
7669,Azumi Waki
7669,Eri Suzuki
7669,Yuri Noguchi
7670,Azumi Waki
7670,Rei Matsuzaki
7671,Rei Matsuzaki
7246,Hiyori Nitta
7246,Ayaka Asai
7246,Naomi Oozora
7247,Mai Fuchigami
7247,Sumire Uesaka
7247,Aya Suzaki
7247,Asaka Imai
7248,Misaki Kuno
7248,Yuuki Takada
7248,Yuri Noguchi
7248,Nanami Yamashita
8160,Ayana Taketatsu
8160,Minori Suzuki
8160,Ruriko Aoki
8160,Karin Takahashi
8161,Nozomi Yamamoto
8161,Tomoyo Kurosawa
8161,Makoto Koichi
8161,Amina Satou
8162,Hitomi Harada
8162,Kiyono Yasuno
8162,Shino Shimoji
9091,Haruka Chisuga
9091,Saori Hayami
9092,Chinatsu Akasaki
9092,Larissa Tago Takeda
9647,Yuka Ootsubo
9647,Hina Tachibana
9647,Saya Aizawa
9651,Teru Ikuta
9651,Larissa Tago Takeda
9654,Masumi Tazawa
9655,Hana Tamegai
9657,Larissa Tago Takeda
9659,Mao Ichimichi
9659,Rei Matsuzaki
9659,Maki Kawase
9660,Yuri Noguchi
10151,Hiyori Nitta
9267,Miyuki Hashimoto
9268,Aki Misato
9268,CooRie
9268,Miyuki Hashimoto
9268,Sayaka Sasaki
9268,yozuca*
8556,nano.RIPE
8557,Mia REGINA
209,Kahoru Kohiruimaki
214,Yasuyuki Okamura
2605,eufonius
2606,Chata
2953,Lia
2954,Lia
3381,Lia
3382,Lia
2696,riya
2697,eufonius
6595,Daisuke Hasegawa
6597,Yoko Ishida
6602,Chihiro Yonekura
6609,Nobunaga Shimazaki
7251,Takanori Nishikawa
7256,Yoko Ishida
7261,Yoshitsugu Matsuoka
7265,Daisuke Hasegawa
6176,TrySail
6177,ClariS
2746,Nightmare
7672,fripSide
7673,After the Rain
4590,Maaya Sakamoto
5044,Maaya Sakamoto
6287,Maaya Sakamoto
6178,Maaya Sakamoto
7118,Maaya Sakamoto
9272,Leo Ieiri
9273,Unione
2262,FLOW
2263,Jinn
2264,access
2265,ALI PROJECT
2266,SunSet Swish
7273,FLOW
8558,ALI PROJECT
8359,FLOW
8360,Survive Said The Prophet
3110,Orange Range
3111,FLOW
3112,Orange Range
3113,ALI PROJECT
4461,GRANRODEO
7275,Mia REGINA
7276,Saori Hayami
3725,miwa
6023,fhána
6024,Ayaka Oohashi
6025,TRUE
6026,Ayaka Oohashi
6027,fhána
6028,Ayaka Oohashi
8361,Comic Girls
8362,Comic Girls
7958,nano
7959,Manami Numakura
7960,Ai Kakuma
6029,ZAQ
6980,ZAQ
8935,Masayoshi Ooishi
4888,angela
4889,angela
4890,angela
1341,Saeko Chiba
14258,FRUITS ZIPPER
5434,Nana Mizuki
5435,Youko Takahashi
5436,Eri Kitamura
5437,Nana Mizuki
3428,Tsuru
5328,Junichi Suwabe
5329,Tooru Ookawa
8363,AOP
2,Tokyo Meistersinger
3,Vocal Shop
6031,JAM Project
6032,JAM Project
1696,yozuca*
1697,CooRie
1699,CooRie
2607,yozuca*
2608,CooRie
3117,yozuca*
3118,CooRie
5330,Mikoi Sasaki
5331,yozuca*
5332,CooRie
5333,Emi Nitta
2115,yozuca*
2116,CooRie
2117,CooRie
5882,Aki Toyosaki
5882,Kana Hanazawa
5882,Shizuka Itou
2267,abingdon boys school
2270,UVERworld
2275,Rie fu
6797,Lenny code fiction
6798,Mashiro Ayano
9416,Risa Tsumugi
9417,Nana Mizuki
7119,MICHI
7120,Ayana Taketatsu
8560,Ayana Taketatsu
63,Isao Sasaki
64,Isao Sasaki
5438,Mitsuki Nakae
4591,Sayaka Sasaki
4592,yozuca*
7962,Hiroki Takahashi
7962,Yuuki Ono
8562,Breakerz
8563,Ryouhei Kimura
8565,Yuuichirou Umehara
8565,Kaito Ishikawa
3884,Hibiku Yamamura
3885,Hibiku Yamamura
6033,Wataru Hatano
6034,Wataru Hatano
6179,Mikako Komatsu
6180,Sora Tokui
6181,Satomi Akesaka
6182,Sayaka Horino
6799,Maon Kurosaki
6801,binaria
6802,Megumi Ogata
5047,Soraru
5440,Yukari Tamura
5441,Rie Kugimiya
5441,Yukari Tamura
6288,Yukari Tamura
6289,Rie Kugimiya
6289,Yukari Tamura
6290,Yukari Tamura
5185,YURI*KARI
4091,Daisuke Ono
2748,abingdon boys school
2750,Rie fu
2751,HIGH and MIGHTY COLOR
3263,STEREOPONY
3264,abingdon boys school
8566,Mika Nakashima
8567,Mika Nakashima
8568,XX:me
8569,XX:me
8570,XX:me
8571,XX:me
8572,XX:me
8573,XX:me
9970,ASCA
9971,Mashiro Ayano
5186,sweet ARMS
5187,Kayoko Tsumita
5187,Risako Murai
5187,Midori Tsukimiya
5188,Iori Nomizu
5189,Iori Nomizu
5190,Iori Nomizu
5738,sweet ARMS
5739,Kaori Sadohara
14428,Minori Chihara
9274,sweet ARMS
9275,Erii Yamazaki
6805,Seiseki Koukou Soccer-bu
8574,"Run Girls, Run!"
8575,"Wake Up, Girls!"
2279,Nightmare
2280,Maximum the Hormone
2281,Nightmare
2282,Maximum the Hormone
2283,Yoshihisa Hirano
6471,BRADIO
6472,NoisyCell
1927,Mai Nakahara
9566,Konomi Suzuki
9567,Kashitarou Itou
7836,TrySail
7837,Sangatsu no Phantasia
5442,Ayana Taketatsu
5443,Ayana Taketatsu
5443,Minami Tsuda
1346,Hironobu Kageyama
612,Aya Hisakawa
615,Aya Hisakawa
6291,TrySail
6292,Sphere
6294,9nine
4226,Asuka Oogame
4227,Etsuko Yakushimaru
11277,Yuri Shiratori
11277,Rika Matsumoto
3726,Aira Yuuki
3727,Ceui
3728,Ceui
3729,Ayahi Takagaki
622,B'z
626,Mai Kuraki
628,Mai Kuraki
632,Mai Kuraki
633,B'z
639,Mai Kuraki
641,Mai Kuraki
642,Breakerz
645,Mai Kuraki
647,B'z
649,Breakerz
651,Mai Kuraki
652,B'z
655,Mai Kuraki
660,Mai Kuraki
662,WANDS
663,all at once
668,Mai Kuraki
669,Airi Miyakawa
670,SARD UNDERGROUND
671,all at once
672,Airi Miyakawa
10620,Mai Kuraki
10751,WANDS
10965,Breakerz
11061,B'z
11449,SARD UNDERGROUND
11646,Maki Ohguro
11773,all at once
11773,Yudai Ohno
12166,"Konya, Anomachikara"
12192,WANDS
12342,Rainy.
12623,Mai Kuraki
13385,Mai Kuraki
13386,SARD UNDERGROUND
13391,Rainy.
13441,WANDS
14588,Leon Niihama
14589,Amyuri
14590,B'z
14591,Mai Kuraki
14592,Rainy.
14692,Leon Niihama
7963,Kana Hanazawa
7963,Suzuko Mimori
7963,Yuka Iguchi
7964,Suzuko Mimori
8578,Tavito Nanao
8365,Shouta Aoi
8366,Mamoru Miyano
4891,Masayoshi Ooishi
4892,Masayoshi Ooishi
4893,GLAY
4894,Youko Hikasa
4895,Suzuko Mimori
4896,AOP
4897,Seidou Koukou Yakyuubu
4898,Seidou Koukou Yakyuubu
4899,Seidou Koukou Yakyuubu
9093,GLAY
9094,GLAY
9096,OxT
9097,Maaya Uchida
9098,Suzuko Mimori
9099,OxT
6295,Masayoshi Ooishi
6296,Masayoshi Ooishi
6297,GLAY
6298,GLAY
6299,GLAY
6300,Suzuko Mimori
6301,Seidou Koukou Yakyuubu
6302,Seidou Koukou Yakyuubu
6303,OxT
6304,Seidou Koukou Yakyuubu
6305,OxT
7278,Yui Sakakibara
673,Kouji Wada
674,Ai Maeda
675,Ai Maeda
9662,Chiai Fujikawa
9663,Reol
9665,Wolpis Carter
10363,ATEEZ
1212,Kouji Wada
1213,AiM
1214,AiM
6035,Kouji Wada
7121,Kouji Wada
7122,Kouji Wada
1567,Kouji Wada
1568,Kouji Wada
1569,AiM
1569,Kouji Wada
2441,Kouji Wada
1347,Kouji Wada
1348,AiM
1349,AiM
6622,Ami Wajima
7123,STEREO DIVE FOUNDATION
7124,Fo'xTails
6807,STEREO DIVE FOUNDATION
679,Rika Matsumoto
682,Rika Matsumoto
7125,Hitorie
7126,vistlip
683,L'Arc~en~Ciel
4228,Nana Mizuki
4229,Yui Horie
4593,Nana Mizuki
4594,Yui Horie
6473,Nana Mizuki
6474,Yui Horie
9419,Tomokazu Sugita
9419,Yui Ogura
9419,Saika Kitamori
5334,Tomoyo Kurosawa
4900,Tomoyo Kurosawa
9568,Yoshitsugu Matsuoka
9568,HXEROS SYNDROMES
9569,Ai Kakuma
9278,Minami
9279,Alisa Takigawa
9280,Alisa Takigawa
8368,Pile
9972,(K)NoW_NAME
9973,(K)NoW_NAME
9974,(K)NoW_NAME
9975,(K)NoW_NAME
9976,(K)NoW_NAME
9977,(K)NoW_NAME
9978,(K)NoW_NAME
9281,Ziyoou-vachi
9282,Asian Kung-Fu Generation
9283,amazarashi
9284,Eve
4,Fujita Toshiko
5,Fujita Toshiko
4230,Masaaki Endou
7966,Vickeblanka
4093,Momoiro Clover Z
9286,Yoshino Nanjou
1351,AiM
1352,AiM
1353,AiM
234,Mitsuko Horie
8939,BURNOUT SYNDROMES
8940,PELICAN FANCLUB
9724,Fujifabric
9725,Hatena
6187,LACCO TOWER
6193,LACCO TOWER
239,Hironobu Kageyama
240,Hironobu Kageyama
10289,Hironobu Kageyama
4368,Yui Horie
4369,Momoiro Clover Z
9420,Macaroni Enpitsu
9421,Macaroni Enpitsu
10116,XIIX
10752,Taichi Mukai
10753,Humbreaders
11482,Mitei no Hanashi
5593,Kanako Itou
5595,Kanako Itou
6625,DearDream
6626,DearDream
7498,DearDream
7499,DearDream
6628,Maon Kurosaki
3120,KENN
6307,Pile
8943,Fairouz Ai
8943,Kaito Ishikawa
8944,Kaito Ishikawa
6310,Yuka Iguchi
6311,Kanon Wakeshima
6312,Maaya Uchida
8946,Yuka Iguchi
9979,Saori Oonishi
9422,Yuka Iguchi
9423,sajou no hana
7676,Yuka Iguchi
7677,Kano
9287,Yuka Iguchi
6630,Yuka Iguchi
6631,Inori Minase
3888,ROOKiEZ is PUNK'D
7127,FLOW
7128,PENGUIN RESEARCH
6475,OKAMOTO'S
4595,Iori Nomizu
4597,Iori Nomizu
4599,Mariya Ise
4602,Mariya Ise
4604,Iori Nomizu
4605,Kana Asumi
2956,ELISA
2958,ELISA
2961,ELISA
2962,ELISA
2610,ELISA
2612,Hiroko Taguchi
2613,Junko Okada
2614,Natsumi Yanase
2615,Yumiko Nakajima
6,Shigeru Katsumi
7,Shigeru Katsumi
2151,Ryou Kunihiko
1929,Chieko Kawabe
8580,Sangatsu no Phantasia
9290,Yuusha Party
9291,Inori Minase
8948,Mrs. GREEN APPLE
8949,coldrain
8950,Keina Suda
8951,Lenny code fiction
9570,Aimer
9571,KANA-BOON
9572,Cider Girl
9573,PELICAN FANCLUB
8952,Yumenosaki Dream Stars
8957,UNDEAD
8962,RYUSEITAI
7678,ClariS
7679,TrySail
9292,ClariS
9293,TrySail
5746,Rie Murakawa
6313,Rie Murakawa
6314,Ari Ozawa
6314,Maaya Uchida
6314,Mai Fuchigami
6314,Megumi Toda
6314,Rie Murakawa
6314,Hitomi Nabatame
6314,Yumiri Hanamori
6314,Mikoi Sasaki
2155,FLOW
2159,Kozue Takada
4699,FLOW
4700,STEREOPONY
2700,Hikaru Utada
3383,Hikaru Utada
4463,Hikaru Utada
3891,Kalafina
9727,Dizzy Sunfist
1201,JAM Project
1201,Hironobu Kageyama
1201,Rika Matsumoto
1203,Masaaki Endou
1203,Hironobu Kageyama
2166,BACK-ON
2168,Osamu Sasaki
2171,Aya Hirano
2172,BACK-ON
2173,BACK-ON
1652,AiM
9107,(K)NoW_NAME
9108,(K)NoW_NAME
8803,(K)NoW_NAME
8804,(K)NoW_NAME
3281,Asako Toki
3282,Mikuni Shimokawa
3289,Mayumi Morinaga
5748,BoA
5749,BACK-ON
5753,Konomi Suzuki
5753,Tatsuyuki Kobayashi
5754,EDGE of LIFE
7971,BiSH
7972,Beverly
7974,Miyuna
5049,Ayaka Oohashi
5049,Minami Tsuda
5049,Sora Tokui
5049,Chinatsu Akasaki
5050,Ayaka Oohashi
5050,Minami Tsuda
5050,Sora Tokui
5050,Chinatsu Akasaki
7507,EGOIST
7508,LiSA
7509,GARNiDELiA
7510,ASCA
8581,Takanori Nishikawa
8582,Sayuri
6632,Maaya Sakamoto
8805,UNISON SQUARE GARDEN
8806,Eir Aoi
8807,milet
8808,milet
5051,ChouCho
5052,StylipS
5053,StylipS
5597,Minami Kuribayashi
6198,fhána
6808,ChouCho
6810,ChouCho
7511,ChouCho
9109,Mai Kadowaki
9110,Mai Kadowaki
2564,Sachi Tainaka
2565,Sachi Tainaka
2568,Sachi Tainaka
3892,Sachi Tainaka
3893,Sachi Tainaka
3894,Sachi Tainaka
7287,Aimer
9294,Aimer
5445,Mashiro Ayano
5446,Kalafina
5447,LiSA
6326,Aimer
6327,Kalafina
6328,Kalafina
3981,LiSA
3982,Eir Aoi
4702,Kalafina
4703,Luna Haruna
4704,Kalafina
4705,Kalafina
3384,Ayahi Takagaki
3384,Kaori Fukuhara
3385,Kaori Fukuhara
9295,Reol
9296,Reol
1354,THE ALFEE
1837,Sakura Nogawa
1838,Miyuki Hashimoto
1263,Kana Ueda
1265,m.o.v.e
1216,the pillows
8165,the pillows
8374,the pillows
6633,ZAQ
6986,miwa
6986,96neko
6987,Eri Suzuki
3600,Lia
3601,Aoi Tada
3601,Veil
3602,Aoi Tada
3602,Veil
3603,Aoi Tada
3603,Veil
3604,Aoi Tada
3604,Veil
3605,Veil
3606,Aoi Tada
3606,Veil
8809,Miku Itou
8809,Yume Miyamoto
7682,Rie Murakawa
7683,Rika Nagae
7684,Rika Nagae
7686,Rika Nagae
7687,Hibiku Yamamura
7687,Rika Nagae
7688,Rika Nagae
7689,Hibiku Yamamura
7689,Rika Nagae
7690,Youko Hikasa
7691,Hibiku Yamamura
7691,Rika Nagae
7693,Youko Hikasa
7694,Rika Nagae
9111,Rie Murakawa
5599,Yui Makino
5054,OLDCODEX
5055,Mamoru Miyano
5055,Nobunaga Shimazaki
5056,Mamoru Miyano
5056,Nobunaga Shimazaki
8166,OLDCODEX
8167,Mamoru Miyano
8167,Nobunaga Shimazaki
8168,Mamoru Miyano
8168,Nobunaga Shimazaki
8168,Kouki Uchiyama
5600,OLDCODEX
5601,Mamoru Miyano
5601,Nobunaga Shimazaki
5602,Mamoru Miyano
5602,Nobunaga Shimazaki
7288,Mamoru Miyano
7288,Nobunaga Shimazaki
7289,Mamoru Miyano
7289,Nobunaga Shimazaki
2284,Hikaru Utada
4374,Aika Kobayashi
4902,Konomi Suzuki
4903,Konomi Suzuki
3292,Eri Kitamura
3293,Eri Kitamura
1312,Ritsuko Okazaki
1313,Ritsuko Okazaki
1314,Ritsuko Okazaki
9113,Beverly
9114,Ai Otsuka
9115,Vickeblanka
9116,INTERSECTION
9666,AmPm
9666,Miyuna
9667,Asako Toki
9668,THE CHARM PARK
9670,MONKEY MAJIK
6811,Wataru Hatano
9672,OKAMOTO'S
6813,Yuuki Kaji
9298,Wolpis Carter
7695,Ayahi Takagaki
7696,Saori Hayami
7697,Saori Hayami
7698,Saori Hayami
7699,Saori Hayami
1615,Mikuni Shimokawa
1616,Mikuni Shimokawa
1702,Mikuni Shimokawa
1703,Mikuni Shimokawa
8379,Minori Chihara
8380,Mikuni Shimokawa
2118,Mikuni Shimokawa
2119,Mikuni Shimokawa
1653,Porno Graffitti
1654,L'Arc~en~Ciel
1656,Asian Kung-Fu Generation
3434,Yui
3435,NICO Touches the Walls
3436,Sukima Switch
3437,CHEMISTRY
3438,SID
3439,SID
3440,Miho Fukuhara
3441,Lil`B
3442,SCANDAL
3443,Shouko Nakagawa
6635,Taiiku Okazaki
6036,Kaede Hondo
6036,Maria Naganawa
6036,Sayaka Nakaya
1839,eufonius
1840,eufonius
5057,Milky Holmes
5058,Milky Holmes Feathers
5603,Miku Itou
5603,Sachika Misawa
5604,Miku Itou
5604,Sachika Misawa
5605,Miku Itou
5605,Sachika Misawa
5606,Inori Minase
5606,Miku Itou
5606,Sachika Misawa
5883,Suara
5885,Sora Tokui
5886,Suzuko Mimori
6330,fripSide
6990,Sora Tokui
8169,Poppin'Party
705,LAZY
706,Hironobu Kageyama
707,LAZY
7840,Manami Numakura
7841,Megumi Nakajima
7842,Saori Hayami
7843,Lynn
2964,Minori Chihara
7844,Kana Hanazawa
7844,Miyu Tomita
7844,Saori Oonishi
7844,Naomi Oozora
7845,Kana Hanazawa
7845,Miyu Tomita
7845,Saori Oonishi
7845,Naomi Oozora
7846,Saori Oonishi
6201,Ari Ozawa
6201,Inori Minase
6201,Mao Ichimichi
6201,Rie Takahashi
6202,Maon Kurosaki
6204,Maon Kurosaki
6205,Ari Ozawa
6205,Inori Minase
6205,Mao Ichimichi
6205,Rie Takahashi
1171,Hysteric Blue
1843,Kana Ueda
1844,Kana Ueda
1844,Rie Kugimiya
8583,Daisuke Ono
8584,Hyorotto Danshi
7979,"Fear, and Loathing in Las Vegas"
7979,Takanori Nishikawa
2853,Megumi Hayashibara
2854,Megumi Hayashibara
6037,Shiena Nishizawa
6038,Maaya Sakamoto
6991,Shiena Nishizawa
6992,Haruka Chisuga
9673,Yuuko Natsuyoshi
9673,Miyuri Shimabukuro
1358,Miyuki Sawashiro
1358,Yukari Tamura
1359,Miyuki Sawashiro
1359,Yukari Tamura
1426,Miyuki Sawashiro
1426,Yukari Tamura
1427,Miyuki Sawashiro
1427,Yukari Tamura
1428,Miyuki Sawashiro
1428,Yukari Tamura
1429,Miyuki Sawashiro
1429,Yukari Tamura
1430,JAM Project
1430,Masami Okui
1930,Miyuki Sawashiro
1930,Yukari Tamura
1932,Miyuki Sawashiro
1932,Yukari Tamura
2287,Aya Hirano
2287,Satomi Akesaka
2288,Maho Tomita
1617,Miyuki Sawashiro
1617,Yukari Tamura
1618,Miyuki Sawashiro
1618,Yukari Tamura
2228,Santara
7512,Rumi Ookubo
7512,Hisako Kanemoto
7512,Manaka Iwami
7513,Luce Twinkle Wink☆
7514,Luce Twinkle Wink☆
7514,Rumi Ookubo
6206,STEREO DIVE FOUNDATION
1964,BONNIE PINK
1934,BONNIE PINK
6039,JAM Project
6040,Sayaka Sasaki
6041,Ayaka Oohashi
6041,Sayaka Sasaki
5448,JAM Project
5449,JAM Project
5450,Sayaka Sasaki
5451,Shoutarou Morikubo
7290,JAM Project
7291,Shuhei Kita
7292,Masami Okui
7293,Chihiro Yonekura
5059,WHITE ASH
5060,Maaya Uchida
6208,WHITE ASH
6210,Kishida Kyoudan & The Akeboshi Rockets
6211,Nao Touyama
6211,Risa Taneda
6211,Hisako Kanemoto
7129,Kishida Kyoudan & The Akeboshi Rockets
7130,Nao Touyama
7130,Risa Taneda
7130,Hisako Kanemoto
8585,Eri Kitamura
1173,Hironobu Kageyama
1173,Hitomi Mieno
1175,C-DRIVE
8383,Maneki Kecak
8,Kazuo Kumakura
9,Kazuo Kumakura
9728,Nozomi Yamamoto
9728,Hikaru Akao
9728,Amina Satou
9729,Nozomi Yamamoto
9729,Hikaru Akao
9729,Amina Satou
9731,Mao Ichimichi
9733,Hikaru Akao
1266,JAM Project
1267,JAM Project
5608,Masayoshi Ooishi
5609,Ari Ozawa
5061,LiSA
1849,Saori Atsumi
2616,Aki Misato
2618,Saori Atsumi
2619,Saori Atsumi
5063,Sumire Uesaka
5064,Ai Kakuma
5064,Nozomi Yamamoto
5064,Sumire Uesaka
5064,Yumi Uchiyama
2290,Saori Atsumi
4094,Mayumi Morinaga
4095,Mayumi Morinaga
4096,Mayumi Morinaga
4097,Mayumi Morinaga
4098,Mayumi Morinaga
4099,Mayumi Morinaga
4100,Mayumi Morinaga
4101,Mayumi Morinaga
4102,Mayumi Morinaga
4103,Mayumi Morinaga
4104,Mayumi Morinaga
4105,Mayumi Morinaga
4107,Mayumi Morinaga
4108,Mayumi Morinaga
4109,Mayumi Morinaga
4110,Mayumi Morinaga
4111,Marcia
4111,Mayumi Morinaga
11490,Marcia
11491,Marcia
11492,Marcia
1431,Naomi Tamura
73,Isao Sasaki
74,Isao Sasaki
75,Isao Sasaki
76,Isao Sasaki
6332,Maaya Sakamoto
9675,millennium parade
9676,Mili
1437,Origa
1438,Scott Matthew
2043,Origa
2396,Origa
2397,Origa
6641,Eri Suzuki
6641,Saori Oonishi
6642,Girlish Number
6643,Girlish Number
6644,Girlish Number
9576,Maki Ohguro
5065,miwa
5066,Sukima Switch
5887,Fujifabric
8391,SawanoHiroyuki[nZk]
8391,Uru
8392,ELISA
8810,SawanoHiroyuki[nZk]
8810,Uru
8811,SawanoHiroyuki[nZk]
8811,Anly
721,AKEMI
724,AKEMI
5198,Chiaki Ishikawa
5199,Youko Hikasa
5199,Yuka Iguchi
5200,Shintarou Asanuma
256,Takayuki Miyauchi
257,Takayuki Miyauchi
77,Isao Sasaki
78,Isao Sasaki
4908,fhána
4909,SCREEN mode
2446,Tommy heavenly⁶
2447,YO-KING
2448,redballoon
2449,Hearts Grow
2450,DOES
2451,MONOBRIGHT
2452,Base Ball Bear
2453,Prague
2456,redballoon
2457,Hitomi Takahashi
2458,DOES
2460,KELUN
2467,BEAT CRUSADERS
2467,Hitomi Takahashi
2477,Piko
4236,SPYAIR
4237,Prague
6333,BLUE ENCOUNT
6334,CHiCO
6334,HoneyWorks
6335,OKAMOTO'S
6336,DOES
6338,Aqua Timez
4466,SPYAIR
4467,MONOBRIGHT
4470,SPYAIR
3819,DOES
3820,DOES
5067,SPYAIR
5068,Tommy heavenly⁶
7294,BLUE ENCOUNT
8590,BURNOUT SYNDROMES
8175,SPYAIR
8176,CHiCO
8176,HoneyWorks
5452,Saori Hayami
5452,Yui Ogura
5452,Aya Suzaki
5453,Satomi Satou
5454,Saori Hayami
5454,Yui Ogura
5454,Aya Suzaki
1935,yozuca*
1936,Miyuki Hashimoto
4471,ChouCho
4472,Ai Kayano
4472,Mai Fuchigami
4472,Yuka Iguchi
7296,Sayaka Sasaki
7297,Ankou Team
9117,Sayaka Sasaki
9118,Ankou Team
5612,Ai Kayano
5612,Mai Fuchigami
5612,Yuka Iguchi
6042,Ai Kayano
6042,Mai Fuchigami
6043,ChouCho
6994,Ai Kayano
6994,Mai Fuchigami
6994,Yuka Iguchi
9982,Ankou Team
9299,"Run Girls, Run!"
9300,Hitomi Oowada
9300,Shiori Izawa
8970,Given
5337,Otome Shinto
5338,Maaya Uchida
5338,Yume Miyamoto
5339,Suzuko Mimori
5340,Chika Arakawa
5341,Maaya Uchida
5341,Suzuko Mimori
5341,Yume Miyamoto
5341,Chika Arakawa
5613,ChouCho
5614,nano.RIPE
5615,ChouCho
9678,Mili
5889,Ayaka Oohashi
5889,Yuka Ootsubo
6477,Karin Isobe
7980,Mili
7981,Soraru
7982,Mili
7983,Mili
9983,Mili
5768,Ayane Sakura
5768,Inori Minase
5768,Maaya Uchida
5768,Risa Taneda
5768,Satomi Satou
5769,Inori Minase
5769,Rie Murakawa
5769,Sora Tokui
5770,Ayane Sakura
5770,Inori Minase
5770,Maaya Uchida
5770,Risa Taneda
5770,Satomi Satou
6046,Ayane Sakura
6046,Inori Minase
6046,Maaya Uchida
6046,Risa Taneda
6046,Satomi Satou
6047,Inori Minase
6047,Rie Murakawa
6047,Sora Tokui
6048,Ayane Sakura
6048,Inori Minase
6048,Maaya Uchida
6048,Risa Taneda
6048,Satomi Satou
7300,Inori Minase
7300,Maaya Uchida
7300,Risa Taneda
7301,Ayane Sakura
7301,Inori Minase
7301,Maaya Uchida
7301,Rie Murakawa
7301,Risa Taneda
7301,Sora Tokui
8971,Inori Minase
8971,Nana Mizuki
9424,Ayane Sakura
9424,Inori Minase
9424,Maaya Uchida
9424,Risa Taneda
9424,Satomi Satou
9425,Inori Minase
9425,Rie Murakawa
9425,Sora Tokui
9426,Ayane Sakura
9426,Inori Minase
9426,Maaya Uchida
9426,Risa Taneda
9426,Satomi Satou
6212,OLDCODEX
2966,Marina Inoue
2966,Miyuki Sawashiro
2966,Yuu Kobayashi
2966,Ai Nonaka
2967,Marina Inoue
2967,Miyuki Sawashiro
2967,Yuu Kobayashi
2967,Ai Nonaka
2968,Miyuki Sawashiro
2968,Yuuko Gotou
2969,Marina Inoue
2969,Yuu Kobayashi
2969,Ai Nonaka
2183,Yukari Tamura
2184,Miyuki Sawashiro
2184,Yukari Tamura
2185,Chiwa Saitou
5772,"Fear, and Loathing in Las Vegas"
5773,Azusa Tadokoro
5773,Mao Ichimichi
5773,Risa Taneda
5773,Aya Suzaki
726,Yuri Shiratori
8393,MAN WITH A MISSION
8394,THE SIXTH LIE
7984,MY FIRST STORY
7984,Sayuri
9428,THE SIXTH LIE
4910,Yui Horie
4911,Yui Horie
4912,Yui Horie
4913,Yui Horie
2621,Miyuki Sawashiro
2621,Mai Kadowaki
2622,Miyuki Sawashiro
2622,Mai Kadowaki
9301,Nakano-ke no Itsutsugo
9302,Aya Uchida
9302,Inori Minase
9734,Nakano-ke no Itsutsugo
9735,Nakano-ke no Itsutsugo
10105,Nakano-ke no Itsutsugo
8972,Eir Aoi
8973,Uru
8974,Uru
7702,BUMP OF CHICKEN
8591,Mashiro Ayano
8592,ASCA
8593,ASCA
8594,Mashiro Ayano
8173,Ryouhei Kimura
8173,Yuuma Uchida
8173,Katsuyuki Konishi
8173,Hiroki Yasumoto
8174,Nana Mizuki
1403,Ryōko Aoyagi
1404,Ryōko Aoyagi
727,L'Arc~en~Ciel
728,Porno Graffitti
1705,Yuria
1850,Mikuni Shimokawa
1851,Mikuni Shimokawa
9303,Ayana Taketatsu
9304,DAZBEE
9305,i☆Ris
5455,Maon Kurosaki
5458,Yoshino Nanjou
5459,Chata
5460,Nagi Yanagi
5461,Faylan
6341,Faylan
6342,Maon Kurosaki
6343,Yoshino Nanjou
6345,Yoshino Nanjou
9306,Maon Kurosaki
9307,Yoshino Nanjou
9429,Maon Kurosaki
9430,Yoshino Nanjou
1268,Chihiro Yonekura
1269,Chihiro Yonekura
733,Masami Okui
5462,Daisuke Ono
3983,EGOIST
3983,supercell
3984,supercell
3985,EGOIST
3985,supercell
3986,EGOIST
3986,supercell
3987,supercell
8398,Spira Spica
8814,Spira Spica
9681,PENGUIN RESEARCH
9682,Spira Spica
9683,Spira Spica
4914,BACK-ON
4915,BACK-ON
4915,Lil' Fang
4916,AiRI
4917,Hyadain
5465,BACK-ON
5466,EDGE of LIFE
5467,SCREEN mode
5468,StylipS
5469,GARNiDELiA
5470,Daisuke Hasegawa
9986,Dreams Come True
1664,Scoobie Do
1772,Yoko Ishida
3210,KOKIA
11308,Lia
6347,Mashiro Ayano
6348,GARNiDELiA
9431,Rie Kugimiya
9432,Rie Kugimiya
8400,Asako Toki
7987,Asako Toki
4241,"Fear, and Loathing in Las Vegas"
6995,Johnny’s WEST
6996,Johnny’s WEST
6997,Rei Yasuda
7988,Tomohisa Yamashita
7990,halca
9684,ALI PROJECT
9685,AKINO Arai
9685,AKINO from bless4
9122,Honoka Inoue
9122,Reina Kondou
2186,YUKI
2187,Suneohair
2398,YUKI
2399,Suneohair
6049,Hacka Doll
6050,Hacka Doll
6051,Miyu Takagi
6052,Kaya Okuno
6053,Nanami Yamashita
4606,Faylan
4607,Aki Misato
7131,(K)NoW_NAME
7132,(K)NoW_NAME
1443,Masumi Itou
6999,TrySail
7000,Luna Haruna
7302,Saori Hayami
5774,SPYAIR
5775,Sukima Switch
5776,NICO Touches the Walls
5777,tacica
6645,BURNOUT SYNDROMES
6646,NICO Touches the Walls
6054,SPYAIR
6055,BURNOUT SYNDROMES
6056,Galileo Galilei
6057,tacica
9987,BURNOUT SYNDROMES
9988,CHiCO
9988,HoneyWorks
9433,SUPER BEAVER
9434,SPYAIR
9435,SPYAIR
4706,Kana Asumi
4706,Yuka Ootsubo
4707,Kana Asumi
6349,Kana Asumi
6349,Yuka Ootsubo
6350,Kana Asumi
5201,Kana Asumi
5201,Yuka Ootsubo
5202,Kana Asumi
5203,Kana Asumi
5203,Rie Kugimiya
5204,Yuka Ootsubo
5206,Eri Kitamura
5206,Wataru Hatano
5207,Kana Asumi
266,Mitsuko Horie
268,Mitsuko Horie
1178,Shocking Lemon
1179,Shocking Lemon
3542,LAST ALLIANCE
3543,coldrain
7515,Junjou no Afilia
7517,Junjou no Afilia
3212,Shouko Nakagawa
1407,Rie Tanaka
8975,Hiyori Kouno
8595,Kishida Kyoudan & The Akeboshi Rockets
5342,Faylan
5069,Faylan
5070,Ceui
8598,Aoi Yuuki
8598,Shino Shimoji
8599,Aoi Yuuki
4608,Maon Kurosaki
9689,Shouko Nakagawa
8600,"Fear, and Loathing in Las Vegas"
8601,"Fear, and Loathing in Las Vegas"
8602,Nagi Yanagi
8603,Nagi Yanagi
5891,Wataru Hatano
3895,Ayahi Takagaki
3896,Ayahi Takagaki
3897,Ayahi Takagaki
3902,Satoshi Hino
3903,Mariya Ise
3904,Chiwa Saitou
3905,Satoshi Hino
5616,Miyuki Sawashiro
5617,Marina Kawano
4242,nano.RIPE
4243,nano.RIPE
4244,nano.RIPE
4245,Sphere
4246,nano.RIPE
4247,nano.RIPE
4248,nano.RIPE
4249,Clammbon
4250,nano.RIPE
5343,nano.RIPE
1362,Akiko Hiramatsu
1362,Rie Tanaka
1315,Akiko Hiramatsu
5618,"Team ""Hanayamata"""
5619,smileY Inc.
5620,"Team ""Hanayamata"""
1205,Satomi Satou
7849,OxT
7850,AKINO Arai
6814,Fo'xTails
8177,YURiKA
8178,Yuiko Oohara
8179,Yuiko Oohara
7992,Ayaka Oohashi
7993,Nao Touyama
7993,Rie Takahashi
7993,Suzuko Mimori
7993,Yuu Serizawa
7993,Rina Hidaka
7994,Ayaka Oohashi
9123,ORESAMA
9124,Nao Touyama
9124,Rie Takahashi
9124,Suzuko Mimori
9124,Yuu Serizawa
9124,Rina Hidaka
9437,NEWS
9438,Uru
2292,Yui Sakakibara
5892,Sayaka Nakaya
5471,Sayaka Nakaya
8180,Akari Nanawo
8181,ReoNa
8182,ReoNa
5895,KOKIA
7133,fhána
7134,ChouCho
8183,Kana Yuuki
8184,Chisa Kimura
8185,Kana Yuuki
7995,LIPxLIP
7996,=LOVE
8816,Katsuyuki Konishi
8817,Momosumomosu
5208,Minami Kuribayashi
5209,nano.RIPE
5210,nano.RIPE
5211,nano.RIPE
8604,DearDream
8187,DearDream
8188,Kana Hanazawa
8188,Daisuke Ono
8189,ClariS
9736,Kana Hanazawa
9736,Yuusuke Kobayashi
9736,Yuuri Yoshida
9737,ClariS
9989,Liyuu
9990,Aina Suzuki
3213,Kanako Itou
3214,Kaori Hikita
3448,Sphere
3449,marble
3450,marble
3451,marble
6816,Shouta Aoi
6817,Shouta Aoi
2755,KOTOKO
2756,KOTOKO
2757,MELL
2758,Mami Kawada
3452,ELISA
3453,KOTOKO
3454,Shizuka Itou
3454,Sayuri Yahagi
3455,Rie Kugimiya
4473,Eyelis
4474,Haruka Yamazaki
4475,Haruka Yamazaki
4476,Haruka Yamazaki
4476,Rie Kugimiya
5212,Shizuka Itou
5214,Rie Kugimiya
5215,Kana Ueda
5217,Shizuka Itou
5218,Sayuri Yahagi
5219,Haruka Yamazaki
5222,Rie Tanaka
5223,Youko Hikasa
5224,Rie Kugimiya
5224,Rie Tanaka
9992,Machico
3609,Aya Hisakawa
3610,Aya Hisakawa
1448,Hironobu Kageyama
1450,Saeko Chiba
6060,Kano
6061,Yuka Iguchi
6351,Nao Touyama
6351,Risa Taneda
6351,Yumi Uchiyama
6352,Nao Touyama
6352,Risa Taneda
6353,Nao Touyama
6353,Risa Taneda
6353,Yumi Uchiyama
8976,AAAMYYY
8977,OKAMOTO'S
1270,Yasushi Ishii
1271,Mr. Big
4251,Kana Hanazawa
5225,Yukari Tamura
5226,Yui Ogura
9994,Mai Kadowaki
2761,angela
3824,Kylee
3825,FLOW
9995,Asaka
9995,Eri Sasaki
6649,BiSH
1967,Mika Nakashima
5473,Mao Ichimichi
5473,Minami Takahashi
5473,Shiori Izawa
5474,Yuu Serizawa
5474,Naomi Oozora
6354,TRUE
6355,Kitauji Quartet
6650,TRUE
6651,Kitauji Quartet
9125,TRUE
2855,Kana Asumi
2855,Yuuko Gotou
2855,Kaori Mizuhashi
2856,marble
4920,Hitomi Harada
4920,Kana Asumi
4920,Yuuko Gotou
4922,Kana Asumi
4922,Yuuko Gotou
2625,Kana Asumi
2625,Yuuko Gotou
2625,Kaori Mizuhashi
2626,marble
3911,Kana Asumi
3911,Yuuko Gotou
3912,marble
3063,Kana Asumi
3063,Yuuko Gotou
3064,marble
4477,Hitomi Harada
4477,Kana Asumi
4477,Yuuko Gotou
4478,marble
3988,Kana Asumi
3988,Yuuko Gotou
3989,marble
4252,May'n
6062,nano
6063,Ayane Sakura
6063,Rie Kugimiya
3457,School Food Punishment
3295,School Food Punishment
3913,School Food Punishment
3914,School Food Punishment
4833,StylipS
6358,ChouCho
6359,StylipS
6360,Yuuki Kaji
5072,ZAQ
5073,Ayana Taketatsu
5073,Shizuka Itou
5073,Youko Hikasa
5074,Ayana Taketatsu
5074,Ayane Sakura
5074,Risa Taneda
5074,Shizuka Itou
5074,Youko Hikasa
9996,TrySail
8191,Etsuko Yakushimaru
8819,Etsuko Yakushimaru
6064,OLDCODEX
3730,Kishida Kyoudan & The Akeboshi Rockets
3731,Maon Kurosaki
3732,Maon Kurosaki
3733,Maon Kurosaki
3734,Maon Kurosaki
3735,Maon Kurosaki
3736,Maon Kurosaki
3737,Maon Kurosaki
3738,Maon Kurosaki
3739,Maon Kurosaki
3740,Maon Kurosaki
3741,Maon Kurosaki
3742,Maon Kurosaki
2478,Eiko Shimamiya
2479,Rekka Katakiri
9440,Asaka
9441,Eiko Shimamiya
9442,Ayane
9443,Ayane
2701,Eiko Shimamiya
4113,Yui Horie
4113,Yukari Tamura
4114,Mai Nakahara
4115,Yukari Tamura
4117,Yui Horie
3544,Eiko Shimamiya
4709,Shuhei Kita
2049,CooRie
2050,Mai Nakahara
1275,Kids Alive
746,Rika Matsumoto
10,Kyouko Okada
11,Ado Mizumori
7997,Satomi Akesaka
7997,Sumire Uesaka
7997,Suzuko Mimori
7998,Satomi Akesaka
7998,Sumire Uesaka
7998,Suzuko Mimori
6214,Aimi Tanaka
6215,Aimi Tanaka
6215,Haruka Shiraishi
7303,Aimi Tanaka
7304,Aimi Tanaka
7304,Haruka Shiraishi
7518,TRUE
7519,Hibiku Yamamura
7519,Madoka Asahina
7520,Hibiku Yamamura
7521,TRUE
7704,Mao Ichimichi
7704,Marika Kouno
7704,Miyu Tomita
7704,Yui Ogura
7705,Mao Ichimichi
7705,Marika Kouno
7705,Miyu Tomita
7705,Yui Ogura
8403,Rie Murakawa
8404,Yoshiki Nakajima
8405,Yoko Ishida
8406,Ari Ozawa
7999,Official HIGE DANdism
8409,Misaki Kuno
8409,Tomoyo Kurosawa
8410,Kaori Nazuka
8410,Maki Kawase
8411,Misaki Kuno
8411,Maki Kawase
8412,Misaki Kuno
8412,Kaori Nazuka
8412,Maki Kawase
8414,Misaki Kuno
8415,Misaki Kuno
8415,Tomoyo Kurosawa
8415,Kaori Nazuka
9126,Akari Kitou
9126,Minami Tanaka
9128,Akari Kitou
9128,Minami Tanaka
7522,Wataru Hatano
7523,Toshiki Masuda
7523,Shinnosuke Tachibana
7523,Yoshitsugu Matsuoka
7524,Yoshitsugu Matsuoka
7525,Shinnosuke Tachibana
7526,Toshiki Masuda
7528,Toshiki Masuda
7529,Shinnosuke Tachibana
7529,Yoshitsugu Matsuoka
5778,Iori Nomizu
5779,Chika Anzai
5779,Yui Makino
5475,Iori Nomizu
5476,Chika Anzai
5476,Iori Nomizu
8820,Sumire Morohoshi
8821,Megumi Nakajima
9690,Sumire Morohoshi
9691,Minori Suzuki
5896,Eri Kitamura
5896,Hiroki Yasumoto
5898,Sumire Uesaka
5899,Sumire Uesaka
7305,Yui Ogura
7305,Hiroki Yasumoto
7306,Sumire Uesaka
7307,Eri Kitamura
7307,Hiroki Yasumoto
8417,Yui Ogura
8417,Hiroki Yasumoto
8418,Sumire Uesaka
9742,MY FIRST STORY
9743,Mafumafu
9744,Yui Horie
1282,Hiroko Asakawa
8822,Megumi Nakajima
8823,bless4
4254,Nomico
6361,Kano
6362,Yui Makino
6362,Ayuru Ohashi
8824,Miyu Tomita
8825,Marika Kouno
8825,Miyu Tomita
9692,Satomi Akesaka
9692,Natsumi Kawaida
9692,Yuu Sasahara
9693,Satomi Akesaka
9693,Natsumi Kawaida
9693,Yuu Sasahara
4381,Rie fu
7308,YURiKA
7309,Yuiko Oohara
7310,Tomoyo Kurosawa
7311,YURiKA
9997,Nagi Yanagi
8613,Yui Ogura
8613,Rie Hikisaka
8613,Rina Honizumi
8614,Yukari Tamura
8616,Yui Ogura
8616,Rie Hikisaka
8616,Rina Honizumi
9308,AOP
8826,m-flo
7002,Rumi Ookubo
7003,Mao Ichimichi
7003,Yui Makino
7003,Rika Kinugawa
7004,Yuka Ootsubo
7004,Wataru Hatano
7005,Kaya Okuno
1451,Kids Alive
1452,Natsuki Kato
11566,Utaibito Hane
11567,KOKIA
11568,KOKIA
3991,"Fear, and Loathing in Las Vegas"
1775,Mikuni Shimokawa
86,Isao Sasaki
87,Isao Sasaki
5227,Miyuki Hashimoto
5228,Aoi Yuuki
5228,Rie Kugimiya
5228,Minako Kotobuki
3611,Faylan
3612,Aoi Yuuki
3612,Rie Kugimiya
2972,Aya Hirano
8192,Aya Uchida
8193,petit milady
4710,ChouCho
4712,Ai Kayano
4712,Satomi Satou
4713,Ai Kayano
4713,Satomi Satou
9446,Division All Stars
9447,Buster Bros!!!
9448,MAD TRIGGER CREW
9449,Fling Posse
9450,Matenrou
9451,Division All Stars
9746,I-Chu Leaders
9747,I-Chu Leaders
1317,Hitomi Mieno
3828,Sphere
2122,Mamiko Noto
2122,Saeko Chiba
2857,Hitomi Nabatame
2857,Mamiko Noto
2857,Saeko Chiba
7706,Sayaka Sasaki
7707,Hironobu Kageyama
9999,Sou
10000,MIYAVI
10001,MIYAVI
7852,SMILE♥X
7853,with
7710,i☆Ris
7711,Miyu Kubota
7712,You Taichi
8617,IDOLiSH7
8618,TRIGGER
8619,IDOLiSH7
8620,"MEZZO"""
8621,IDOLiSH7
9694,IDOLiSH7
9695,Re:vale
9696,TRIGGER
9697,Re:vale
9698,TRIGGER
8622,TRIGGER
8623,IDOLiSH7
8624,IDOLiSH7
8624,TRIGGER
2764,Miyuki Hashimoto
2765,Aira Yuuki
9750,Kanata Aikawa
9751,Kanata Aikawa
9753,TRINITYAiLE
9755,Kanata Aikawa
10308,Kanata Aikawa
9452,THE PINBALLS
9453,INNOSENT in FORMAL
9454,INNOSENT in FORMAL
9455,Kiyoharu
1706,m.o.v.e
9310,Yui Sakakibara
3831,Aya Endou
4119,Nao Touyama
7312,ChouCho
7313,Aira Yuuki
7314,Manami Numakura
5901,May'n
5902,Maaya Sakamoto
7316,flumpool
7317,edda
10002,Aoi Yuuki
10003,Aya Uchida
2979,m.o.v.e
2980,m.o.v.e
4480,m.o.v.e
4482,m.o.v.e
5780,m.o.v.e
5781,m.o.v.e
5782,m.o.v.e
765,m.o.v.e
766,m.o.v.e
767,m.o.v.e
1968,m.o.v.e
1969,m.o.v.e
1970,m.o.v.e
1971,m.o.v.e
769,m.o.v.e
1410,m.o.v.e
2400,Yousei Teikoku
5477,Qverktett:||
5076,Ai Kakuma
5076,Kana Asumi
5076,Marina Inoue
5076,Shizuka Itou
5076,Yuu Serizawa
5077,Yuu Serizawa
9456,Ayaka Oohashi
9457,Ayaka Oohashi
4834,MUCC
4836,Rina Hidaka
4837,Mamoru Miyano
4838,Tomokazu Sugita
4839,Kana Hanazawa
4840,Youko Hikasa
5783,Nao Touyama
5783,Sumire Uesaka
2480,Yui Horie
2482,Nana Mizuki
1186,Aikawa Nanase
1189,Hitomi Shimatani
1191,Do As Infinity
1192,Ayumi Hamasaki
1193,BoA
1194,Do As Infinity
3296,Do As Infinity
1285,Ayumi Hamasaki
1854,Do As Infinity
7318,MAN WITH A MISSION
8013,Nagi Yanagi
4382,Minami Kuribayashi
4383,Youko Hikasa
4384,Youko Hikasa
4385,Youko Hikasa
4386,Kana Hanazawa
4386,Youko Hikasa
4387,Kana Hanazawa
4387,Marina Inoue
4387,Youko Hikasa
4388,Kana Hanazawa
4388,Marina Inoue
4388,Youko Hikasa
4923,Minami Kuribayashi
4924,Kana Hanazawa
4924,Marina Inoue
4924,Youko Hikasa
4925,Kana Hanazawa
4925,Marina Inoue
4925,Youko Hikasa
4926,Kana Hanazawa
4926,Marina Inoue
4926,Youko Hikasa
4927,Kana Hanazawa
4927,Marina Inoue
4927,Youko Hikasa
4928,Kana Hanazawa
4928,Marina Inoue
4928,Youko Hikasa
4929,Kana Hanazawa
4929,Marina Inoue
4929,Youko Hikasa
4930,Kana Hanazawa
4930,Marina Inoue
4930,Youko Hikasa
4931,Kana Hanazawa
4931,Marina Inoue
4931,Youko Hikasa
4932,Kana Hanazawa
4932,Marina Inoue
4932,Suzuko Mimori
4932,Youko Hikasa
4933,Kana Hanazawa
4933,Marina Inoue
4933,Suzuko Mimori
4933,Youko Hikasa
4934,Kana Hanazawa
4934,Marina Inoue
4934,Suzuko Mimori
4934,Youko Hikasa
4935,Chiwa Saitou
4935,Kana Hanazawa
4935,Marina Inoue
4935,Suzuko Mimori
4935,Youko Hikasa
5479,Minami Kuribayashi
5480,Chiwa Saitou
5480,Kana Hanazawa
5480,Marina Inoue
5480,Suzuko Mimori
5480,Youko Hikasa
3998,Minami Kuribayashi
3999,Youko Hikasa
8978,MYTH & ROID
8979,Rie Takahashi
8421,Clammbon
8194,SUMMONERS 2+
8195,Yuu Serizawa
9129,Aoi Yuuki
9129,Satoshi Hino
9129,Yuusuke Kobayashi
9129,Jun Fukushima
9130,Aoi Yuuki
9130,Rie Takahashi
9130,Sora Amamiya
9130,Yumi Hara
9131,nonoc
10004,Aoi Yuuki
10004,Satoshi Hino
10004,Yuusuke Kobayashi
10004,Jun Fukushima
10005,Inori Minase
10005,Rie Takahashi
10005,Saori Hayami
10005,Sumire Uesaka
10006,Riko Azuna
7531,May'n
7531,"Wake Up, Girls!"
7532,Kiyono Yasuno
7533,AOP
7534,Maaya Uchida
7534,Yui Fukuo
7534,Nanami Yamashita
10007,Miyu Tomita
10007,Yuusuke Kobayashi
10008,Miyu Tomita
10008,Yuusuke Kobayashi
8196,Yukari Tamura
8197,Yukari Tamura
8198,Asaka
8199,Asaka
5785,Sora Amamiya
6480,Junjou no Afilia
6481,TWO-FORMULA
10009,Junjou no Afilia
10010,Rico Sasaki
7320,Youko Hikasa
8625,THE PINBALLS
7321,LIPxLIP
7322,Aki Toyosaki
7322,Haruka Tomatsu
7322,Kana Asumi
7322,Hiroshi Kamiya
7322,Yuuki Kaji
7323,Aki Toyosaki
4120,Hitomi Harada
4121,Akiko Shikata
4122,Iori Nomizu
9458,Aina Suzuki
9459,Hanamiya Joshi Climbing Bu
9460,Sumire Uesaka
9461,Miyu Tomita
9462,Yui Ishikawa
9463,Aina Suzuki
9757,DIALOGUE+
9758,DIALOGUE+
9759,Nene Hieda
9760,Ikumi Hasegawa
9761,Ai Kayano
10107,Hisako Kanemoto
8201,Jashin Girls
9699,halca
9701,Jashin Girls
3832,Miyuki Sawashiro
3833,Ayana Taketatsu
10011,Masayoshi Ooishi
10012,Akari Kitou
776,B'z
2085,Mamiko Noto
2294,Mamiko Noto
2982,Mamiko Noto
7541,Mamiko Noto
7542,Fo'xTails
7543,Nagi Yanagi
8423,Kano
2234,angela
4610,nano.RIPE
4611,Masumi Itou
5624,Moe Toyota
5624,Hiyori Nitta
5624,Rena Maeda
6217,Hilcrhyme
4484,Hiroaki TOMMY Tominaga
4485,Coda
4486,YES
7009,Daisuke Hasegawa
8016,Daisuke Hasegawa
4714,Mami Kawada
4715,Nagi Yanagi
4716,Nagi Yanagi
4487,Maon Kurosaki
4488,Nagi Yanagi
4489,Nagi Yanagi
2484,yozuca*
8980,Aki Toyosaki
8980,Haruka Tomatsu
8980,Chinatsu Akasaki
8981,Aki Toyosaki
8981,Haruka Tomatsu
8981,Chinatsu Akasaki
8982,Aki Toyosaki
4612,Ayane Sakura
4612,Nozomi Yamamoto
4612,Yoshino Nanjou
4612,Kotori Koiwai
4613,Momoiro Clover Z
6219,Yui Ogura
9464,Eve
9465,Who-ya Extended
9466,ALI
9467,Cö shu Nie
777,Masami Okui
778,Masami Okui
3125,Osamu Sasaki
6220,Fo'xTails
6221,Luck Life
6486,ZAQ
6487,TRUE
7324,Nagi Yanagi
7325,Lynn
7325,Karin Isobe
1577,Ryou Kunihiko
7327,Do As Infinity
6489,Manami Numakura
6489,Rina Hidaka
2627,BEAT CRUSADERS
2628,HIGH and MIGHTY COLOR
2630,HIGH and MIGHTY COLOR
8424,BUMP OF CHICKEN
8425,BUMP OF CHICKEN
4491,angela
4493,Yuuki Kaji
4494,angela
3460,Aki Toyosaki
3460,Youko Hikasa
3460,Minako Kotobuki
3460,Satomi Satou
3461,Aki Toyosaki
3461,Youko Hikasa
3461,Minako Kotobuki
3461,Satomi Satou
10495,Houkago Tea Time
4000,Houkago Tea Time
4001,Houkago Tea Time
3834,Houkago Tea Time
3835,Houkago Tea Time
3836,Houkago Tea Time
3837,Houkago Tea Time
6065,Yui Horie
6067,angela
8204,angela
8205,angela
8206,angela
8207,angela
8208,angela
8209,angela
8019,angela
8020,angela
8021,angela
8022,angela
8023,angela
8024,angela
7716,Hiro Shimono
7717,Yuuichirou Umehara
7717,Ryouta Oosaka
7717,Nobunaga Shimazaki
7717,Kengo Kawanishi
8830,Huwie Ishizaki
97,Isao Sasaki
99,Isao Sasaki
100,Isao Sasaki
100,Mitsuko Horie
9311,Masayuki Suzuki
9312,halca
9313,Konomi Kohara
9702,Masayuki Suzuki
9702,Airi Suzuki
2767,Aki Misato
2768,ALI PROJECT
9764,Minami Kuribayashi
9765,ARCANA PROJECT
6655,Aina Suzuki
6656,Aina Suzuki
8627,Aina Suzuki
8627,Riho Iida
8628,Suzuko Mimori
8628,Riho Iida
8628,Risae Matsuda
9134,Kenshi Yonezu
3069,Mamiko Noto
7718,Ai Kayano
7718,Mao Ichimichi
7719,Rie Kugimiya
7546,Tia
7548,Saori Hayami
7548,Yuu Serizawa
9314,JUNNA
5230,Nana Mizuki
5230,T.M.Revolution
5231,angela
5232,ELISA
4936,Nana Mizuki
4936,T.M.Revolution
4937,ELISA
8426,Nao Touyama
8427,nano
8428,Manami Numakura
8429,Katsuyuki Konishi
8430,Maaya Uchida
8430,Yuuma Uchida
8432,Shunichi Toki
8433,Megumi Nakajima
8434,Takuma Terashima
8436,Satoshi Hino
8437,Kaito Ishikawa
9704,flumpool
1726,Chihiro Yonekura
1727,r.o.r/s
1730,r.o.r/s
3128,KOTOKO
3129,Yoshiki Fukuyama
2769,ALI PROJECT
2124,Maho Tomita
9706,Stray Kids
9707,Stray Kids
9708,Stray Kids
9709,Stray Kids
3613,ELISA
3613,Oratorio The World God Only Knows
3614,Ayana Taketatsu
3614,Kanae Itou
3614,Nao Touyama
3615,Aoi Yuuki
3615,Ayana Taketatsu
3615,Kanae Itou
3615,Nao Touyama
3617,Kanae Itou
3618,Ayana Taketatsu
3618,Kanae Itou
3618,Nao Touyama
3619,Ayana Taketatsu
3619,Kana Hanazawa
3619,Kanae Itou
3619,Nao Touyama
3620,Oratorio The World God Only Knows
3620,Hiro Shimono
4259,ELISA
4259,Lia
4259,Oratorio The World God Only Knows
4260,Aki Toyosaki
4260,Kana Asumi
4260,Kanae Itou
4260,Saori Hayami
4261,Kanae Itou
4261,Saori Hayami
4262,ELISA
4262,Oratorio The World God Only Knows
4002,Nao Touyama
4003,Kana Asumi
5078,Saori Hayami
5078,Oratorio The World God Only Knows
5079,Nao Touyama
5081,Yuka Iguchi
5083,Ayahi Takagaki
5083,Kana Hanazawa
5084,Kana Asumi
5085,Nao Touyama
5086,Ayana Taketatsu
5087,Saori Hayami
5088,Ayana Taketatsu
5088,Nao Touyama
5088,Yuka Iguchi
5089,Ayahi Takagaki
5089,Kana Asumi
5089,Kana Hanazawa
5089,Nao Touyama
4495,Eyelis
4496,Eyelis
5788,Hiroshi Kamiya
5788,Daisuke Ono
5789,Hiroshi Kamiya
5789,Daisuke Ono
4125,Chiaki Ishikawa
4126,Chiaki Ishikawa
9471,Nagi Yanagi
9472,Nagi Yanagi
9473,Nagi Yanagi
5090,Eri Kitamura
4127,ChouCho
4128,Mr. Big
9469,Azusa Tadokoro
9470,MindaRyn
3300,Minami Kuribayashi
3301,Marina Inoue
3301,Megumi Nakajima
4389,Minami Kuribayashi
4390,Yui Horie
4390,Yukari Tamura
3386,Aki Toyosaki
3386,Rie Kugimiya
3387,Yui Horie
8983,nonoc
8984,Riko Azuna
8985,Saori Hayami
6657,Shiena Nishizawa
8831,Riko Kohara
8831,Yuu Sasahara
8832,Azusa Tadokoro
10013,Riko Kohara
10013,Yuu Sasahara
2985,Haruka Tomatsu
2986,Haruka Tomatsu
1855,KOTOKO
1856,KOTOKO
5790,Aoi Yuuki
5791,Ai Kayano
5791,Kana Asumi
5791,Kana Hanazawa
5791,Youko Hikasa
9577,the peggies
9578,halca
9579,halca
9580,the peggies
7136,Masumi Itou
7137,Clammbon
3131,Yui Sakakibara
6493,AKINO from bless4
6494,Shiena Nishizawa
2631,Kalafina
2632,Kalafina
3215,Kalafina
3132,Kalafina
3070,Kalafina
8629,Yuiko Oohara
8630,Rie Takahashi
8631,Rie Takahashi
8632,Rie Takahashi
8633,Rie Takahashi
8634,Rie Takahashi
8635,Rie Takahashi
8636,Rie Takahashi
8986,Yuiko Oohara
8987,Rie Takahashi
8988,Rie Takahashi
8989,Rie Takahashi
8990,Rie Takahashi
8991,Rie Takahashi
8992,Rie Takahashi
8993,Rie Takahashi
8994,Rie Takahashi
8025,BUMP OF CHICKEN
8026,KANA-BOON
8027,Lozareena
8028,Lozareena
8030,BUMP OF CHICKEN
5233,GRANRODEO
2576,eufonius
2579,Kana Ueda
2580,Yui Horie
2581,Yukari Tamura
2297,eufonius
3916,ALI PROJECT
3921,Yukari Tamura
3922,ALI PROJECT
3923,Mai Nakahara
3924,Nomico
3926,Haruka Tomatsu
3927,Faylan
3928,Minami Kuribayashi
3929,supercell
3930,Piko
2300,LM.C
2302,LM.C
2303,Masami Mitsuoka
2304,Kazuki Katou
7550,Kalafina
8995,Mafumafu
8997,Ayaka Oohashi
8998,Mia REGINA
8999,TRUE
8031,UNISON SQUARE GARDEN
8033,Taichi Mukai
8034,Taichi Mukai
2772,Shizuka Itou
9135,CHAI
6658,AiRI
6659,Kaede Hondo
6659,Lynn
6659,Mao Ichimichi
6659,Saori Oonishi
8833,OLDCODEX
8834,SCREEN mode
6363,BUMP OF CHICKEN
6364,UNISON SQUARE GARDEN
7328,UNISON SQUARE GARDEN
7329,Daoko
7329,Yasuyuki Okamura
2988,Chiwa Saitou
2988,Haruka Tomatsu
2988,Rie Kugimiya
2989,Chiwa Saitou
7854,Aina Aiba
7854,Mikoi Sasaki
9316,Aina Aiba
9316,Mikoi Sasaki
9319,Aya Uchida
9319,Aina Aiba
9319,Riko Koike
9319,Yui Ishikawa
9319,Mikoi Sasaki
9766,Daisuke Ono
9767,Sayaka Sasaki
3546,Sukima Switch
2402,Santara
9320,nano
8035,Nana Mizuki
8036,9nine
9000,MY FIRST STORY
9137,i☆Ris
2703,Ayane
5792,Masaaki Endou
5793,Ayaka Oohashi
5793,Azusa Tadokoro
1980,JAM Project
1985,Chiwa Saitou
1990,Afromania
1995,Natsumi Kiyoura
1998,JAM Project
3302,Aya Uchida
6660,Haruka Toujou
287,EUROX
288,EUROX
2403,GRANRODEO
4939,Eir Aoi
4940,GARNiDELiA
4841,Chinatsu Akasaki
4841,Mutsumi Tamura
4842,Chinatsu Akasaki
4842,Mutsumi Tamura
8637,fripSide
9139,LiSA
9140,FictionJunction
9140,LiSA
9141,Nami Nakagawa
3216,Miyuki Hashimoto
3217,Miyuki Hashimoto
3217,Yuuko Gotou
1670,Minami Kuribayashi
1671,Minami Kuribayashi
1672,Minami Kuribayashi
2633,Minami Kuribayashi
2634,Minami Kuribayashi
2635,Minami Kuribayashi
5095,Daisuke Ono
6820,RADWIMPS
6821,RADWIMPS
8210,sumika
8211,sumika
9474,Kaori Ishihara
9475,Sora Amamiya
2636,marble
2638,Suara
5795,MUCC
5796,Rei Yasuda
6068,NEWS
9143,Yuuma Uchida
9150,Yuuma Uchida
9152,Shouta Aoi
9154,Yuuma Uchida
9476,fripSide
9477,Dreamcatcher
9478,KOTOKO
4614,Nothing's Carved in Stone
4616,Yuuki Wakai
5098,The Sketchbook
5099,The Sketchbook
5100,The Sketchbook
9710,BiSH
10528,BiSH
5101,Nao Touyama
5101,Risa Taneda
5101,Yumi Uchiyama
5102,Nao Touyama
5102,Risa Taneda
5102,Yumi Uchiyama
6661,Nao Touyama
6661,Risa Taneda
6661,Yumi Uchiyama
6662,Nao Touyama
6662,Risa Taneda
6662,Yumi Uchiyama
2235,Mikuni Shimokawa
1731,Mikuni Shimokawa
7330,Nagi Yanagi
7331,Nagi Yanagi
8212,Inori Minase
8212,Mariya Ise
8438,"Run Girls, Run!"
8438,Miyu Kubota
8439,"Run Girls, Run!"
8440,"Run Girls, Run!"
9155,"Run Girls, Run!"
9156,"Run Girls, Run!"
9712,"Run Girls, Run!"
9854,Nanami Yamashita
10241,"Run Girls, Run!"
10530,"Run Girls, Run!"
5481,"Fear, and Loathing in Las Vegas"
795,Hironobu Kageyama
796,Hironobu Kageyama
2489,Kanako Itou
2773,Minami Kuribayashi
8037,fripSide
2990,Ayana Taketatsu
3841,Ayana Taketatsu
5105,Mao Ichimichi
5106,Sayaka Senbongi
5107,Sayaka Senbongi
5108,Sayaka Senbongi
8040,Kano
9855,Makoto Furukawa
9856,NOW ON AIR
7013,Boom Boom Satellites
7014,Sangatsu no Phantasia
6824,Clémentine
7860,Clémentine
7860,Ainhoa
7555,fhána
7556,Ayaka Oohashi
9002,The Struts
9003,The Struts
3305,Maaya Sakamoto
3306,Megumi Nakajima
3307,Megumi Nakajima
7861,fhána
7862,Chorogons
814,Rieko Miura
9004,Rib
9005,May'n
2639,Eri Kitamura
2639,Mai Kadowaki
2640,Little Non
2641,Chata
2642,Eri Kitamura
2642,Mai Kadowaki
3550,Eri Kitamura
3551,Little Non
2705,Eri Kitamura
2705,Mai Kadowaki
2706,Little Non
6664,aiko
2643,Eri Kitamura
2644,Eri Kitamura
2644,Satomi Akesaka
2001,Masumi Itou
9582,Konomi Suzuki
4619,Ceui
7557,Frederic
8639,CHiCO
8639,HoneyWorks
8640,Aimer
3071,fripSide
3462,fripSide
10014,Nao Touyama
10015,Minori Suzuki
10016,Tomoyo Takayanagi
8641,MIYAVI
4501,Lia
6222,Nogizaka46
6825,Nana Mizuki
6826,Sumire Uesaka
6827,Ari Ozawa
6827,Nana Mizuki
6827,Nao Touyama
6827,Sumire Uesaka
2002,Youko Takahashi
2003,Yoko Ishida
4630,StylipS
4631,Asuka Oogame
4631,Ayana Taketatsu
4631,Ayane Sakura
4631,Kaori Ishihara
4631,Rina Hidaka
9159,Shouta Aoi
9160,Yuuma Uchida
8835,Shouta Aoi
8837,Shouta Aoi
7138,Machico
7139,Ai Kayano
7139,Rie Takahashi
7139,Sora Amamiya
7863,Machico
7864,Ai Kayano
7864,Rie Takahashi
7864,Sora Amamiya
9006,Ai Kayano
9006,Rie Takahashi
9006,Sora Amamiya
9007,Machico
9161,Asaka
9162,Konomi Suzuki
9163,Konomi Suzuki
9164,Asaka
7334,eufonius
7335,Ai Kakuma
7335,Manami Numakura
7335,Yuuko Oono
7337,Ai Kakuma
7337,Manami Numakura
7338,Yuuko Oono
7339,Yuuko Oono
4393,Iori Nomizu
4719,Iori Nomizu
7865,Aya Suzaki
7867,Shion Miyawaki
5344,Megumi Nakajima
5345,Haruka Chisuga
5346,Hisako Kanemoto
5346,Hiro Shimono
5347,Hisako Kanemoto
6495,Maaya Sakamoto
6496,Asuka Oogame
7140,ZAQ
7141,Manami Numakura
826,STEEL ANGELS
827,STEEL ANGELS
1369,STEEL ANGELS
1370,STEEL ANGELS
1206,STEEL ANGELS
1207,STEEL ANGELS
1371,Angels
7015,EGOIST
7016,Aimer
7016,EGOIST
7017,Aimer
6665,EGOIST
6666,Aimer
6666,SawanoHiroyuki[nZk]
7868,Aimer
7868,SawanoHiroyuki[nZk]
9165,EGOIST
2777,JAM Project
2778,GRANRODEO
9322,ZAQ
9323,Kotobuki Hikoutai
7142,TrySail
6667,Sangatsu no Phantasia
6668,Kalafina
9480,Haruka Shimotsuki
9481,Wakabayashi Naomi
2324,Saori Atsumi
2325,Ami Koshimizu
2325,Ai Nonaka
9482,Azumi Waki
9483,Maki Kawase
9484,Azumi Waki
9484,Maki Kawase
7019,Hiroki Yasumoto
9768,Riko Azuna
9769,Aoi Yuuki
10189,Konomi Suzuki
10190,Aoi Yuuki
1937,AKINO Arai
3133,Minami Kuribayashi
2992,ALI PROJECT
2993,Maaya Sakamoto
2994,Maaya Sakamoto
3552,Minami Kuribayashi
3553,GRANRODEO
3554,Yousei Teikoku
3555,Yousei Teikoku
4721,GRANRODEO
4722,GRANRODEO
4723,Hyadain
4724,OLDCODEX
4943,GRANRODEO
4944,GRANRODEO
4945,OLDCODEX
4946,Kenshou Ono
6497,GRANRODEO
6498,Kenshou Ono
6499,GRANRODEO
6500,Fo'xTails
6501,SCREEN mode
6502,OLDCODEX
7020,GLAY
7021,GLAY
7022,MICHI
7023,Ami Wajima
2995,SID
2996,BECCA
2997,Kalafina
3745,Kalafina
5625,SID
6223,Iori Nomizu
7869,96neko
7870,Sayuri
10019,Haruka Toujou
10021,Mamoru Miyano
831,Whiteberry
8215,AOP
4947,Minori Chihara
4948,STEREO DIVE FOUNDATION
6365,Minori Chihara
7024,Pile
4006,Minori Chihara
4007,AiRI
4008,Ceui
4633,Minori Chihara
4634,Aira Yuuki
4635,Masami Okui
2862,CooRie
2863,Ceui
3931,Mai Nakahara
3931,Rie Kugimiya
3931,Ami Koshimizu
3932,Mai Nakahara
6073,Suzuko Mimori
6074,Ayana Taketatsu
9583,Rina Honizumi
9585,Yuu Sasahara
4009,Maaya Sakamoto
8445,Yukari Tamura
8445,Natsuki Hanae
8446,Akari Kitou
8446,Ayumi Mano
8448,Rei Yasuda
8449,Kana Hanazawa
4396,ViViD
2237,Mai Kadowaki
2238,Mai Kadowaki
9857,ACCAMER
9858,Rie Takahashi
9859,Rie Takahashi
9860,Rie Takahashi
9861,Rie Takahashi
9862,Rie Takahashi
9863,Rie Takahashi
9864,Rie Takahashi
9865,Rie Takahashi
9866,Rie Takahashi
9867,Rie Takahashi
9868,Rie Takahashi
9869,Rie Takahashi
4502,Rita
4503,Rita
4504,Rita
4505,Rita
4506,Rita
5903,Rita
5904,Suzuyu
5905,Lia
5906,Rita
5907,Rita
4952,Suzuyu
4953,Ayaka Kitazawa
4954,Rita
4955,Lia
4957,Rita
7871,YURiKA
7872,YURiKA
7873,Yuiko Oohara
7874,Yuiko Oohara
8452,Homecomings
833,Sherry
13686,Sherry
13687,Sherry
834,Maaya Sakamoto
4958,MAN WITH A MISSION
5483,MAN WITH A MISSION
9770,BAND-MAID
6669,Ray
6670,Nao Touyama
6670,Rumi Ookubo
6670,Youko Hikasa
9009,ASCA
8217,May'n
8218,JUNNA
8453,Konomi Suzuki
8454,Yukari Tamura
8455,Yukari Tamura
836,Megumi Hayashibara
837,Megumi Hayashibara
8456,Yuka Iguchi
6671,Yuka Iguchi
1220,Megumi Hayashibara
1221,Megumi Hayashibara
1222,Megumi Hayashibara
1627,Yui Horie
1628,Yui Horie
1630,Yui Horie
5109,Ayane Sakura
5109,Inori Minase
5109,Manami Numakura
5109,You Taichi
5110,Ayane Sakura
5110,Inori Minase
5110,Manami Numakura
5110,You Taichi
9486,Nijigasaki Gakuen School Idol Doukoukai
9487,Nijigasaki Gakuen School Idol Doukoukai
5348,μ's
5349,Aya Uchida
5349,Suzuko Mimori
5349,Emi Nitta
5350,Aya Uchida
5350,Suzuko Mimori
5350,Emi Nitta
5351,μ's
5352,Pile
5352,Yurika Kubo
5352,Riho Iida
5353,Sora Tokui
5354,Aya Uchida
5354,Pile
5354,Sora Tokui
5354,Suzuko Mimori
5354,Yurika Kubo
5354,Emi Nitta
5354,Riho Iida
5355,Yoshino Nanjou
5355,Aina Kusuda
5356,Aya Uchida
5357,Emi Nitta
5798,μ's
5799,Sora Tokui
5799,Yoshino Nanjou
5799,Aina Kusuda
5800,μ's
5801,Sora Tokui
5802,Riho Iida
5803,Pile
5803,Yurika Kubo
5803,Riho Iida
5804,Aya Uchida
5804,Suzuko Mimori
5804,Emi Nitta
5805,Pile
5805,Yoshino Nanjou
5805,Aina Kusuda
5806,μ's
5807,Emi Nitta
5808,μ's
5809,μ's
6828,Aqours
6829,Shuka Saitou
6829,Anju Inami
6829,Rikako Aida
6830,Shuka Saitou
6830,Anju Inami
6830,Rikako Aida
6831,Aqours
6832,Kanako Takatsuki
6832,Ai Furihata
6833,Aika Kobayashi
6834,Aina Suzuki
6834,Nanaka Suwa
6834,Arisa Komiya
6835,Aika Kobayashi
6835,Kanako Takatsuki
6835,Ai Furihata
6836,Aika Kobayashi
6836,Shuka Saitou
6836,Kanako Takatsuki
6836,Anju Inami
6836,Rikako Aida
6836,Ai Furihata
6837,Aqours
6838,Anju Inami
6838,Rikako Aida
6839,Shuka Saitou
6840,Aqours
7343,Aqours
7344,Aqours
7345,Shuka Saitou
7345,Anju Inami
7345,Rikako Aida
7346,Aqours
7347,Aqours
7348,Arisa Komiya
7349,Aika Kobayashi
7349,Rikako Aida
7350,Aqours
7351,Aika Kobayashi
7351,Kanako Takatsuki
7351,Ai Furihata
7352,Saint Aqours Snow
7353,Aina Suzuki
7353,Nanaka Suwa
7353,Arisa Komiya
7354,Kana Asumi
7354,Kanae Itou
7354,Yuu Serizawa
7354,Hisako Kanemoto
7354,Tomomi Mineuchi
7354,Sayaka Senbongi
7354,Risae Matsuda
7354,Aqours
7354,Miho Okasaki
7354,Anna Mugiho
7354,Saki Yamakita
7355,Aqours
7356,Aqours
9324,Aqours
9325,Aqours
6225,μ's
5627,SCREEN mode
2326,Sakura Nogawa
2327,Sakura Nogawa
2779,Tegomass
2780,Hey! Say! Jump
2781,Tegomass
2782,Hey! Say! Jump
7144,Kenshou Ono
2783,Aya Hirano
2783,Emiri Katou
2783,Kaori Fukuhara
2783,Aya Endou
2784,Aya Hirano
2785,Aya Hirano
2786,Aya Hirano
2787,Emiri Katou
2788,Aya Hirano
2789,Aya Hirano
2789,Kaori Fukuhara
2790,Aya Endou
2791,Aya Hirano
2792,Aya Hirano
2793,Emiri Katou
2794,Aya Hirano
2794,Emiri Katou
2794,Kaori Fukuhara
2795,Aya Hirano
2795,Emiri Katou
2795,Kaori Fukuhara
2795,Aya Endou
2796,Minoru Shiraishi
2797,Minori Chihara
2797,Minoru Shiraishi
2798,Minoru Shiraishi
2799,Hiromi Konno
2800,Minoru Shiraishi
2801,Minoru Shiraishi
2802,Minoru Shiraishi
2803,Minoru Shiraishi
2804,Minoru Shiraishi
2805,Minoru Shiraishi
2806,Minoru Shiraishi
2807,Minoru Shiraishi
103,Charlie Kosei
104,Charlie Kosei
106,Charlie Kosei
8459,Miyuki Sawashiro
8841,Inaizumi Rin
5812,May'n
5813,Maaya Sakamoto
5815,nano
1674,Ichiko
3000,Mariya Ise
9010,shami momo
9011,Coro Machikado
4960,Hitomi Harada
4961,Ai Kayano
4961,Hitomi Harada
4961,Yui Ogura
838,Yoshiki Fukuyama
839,Yoshiki Fukuyama
7028,JUNNA
7028,Minori Suzuki
7029,JUNNA
7029,Minori Suzuki
7030,JUNNA
7030,Minori Suzuki
7031,JUNNA
7031,Minori Suzuki
7032,JUNNA
7032,Minori Suzuki
7033,JUNNA
7033,Minori Suzuki
7034,JUNNA
7034,Minori Suzuki
7035,JUNNA
7035,Minori Suzuki
7036,JUNNA
7036,Minori Suzuki
7037,JUNNA
7037,Minori Suzuki
841,Yoshiki Fukuyama
842,Yoshiki Fukuyama
3137,Maaya Sakamoto
3138,Megumi Nakajima
3139,May'n
3139,Megumi Nakajima
3140,Megumi Nakajima
3141,May'n
3142,Megumi Nakajima
3143,Megumi Nakajima
3144,Megumi Nakajima
3145,Megumi Nakajima
3146,May'n
3146,Megumi Nakajima
3147,May'n
3148,Maaya Sakamoto
3149,May'n
3150,Megumi Nakajima
3151,Megumi Nakajima
1458,Yuuka Nanri
5485,Konomi Suzuki
5486,Hitomi Harada
5487,Konomi Suzuki
7562,Mariya Ise
7562,Miyu Tomita
7563,Mariya Ise
7563,Miyu Tomita
7564,Mariya Ise
7564,Miyu Tomita
7564,Shiori Izawa
10023,MYTH & ROID
2008,Yuuka Nanri
2009,Yuuka Nanri
9488,Naomi Oozora
9489,Naomi Oozora
9490,Naomi Oozora
9492,Maon Kurosaki
7038,PENGUIN RESEARCH
7039,Fujifabric
4962,SID
4963,ViViD
4964,Aqua Timez
4965,9nine
4507,SID
4508,Porno Graffitti
4509,Nogizaka46
4510,supercell
10024,TrySail
10025,ClariS
5489,CHiCO
5489,HoneyWorks
5491,Galileo Galilei
847,Naomi Tamura
850,Naomi Tamura
6673,ArtiSTARs
6674,ArtiSTARs
1319,Masumi Itou
5236,Nao Touyama
5237,Nao Touyama
115,Mitsuko Horie
2240,Chihiro Yonekura
3073,Shizuka Itou
3073,Yui Horie
3073,Yuu Kobayashi
3073,Mamiko Noto
3073,Ai Nonaka
3073,Yuri Shiratori
3073,Mai Kadowaki
5908,Yuuka Nanri
5909,nano
2011,KOTOKO
6675,Manami Numakura
6676,nano
1859,Nana Mizuki
1860,Yukari Tamura
2088,Nana Mizuki
2089,Yukari Tamura
8041,Nana Mizuki
7566,Nana Mizuki
2808,Nana Mizuki
2809,Nana Mizuki
2810,Yukari Tamura
2811,Yukari Tamura
3933,Yukari Tamura
3934,Nana Mizuki
4636,Yukari Tamura
4637,Nana Mizuki
6368,Nana Mizuki
6369,Yukari Tamura
6842,Yuuki Kuwahara
6842,Aoi Koga
6843,Yuuki Kuwahara
6843,Aoi Koga
4397,ClariS
4398,Aoi Yuuki
4399,Kalafina
4400,Eri Kitamura
4400,Ai Nonaka
4511,ClariS
4512,Kalafina
4513,ClariS
4514,Kalafina
4966,ClariS
4967,Kalafina
8460,Ayaka Oohashi
8462,MAHO☆SHOUJO
861,Rika Matsumoto
8463,i☆Ris
8465,Haruka Yamazaki
8466,Yuu Serizawa
9326,nonoc
9327,GARNiDELiA
7567,ORESAMA
7568,ORESAMA
7569,Bonjour Suzuki
7570,Shouko Nakagawa
5817,LiSA
5818,GARNiDELiA
5819,ELISA
5820,Rei Yasuda
9494,ASCA
9495,Miki Satou
7357,JUNNA
7358,May'n
7147,Rie Kitagawa
7148,Rie Kitagawa
7149,Rie Takahashi
7149,Yui Horie
7150,Rie Takahashi
7150,Saori Hayami
7150,Yui Horie
7151,Mayu Watanabe
6678,Rie Kitagawa
867,Masami Okui
1861,Minami Kuribayashi
2092,Ami Koshimizu
3218,Minami Kuribayashi
3219,Minami Kuribayashi
3220,Minami Kuribayashi
2328,Mai Nakahara
2328,Ami Koshimizu
2328,Saeko Chiba
8843,Yuu Serizawa
8844,Akuma Gakkou Babyls Seito no Mina-san
340,Kouzou Murashita
9588,CIVILIAN
9590,Tomori Kusunoki
4012,SV Tribe
4013,Shizuka Itou
4013,Yuuko Gotou
5629,Suzuko Mimori
5630,Yurika Endou
5631,Suzuko Mimori
2647,Nightmare
9496,Reina Ueda
9497,ChouCho
8469,Yu Takahashi
8470,Reol
9872,SHE'S
3223,Maki Ohguro
3223,Shoutarou Morikubo
3557,Hitomi Shimatani
10027,Shoutarou Morikubo
10027,buzz★Vibes
10028,Mai Fuchigami
9774,Shoutarou Morikubo
9775,Mai Fuchigami
5111,devils and realist
5112,devils and realist
4015,Iori Nomizu
4016,Sayuri Yahagi
4018,Sayuri Yahagi
4020,Iori Nomizu
4020,Sayuri Yahagi
4021,Satomi Akesaka
4021,Rie Tanaka
4022,Mariya Ise
4022,Rie Tanaka
4024,Rina Satou
4024,Rina Hidaka
4844,Hitomi Harada
5910,sweet ARMS
2329,Maho Tomita
5821,StylipS
5822,StylipS
5823,Yoshitsugu Matsuoka
4130,AiRI
4131,AiRI
1531,Tomokazu Seki
1532,Asuka Kuroki
9012,Kaori Ishihara
9013,Haruka Toujou
9498,Inori Minase
9499,ORESAMA
5359,YOHKO
5360,AKINO Arai
8644,fhána
8645,Reina Ueda
3560,Yuu Kobayashi
3561,Marina Inoue
3561,Yuu Kobayashi
4265,Tomokazu Sugita
4266,Yuu Kobayashi
4267,Marina Inoue
4268,Marina Inoue
4268,Yuu Kobayashi
4269,Yuu Kobayashi
2055,Yoshihisa Hirano
2056,Yoshihisa Hirano
2332,KOTOKO
2333,KOTOKO
3563,Kaori Hikita
1939,ALI PROJECT
1940,Yoshihisa Hirano
7876,Ayaka Oohashi
4026,ChouCho
4027,marble
6844,Iori Nomizu
6845,Iori Nomizu
4132,Etsuko Yakushimaru
4133,Etsuko Yakushimaru
4135,Yui Horie
4136,Yui Watanabe
4137,Yui Watanabe
4138,Yui Watanabe
4139,Yui Watanabe
4140,Yui Watanabe
4141,Yui Watanabe
4142,Yui Watanabe
4143,Yui Watanabe
4144,Eri Kitamura
4145,Eri Kitamura
4145,Mariya Ise
4145,Yuka Iguchi
3848,Ayana Taketatsu
3848,Kanae Itou
3848,Yuka Iguchi
3849,Yoshiki Fukuyama
3850,Ayana Taketatsu
3850,Kanae Itou
3850,Yuka Iguchi
3851,Ayana Taketatsu
3851,Kanae Itou
3851,Yuka Iguchi
3852,Hitomi Mieno
7041,Ami Wajima
9168,Jun Fukuyama
9169,Shunichi Toki
4728,Minami Kuribayashi
4729,Aki Toyosaki
4515,Minami Kuribayashi
4517,Aki Misato
882,Masami Okui
883,Masami Okui
9328,KENN
9329,KENN
9330,Nobuhiko Okamoto
9330,Shinnosuke Tachibana
9331,Jun Fukuyama
9333,KENN
5825,LiSA
5827,Lia
5828,LiSA
2586,Ayane
2587,Ayane
8043,Mili
8044,Inori Minase
3003,"SOIL&""PIMP""SESSIONS"
3004,Karutetto
3005,Aurea Martins
9171,Spira Spica
2012,CooRie
2013,Saori Atsumi
6370,Ari Ozawa
6370,Saori Oonishi
6372,Ari Ozawa
6372,Saori Oonishi
6373,Ari Ozawa
6374,Saori Oonishi
5912,Mikakuning!
5913,Mikakuning!
6503,Nao Touyama
6504,Ayane Sakura
6505,Inori Minase
6226,Yui Watanabe
6226,Eriko Matsui
6227,Miku Itou
7879,AOP
2649,Marina Inoue
2649,Minori Chihara
2650,Marina Inoue
2650,Minori Chihara
3464,Marina Inoue
3464,Minori Chihara
3465,Marina Inoue
3465,Minori Chihara
5113,Marina Inoue
5113,Minori Chihara
3564,Marina Inoue
3564,Minori Chihara
3565,Marina Inoue
3565,Minori Chihara
3225,Marina Inoue
3225,Minori Chihara
3226,Marina Inoue
3226,Minori Chihara
4518,Marina Inoue
4518,Minori Chihara
4519,Marina Inoue
4519,Minori Chihara
5361,Marina Inoue
5361,Minori Chihara
5362,Marina Inoue
5362,Minori Chihara
5362,Daisuke Ono
9334,Kaede Hondo
4028,Yousei Teikoku
4029,Faylan
4030,Faylan
4031,Yousei Teikoku
5238,Yousei Teikoku
5239,Faylan
118,Mitsuko Horie
9172,Haruka Tomatsu
9173,Youko Hikasa
9174,Aya Suzaki
9175,Haruka Tomatsu
9175,Youko Hikasa
9175,Aya Suzaki
4968,Yui Horie
6228,Yui Horie
6229,Yui Horie
6077,Yui Horie
6078,Yui Horie
6079,Yui Horie
6080,Yui Horie
8649,Marika Kouno
8649,Yuuki Takada
8650,Marika Kouno
8650,Yuuki Takada
3746,Ayahi Takagaki
3746,Haruka Tomatsu
3746,Satomi Akesaka
3747,Saori Atsumi
3748,Saori Atsumi
4401,Masaaki Endou
4402,Ayahi Takagaki
4402,Haruka Tomatsu
4402,Satomi Akesaka
4403,Masaaki Endou
4404,Nomico
4405,Ayahi Takagaki
4405,Haruka Tomatsu
4405,Satomi Akesaka
9176,sumika
9177,Porno Graffitti
9178,Little Glee Monster
5240,Aya Hirano
5240,Emiri Katou
3627,Ayana Taketatsu
3628,Ayana Taketatsu
3628,Saori Hayami
3630,Ayana Taketatsu
6846,MOB CHOIR
9335,sajou no hana
9335,MOB CHOIR
9336,sajou no hana
9337,sajou no hana
9338,sajou no hana
9339,sajou no hana
2651,L'Arc~en~Ciel
3006,UVERworld
3007,STEREOPONY
3008,Chiaki Ishikawa
4032,Galileo Galilei
4034,ViViD
4035,Eir Aoi
4036,Minami Kuribayashi
4037,SPYAIR
4038,Faylan
370,TM NETWORK
6081,MAN WITH A MISSION
6082,BLUE ENCOUNT
6084,TRUE
6085,Yuuko Suzuhana
6680,SPYAIR
6681,KANA-BOON
6682,GRANRODEO
6683,Uru
1462,T.M.Revolution
1468,Mika Nakashima
1475,Mika Nakashima
1866,T.M.Revolution
1867,HIGH and MIGHTY COLOR
1868,Hitomi Takahashi
1872,Rie fu
1875,HIGH and MIGHTY COLOR
1877,T.M.Revolution
1880,Rie fu
894,Chihiro Yonekura
895,Chihiro Yonekura
896,Chihiro Yonekura
9185,miwa
9186,AiNA THE END
3936,Kylee
3937,CHEMISTRY
3939,Boom Boom Satellites
3940,Aimer
3941,Aimer
7043,SawanoHiroyuki[nZk]
7043,Tielle
7044,Aimer
7045,SawanoHiroyuki[nZk]
7045,naNami
7046,CHEMISTRY
7047,Aimer
7047,SawanoHiroyuki[nZk]
7048,Aimer
376,Hiroko Moriguchi
2707,Haruka Tomatsu
2707,Yukari Tamura
2708,Nomico
2655,Marina Inoue
5633,Haruka Chisuga
5634,Ayana Taketatsu
5635,Rumi Ookubo
5635,Shiori Mikami
5635,Suzuko Mimori
5635,Yuka Ootsubo
7153,Ai Kakuma
7153,Nobuhiko Okamoto
5364,Iori Nomizu
5114,Yui Horie
5115,Emiri Katou
5116,Kana Hanazawa
5117,Chiwa Saitou
5117,Shinichirou Miki
5118,Luna Haruna
5119,Marina Kawano
5120,Luna Haruna
5120,Marina Kawano
5121,Yui Horie
5122,Emiri Katou
5123,Kana Hanazawa
5125,Chiwa Saitou
5126,Chiwa Saitou
5126,Shinichirou Miki
5127,Luna Haruna
5128,Marina Kawano
5129,Luna Haruna
5129,Marina Kawano
2709,Charlie Kosei
2709,Ryouta Komatsu
2710,JUJU
6684,Kanjani∞
10615,Johnny’s WEST
6230,Ari Ozawa
6230,Haruka Yamazaki
6230,Sora Amamiya
6231,Momo Asakura
6231,Saori Oonishi
6231,Yurika Kubo
6231,Yuu Kobayashi
9591,ARCANA PROJECT
9592,Aina Suzuki
6092,WHITE ASH
6093,WHITE ASH
6094,WHITE ASH
11951,WHITE ASH
8223,Nana Mizuki
8225,Nana Mizuki
8226,Masayoshi Ooishi
8227,Masayoshi Ooishi
4270,azusa
3631,KOTOKO
3632,Haruka Tomatsu
4847,Momoiro Clover Z
4848,Momoiro Clover Z
3014,Nightmare
2057,Susumu Hirasawa
2058,Susumu Hirasawa
4638,ClariS
8847,Kiyoharu
9016,Nobunaga Shimazaki
9016,Gakuto Kajiwara
8230,SCREEN mode
8231,ORESAMA
9593,ZAQ
9594,NOW ON AIR
9500,Miyu Tomita
9501,Chiai Fujikawa
2866,BACK-ON
10029,Hina Kino
10029,Konomi Kohara
10029,Misaki Kuno
10029,Sora Tokui
10029,Yume Miyamoto
10029,Haruki Ishiya
10030,Hina Kino
7155,SCREEN mode
7156,Azusa Tadokoro
5244,i☆Ris
10031,Hilcrhyme
10032,Hilcrhyme
9776,Yuiko Oohara
9777,Yuiko Oohara
10641,Yuiko Oohara
2407,Masami Okui
4641,Minami Kuribayashi
4642,Minami Kuribayashi
2662,Kanako Itou
3152,VELTPUNCH
3153,ELISA
3154,Anamu & Maki
2812,Yui Horie
2813,Yui Horie
2815,Yui Horie
6375,Aya Hirano
6375,Minori Chihara
6375,Yuuko Gotou
6376,Minori Chihara
4969,Ray
4970,Ray
4971,Nagi Yanagi
4972,Nagi Yanagi
9018,fhána
9019,fhána
9876,Yorushika
9877,Yorushika
9878,tacica
9879,Harumi
9880,Harumi
5246,Sumire Uesaka
5247,Sumire Uesaka
5247,Yukari Tamura
5247,Ai Nonaka
7572,Mrs. GREEN APPLE
1779,CooRie
8651,Yousei Teikoku
5492,Ikimonogakari
5493,MAN WITH A MISSION
5494,FLOW
5494,GRANRODEO
5495,Alisa Takigawa
9779,ReoNa
9779,SawanoHiroyuki[nZk]
10165,Sora Amamiya
10217,UVERworld
8652,FLOW
8652,GRANRODEO
8654,Anly
8655,Sora Amamiya
8849,UVERworld
8850,SID
8851,Sora Amamiya
6850,MUCC
6851,Alisa Takigawa
8232,Nogizaka46
6685,Kanaderiya Hashiguchi
7885,Kanaderiya Hashiguchi
9189,Sumire Uesaka
9190,Sumire Uesaka
9191,Yuuko Gotou
9192,Shizuka Ishigami
9193,Yuuko Gotou
9193,Shizuka Ishigami
9194,Nozomi Yamamoto
8853,Sumire Uesaka
8854,Nozomi Yamamoto
8854,Sumire Uesaka
8854,Yuuko Gotou
1477,Asian Kung-Fu Generation
1479,FLOW
1483,FLOW
1484,Hearts Grow
1487,Orange Range
2870,Ikimonogakari
2872,Ikimonogakari
2873,FLOW
2875,NICO Touches the Walls
2877,tacica
2880,NICO Touches the Walls
2881,Nogizaka46
2882,DOES
2883,KANA-BOON
2884,Yamazaru
2885,Sukima Switch
2886,Asian Kung-Fu Generation
2887,Anly
2893,NICO Touches the Walls
2896,SUPER BEAVER
2901,Nagi Yanagi
2901,supercell
2903,Aqua Timez
2905,OKAMOTO'S
2910,MUCC
2921,FLOW
2925,Huwie Ishizaki
4730,Sphere
4731,Sphere
4732,Aki Toyosaki
4732,Ayahi Takagaki
4732,Haruka Tomatsu
4732,Sphere
3469,Yui Horie
3074,Shuhei Kita
6687,Sasanomaly
6688,Aimer
8233,Uru
7731,Rei Yasuda
4644,Aimer
3388,GRANRODEO
3389,Aki Misato
3390,Eri Kitamura
3390,Yui Makino
3391,Eri Kitamura
3391,Minori Chihara
3391,Yui Makino
2334,Yuu Kobayashi
2334,Rina Satou
2334,Ai Nonaka
2335,Yui Horie
2337,Yuri Shiratori
2338,Mai Kadowaki
2339,Chiwa Saitou
2339,Miyuki Sawashiro
2339,Rina Satou
11576,Shizuka Itou
11579,Mamiko Noto
6852,Kishida Kyoudan & The Akeboshi Rockets
6853,Kano
4148,Haruka Tomatsu
4148,Yui Horie
4149,Haruka Tomatsu
4150,Haruka Tomatsu
4520,Yui Horie
4521,Marina Kawano
10033,Miku Itou
10033,Yuri Noguchi
10033,Shiori Izawa
10033,Iori Saeki
10034,Iori Saeki
10035,Miku Itou
10036,Iori Saeki
7362,Ray
7363,KOTOKO
919,Youko Takahashi
920,Claire
921,Megumi Hayashibara
922,Megumi Hayashibara
923,Youko Takahashi
925,Youko Takahashi
926,Youko Takahashi
931,Megumi Hayashibara
932,Megumi Hayashibara
933,Megumi Hayashibara
935,Youko Takahashi
4522,supercell
2588,Shoutarou Morikubo
2589,Shoutarou Morikubo
7364,Megumi Nakajima
7365,Yuuka Aisaka
7049,Luce Twinkle Wink☆
7050,Yoshino Nanjou
7574,Haruka Toujou
7575,Akira Ouse
7576,SoundOrion
7578,Haruka Toujou
6854,fourfolium
6854,KOCHO
6855,En
6856,fourfolium
7579,fourfolium
7580,fourfolium
7581,fourfolium
7581,KOCHO
2409,ROUND TABLE feat. Nino
2410,ROUND TABLE feat. Nino
2412,Yui Makino
9020,Keina Suda
4272,Hyadain
4273,Hyadain
4274,Sayaka Sasaki
4277,Sayaka Sasaki
4278,Minoru Shiraishi
4278,Hiromi Konno
4278,Shizuka Furuya
4279,Sayaka Sasaki
4280,Mariko Honda
4280,Mai Aizawa
4280,Misuzu Togashi
4281,Sayaka Sasaki
4282,Mami Kosuge
4282,Tetsu Inada
4282,Kaoru Mizuhara
4282,Takahiro Hikami
4282,Ai Hirosaka
4282,Kaori Sadohara
4282,Ryouta Takeuchi
4283,Sayaka Sasaki
4284,Yoshihisa Kawahara
4284,Chika Horikawa
4284,Kazutomi Yamamoto
4284,Youko Tamaoki
4284,Yumi Higuchi
4285,Sayaka Sasaki
4286,Hiromi Konno
4286,Misuzu Togashi
4287,Sayaka Sasaki
4288,Mariko Honda
4288,Mai Aizawa
4288,Misuzu Togashi
4289,Minoru Shiraishi
4289,Hiromi Konno
4289,Shizuka Furuya
4289,Mariko Honda
4289,Mai Aizawa
4289,Misuzu Togashi
2414,Aya Kamiki
9596,KAF
7159,Takuya Eguchi
7159,Nobunaga Shimazaki
7159,Kouki Uchiyama
7159,Yoshitsugu Matsuoka
7160,Yoshitsugu Matsuoka
7161,Takuya Eguchi
7162,Nobunaga Shimazaki
7163,Kouki Uchiyama
7164,Takuya Eguchi
7164,Nobunaga Shimazaki
7164,Kouki Uchiyama
7164,Yoshitsugu Matsuoka
3155,Miroku
3156,Aya Hirano
8474,Hiro Shimono
6377,Boom Boom Satellites
6380,THE PINBALLS
6392,TK from Ling tosite sigure
5915,ClariS
5916,ClariS
5917,Nao Touyama
5918,Kana Hanazawa
5919,Mikako Komatsu
5920,Yumi Uchiyama
5921,Kana Asumi
5922,Kana Asumi
5922,Kana Hanazawa
5922,Nao Touyama
5922,Mikako Komatsu
5923,Kana Hanazawa
5923,Nao Touyama
12950,ClariS
6403,LiSA
6404,Kana Hanazawa
6405,Kana Asumi
6405,Kana Hanazawa
6405,Nao Touyama
6407,Nao Touyama
6408,Kana Asumi
6409,Ayane Sakura
6410,Yumi Uchiyama
6411,Kana Hanazawa
4851,Chiwa Saitou
4852,Eri Kitamura
4853,Yuka Iguchi
4854,ClariS
4152,Aimer
5832,Konomi Suzuki
5833,Miyuki Sawashiro
5834,Ai Kayano
7582,Konomi Suzuki
9598,SawanoHiroyuki[nZk]
9598,Jean-Ken Johnny
9599,THIS IS JAPAN
5636,MY FIRST STORY
5924,Minori Chihara
5925,JAM Project
5926,STEREO DIVE FOUNDATION
5928,Pay money To my Pain
5929,Ayumu Murase
5929,Mutsumi Tamura
3015,Gospellers
2094,eufonius
3076,Kana Ueda
3076,Kaori Shimizu
3076,Mamiko Noto
4645,Kana Ueda
4646,Kana Ueda
3313,Kana Ueda
3313,Kaori Shimizu
3313,Mamiko Noto
1374,ALI PROJECT
1375,AKINO Arai
4973,nano.RIPE
4974,Ayane Sakura
4974,Kana Asumi
4974,Rie Murakawa
4974,Kotori Koiwai
8234,nano.RIPE
8235,Ayane Sakura
8235,Kana Asumi
8235,Rie Murakawa
8235,Kotori Koiwai
9780,nano.RIPE
9781,Ayane Sakura
9781,Kana Asumi
9781,Rie Murakawa
9781,Kotori Koiwai
6232,nano.RIPE
6233,Ayane Sakura
6233,Kana Asumi
6233,Rie Murakawa
6233,Kotori Koiwai
5930,Hello Sleepwalkers
5931,Tia
6095,THE ORAL CIGARETTES
6096,Tia
9881,Ayahi Takagaki
7165,Nagi Yanagi
7166,Kaori Oda
5932,Yukari Tamura
5933,Kana Hanazawa
5933,Yukari Tamura
5934,Kana Hanazawa
5935,Chiwa Saitou
5936,Marina Inoue
5937,Yukari Tamura
8857,Azumi Waki
8857,Reina Ueda
10038,Kengo Kawanishi
10039,Junichi Yanagita
10039,Kengo Kawanishi
10040,Kengo Kawanishi
3749,MONKEY MAJIK
3750,MONKEY MAJIK
3751,Katate☆SIZE
3752,Katate☆SIZE
4153,LM.C
4154,LM.C
4155,Katate☆SIZE
4156,Katate☆SIZE
7167,Makoto Koichi
7167,Magical R
3314,Yui Sakakibara
3315,Asami Imai
6693,Trio Oohashi
7887,every♥ing!
2500,AKINO from bless4
6694,Kanako Itou
6695,Asaka
9504,Hiyori Nitta
9504,Reina Kondou
9505,Hiyori Nitta
9505,Reina Kondou
10041,Akane Kumada
7169,Eri Kitamura
7170,Eri Kitamura
7172,Kana Hanazawa
7174,Kana Hanazawa
8046,Maneki Kecak
6234,Rekka Katakiri
6235,Ayana Taketatsu
6236,Minami Tsuda
6696,Rekka Katakiri
6697,Sora Tokui
6698,Minami Tsuda
6699,Ayana Taketatsu
8477,Aya Uchida
3946,Asuka Oogame
3946,Ami Koshimizu
949,Maaya Sakamoto
3016,Pay money To my Pain
950,Hiroshi Kitadani
951,Folder5
964,Hiroshi Kitadani
968,Hiroshi Kitadani
971,Hiroshi Kitadani
973,Maki Ootsuki
11062,I Don't Like Mondays.
12445,Chilli Beans.
12465,SEKAI NO OWARI
12680,Hiroshi Kitadani
12681,Maki Ootsuki
13589,GRe4N BOYZ
13590,muque
13902,ELLEGARDEN
13903,CHAMELEON LIME WHOOPIEPIE
14398,AiNA THE END
14399,36km/h
14613,Maki Ootsuki
2590,NEWS
6097,JAM Project
6098,Hiroko Moriguchi
6099,Hiroko Moriguchi
9197,JAM Project
9198,Makoto Furukawa
6102,Yuuki Kaji
7888,Mao Ichimichi
7889,Rie Murakawa
7890,Suzuko Mimori
8236,Mao Ichimichi
8237,Rie Takahashi
8238,Inori Minase
9506,Miyu Tomita
9507,Rie Murakawa
9508,Rie Takahashi
9510,Mao Ichimichi
2506,Natsuki Kato
1631,KOTOKO
1632,Mami Kawada
1712,KOTOKO
1713,Mami Kawada
8239,Yui Ogura
8240,Ongaku Shoujo
8241,Ongaku Shoujo
7051,STARMARIE
4524,Minori Chihara
4525,Eri Kitamura
4406,Eri Kitamura
4407,Eri Kitamura
4407,Marina Inoue
6103,petit milady
4649,Ann Sally
5508,ORESAMA
3229,Natsumi Kiyoura
3230,Rocky Chack
3392,AKINO Arai
3393,Rocky Chack
3753,May'n
3948,FictionJunction
2818,Base Ball Bear
2819,Ikimonogakari
2820,Kozue Takada
2821,SunSet Swish
3854,Galileo Galilei
3855,CureaL
7175,every♥ing!
6858,Yu Takahashi
6700,Yu Takahashi
9782,Spira Spica
8048,Junjou no Afilia
3633,ClariS
3634,Ayana Taketatsu
3635,Ayana Taketatsu
3636,Ayana Taketatsu
3637,Saori Hayami
3638,Ayana Taketatsu
3639,Satomi Satou
3640,Kana Hanazawa
3641,Hitomi Nabatame
3642,Ayana Taketatsu
3643,Yukari Tamura
3644,Ayana Taketatsu
3644,Kana Hanazawa
3644,Hitomi Nabatame
3645,Ayana Taketatsu
4408,ClariS
4409,Ayana Taketatsu
4410,Kana Hanazawa
4411,Kana Hanazawa
4411,Yuuichi Nakamura
4412,Ayana Taketatsu
5248,ClariS
5249,Misaki Kuno
5250,Ayana Taketatsu
5251,Saori Hayami
5252,Ayana Taketatsu
5252,Kana Hanazawa
5252,Hitomi Nabatame
5253,Ayana Taketatsu
5254,Ayana Taketatsu
5255,Kana Hanazawa
5256,Yui Ogura
5257,Kana Hanazawa
5258,Ayana Taketatsu
5259,ClariS
5260,Satomi Satou
5261,Saori Hayami
5262,Ayana Taketatsu
5130,ClariS
5131,Kana Hanazawa
5132,Ayana Taketatsu
5133,Ayana Taketatsu
5368,Ai Kayano
5368,Yukari Tamura
5368,Hisako Kanemoto
5368,Chinatsu Akasaki
5369,Yukari Tamura
4975,Junjou no Afilia
4976,TWO-FORMULA
4977,TWO-FORMULA
5509,Maaya Uchida
5510,Sumire Uesaka
5510,Chinatsu Akasaki
5510,Yuuka Aisaka
8858,Shuka Saitou
8859,Haruka Shiraishi
8859,Haruka Tomatsu
8859,Sachika Misawa
4290,Aki Misato
4291,Aki Misato
4292,Miyuki Hashimoto
10044,Kaede Hondo
10044,Kaori Ishihara
10044,Ikumi Hasegawa
10044,Misaki Watada
10044,Hina Tachibana
10045,Fairouz Ai
10046,Hina Tachibana
10046,Fairouz Ai
7176,Azumi Waki
7176,Miyu Tomita
7176,Minami Takahashi
8243,Ari Ozawa
6106,AOP
6107,AOP
6108,Hiroshi Kamiya
6108,Daisuke Ono
6108,Jun Fukuyama
6109,Aya Endou
6109,Hiroshi Kamiya
6109,Daisuke Ono
6109,Jun Fukuyama
6110,Osomatsu-san All Stars
7368,AOP
7369,AOP
9511,AOP
9512,AOP
9513,Nanami Yamashita
9907,angela
9908,Shouta Aoi
2349,Yui Sakakibara
4651,CooRie
3646,Sphere
3647,Mai Nakahara
3648,Aki Toyosaki
3648,Yui Horie
3648,Yuuki Kaji
3649,Kana Hanazawa
3649,Satoshi Hino
2509,Chieko Kawabe
2510,LAST ALLIANCE
11516,LAST ALLIANCE
7374,coldrain
7375,Pile
7735,Shouta Aoi
4978,Suzuko Mimori
4979,Mai Fuchigami
6237,OxT
6238,MYTH & ROID
8656,OxT
8657,MYTH & ROID
8658,OxT
8245,MYTH & ROID
8246,OxT
6701,OxT
6702,MYTH & ROID
1501,Yoshiki Fukuyama
10487,SawanoHiroyuki[nZk]
10487,Gemie
10488,SawanoHiroyuki[nZk]
10488,Yosh
6111,fripSide
6112,Nagi Yanagi
6113,Kaori Mizuhashi
6114,Marina Inoue
6115,Marina Inoue
6116,Tokyo Konsei Gasshoudan
6117,Alisa Takigawa
7584,Emiri Katou
7585,Chiwa Saitou
7586,Kaori Mizuhashi
7587,ClariS
7052,petit milady
2017,JAM Project
3470,FictionJunction
2128,Kana Ueda
2128,Ai Nonaka
2129,Kana Ueda
2129,Ai Nonaka
2130,Kana Ueda
2130,Ai Nonaka
2132,Mai Kadowaki
2133,Chiwa Saitou
2135,Chiwa Saitou
2136,Kana Ueda
2136,Ai Nonaka
3650,Hoshina Anniversary
4855,Eri Kitamura
4856,Yui Horie
2350,Susumu Hirasawa
2351,Susumu Hirasawa
2097,Franz Ferdinand
8478,Pastel*Palettes
9340,Asami Imai
8247,Hikaru Utada
3160,Mariya Ise
3160,Yoshino Nanjou
3160,Sakura Nogawa
3160,Mai Kadowaki
3160,Rina Hidaka
3161,Mariya Ise
3161,Yoshino Nanjou
3161,Rina Hidaka
3162,Mariya Ise
3162,Yoshino Nanjou
4980,Yumi Kawamura
4981,Yumi Kawamura
5836,Yumi Kawamura
6416,Yumi Kawamura
7177,Yumi Kawamura
4040,Shihoko Hirata
4041,Shihoko Hirata
4042,Rie Kugimiya
4043,Yumi Kawamura
4043,Shihoko Hirata
4044,Yumi Kawamura
4045,Shihoko Hirata
4046,Yui Horie
4047,Shihoko Hirata
4048,Shihoko Hirata
4049,Shihoko Hirata
5637,Shihoko Hirata
5638,Shihoko Hirata
5639,Yumi Kawamura
5639,Shihoko Hirata
5640,Shihoko Hirata
5642,Kana Hanazawa
5643,Shihoko Hirata
3231,Shuhei Kita
3232,FLOW
3234,Yumi Kawamura
10047,TK from Ling tosite sigure
9600,Yui Ninomiya
9601,Hilcrhyme
7178,Shouta Aoi
7179,Mao Ichimichi
8863,Eri Kitamura
8249,May'n
8250,May'n
3473,KOKIA
3474,ALI PROJECT
3475,ALI PROJECT
3476,KOKIA
2060,Kanako Itou
7893,Sayaka Senbongi
8485,Aoi Yuuki
9344,Rie Murakawa
4050,May'n
4051,Natsumi Kiyoura
4735,nano
4983,Kaori Shimizu
4983,Shintarou Asanuma
4983,Jun Fukuyama
5264,Asuka Oogame
5264,Chiwa Saitou
5264,Kanae Itou
5264,Mai Nakahara
5264,Miyuki Sawashiro
5264,Hisako Kanemoto
1016,Yui Horie
5837,Bakudan Johnny
5838,Merengue
5839,Merengue
1580,Miyuki Sawashiro
8252,Mai Fuchigami
6863,Sayaka Sasaki
6864,MELL
9784,Riko Azuna
6417,Eri Sasaki
6418,Asami Imai
4293,Ultra-Prism
10049,Miku Itou
10050,Miku Itou
10051,Rina Honizumi
10052,Ari Ozawa
10052,Shizuka Itou
10052,Rina Honizumi
1017,Rika Matsumoto
1018,Rika Matsumoto
1019,Rika Matsumoto
1020,Whiteberry
1021,Naomi Tamura
1022,Unshou Ishizuka
1026,Rika Matsumoto
1030,Yuuji Ueda
8867,After the Rain
8869,Karaage Shimai
1504,Rika Matsumoto
1507,Rika Matsumoto
1511,Naomi Tamura
1292,Naomi Tamura
1293,Naomi Tamura
3652,Rika Matsumoto
3656,Momoiro Clover Z
4652,Rika Matsumoto
4653,Momoiro Clover Z
5370,Rika Matsumoto
2354,Rika Matsumoto
2355,Rika Matsumoto
2364,Shouko Nakagawa
6703,Rika Matsumoto
6703,Ikue Ootani
6704,Rika Matsumoto
6706,Taiiku Okazaki
6707,Taiiku Okazaki
6708,Taiiku Okazaki
6711,Shouko Nakagawa
4988,Ikue Ootani
4989,Shouko Nakagawa
4990,Little Glee Monster
6118,Rika Matsumoto
6119,Mariya Ise
8663,Inori Minase
8663,Sumire Uesaka
8663,Yui Ogura
8664,Sumire Uesaka
8666,Yui Makino
8666,Yui Watanabe
8667,Yui Makino
8667,Yui Watanabe
8670,Rei Matsuzaki
8671,Wataru Hatano
8671,Toshiki Masuda
8672,Rei Matsuzaki
8673,Wataru Hatano
8673,Toshiki Masuda
8674,Shouta Aoi
2714,Chata
4414,Aya Hisakawa
5373,Tomoyo Kurosawa
5374,Tomoyo Kurosawa
5939,Megumi Nakajima
5940,Megumi Nakajima
5940,Misato Fukuen
5940,Nana Mizuki
5940,Ami Koshimizu
5940,Hitomi Nabatame
9516,Machico
5274,Yuu Serizawa
5274,Emiri Katou
7182,OxT
7183,Galaxy Standard
9909,Mao Ichimichi
9909,Miku Itou
9910,Mao Ichimichi
9910,Miku Itou
9911,Mao Ichimichi
9911,Miku Itou
3394,Miyuki Hashimoto
3395,yozuca*
7588,Void_Chords
7589,Akira Sekine
7589,You Taichi
1537,Ritsuko Okazaki
1538,Ritsuko Okazaki
5644,i☆Ris
5645,i☆Ris
5646,i☆Ris
5647,i☆Ris
5648,i☆Ris
5649,i☆Ris
5650,i☆Ris
5651,Minami Tanaka
5652,i☆Ris
5662,Yuu Serizawa
5662,Yuuki Wakai
5662,Miyu Kubota
7737,CHiCO
7737,HoneyWorks
7738,Momo Asakura
7739,Aki Toyosaki
7740,Shiina Natsukawa
7741,Haruka Tomatsu
2665,Yui Sakakibara
6239,Hiroshi Kamiya
6239,Katsuyuki Konishi
6240,Hiroshi Kamiya
6240,Katsuyuki Konishi
9785,Tasuku Hatanaka
9785,Shouya Chiba
9785,Taku Yashiro
9204,Superfly
4526,Ling Tosite Sigure
4527,Nothing's Carved in Stone
4528,EGOIST
4529,EGOIST
5511,Ling Tosite Sigure
5512,EGOIST
8872,Who-ya Extended
8873,Cö shu Nie
10053,Who-ya Extended
10054,Cö shu Nie
6507,Ling Tosite Sigure
6508,EGOIST
9347,Ling Tosite Sigure
9348,EGOIST
9349,Ling Tosite Sigure
9350,EGOIST
9351,Ling Tosite Sigure
9352,EGOIST
1520,Yoko Ishida
5376,Manami Numakura
5377,Rie Kugimiya
5378,Manami Numakura
5378,Rie Kugimiya
5378,765 Pro Allstars
5840,Manami Numakura
5840,Rie Kugimiya
5844,Manami Numakura
5844,Rie Kugimiya
5844,765 Pro Allstars
2369,Youko Takahashi
2370,Kana Ueda
2370,Kenta Miyake
5941,Erii Yamazaki
8486,Asuna Tomari
8490,Momo Asakura
8491,Mashiro Ayano
8493,Luna Haruna
6865,UVERworld
6866,Lenny code fiction
6867,Porno Graffitti
6871,LiSA
6872,LiSA
6873,ClariS
6874,GARNiDELiA
6875,ClariS
6875,GARNiDELiA
3317,Kanae Itou
3317,Rie Kugimiya
3317,Yuuko Gotou
4737,Naomi Tamura
4738,Aika Kobayashi
3478,Aya Hirano
3478,Mamiko Noto
3756,Eri Kitamura
3756,Kanae Itou
3756,Rie Kugimiya
3756,Hitomi Nabatame
3756,Mamiko Noto
3756,Kaori Mizuhashi
3756,Yuki Kaida
3756,Rie Tanaka
3757,Eri Kitamura
3757,Kanae Itou
3757,Rie Kugimiya
3757,Hitomi Nabatame
3757,Mamiko Noto
3757,Kaori Mizuhashi
3757,Yuki Kaida
3757,Rie Tanaka
3758,Eri Kitamura
3758,Kanae Itou
3758,Rie Kugimiya
3758,Hitomi Nabatame
3758,Mamiko Noto
3758,Kaori Mizuhashi
3758,Yuki Kaida
3758,Rie Tanaka
3759,Aya Hirano
3759,Kanae Itou
3759,Yuuko Gotou
3759,Hitomi Nabatame
3759,Mamiko Noto
3760,Aya Hirano
3760,Kanae Itou
3760,Yuuko Gotou
3760,Hitomi Nabatame
3760,Mamiko Noto
3761,Aya Hirano
3761,Kanae Itou
3761,Yuuko Gotou
3761,Hitomi Nabatame
3761,Mamiko Noto
1683,kazami
1684,Rieko Miura
8049,04 Limited Sazabys
8050,Polkadot Stingray
8051,Yumi Uchiyama
1637,Maaya Sakamoto
9517,Ayumi.
9518,Megu Sakuragawa
5663,Minori Chihara
5664,ZAQ
3856,coldrain
6122,ALI PROJECT
8677,Minori Suzuki
8678,Shiena Nishizawa
391,ribbon
6241,amazarashi
6242,Sayuri
1039,Naomi Tamura
5277,Masumi Itou
5278,Saori Hayami
6421,every♥ing!
6422,every♥ing!
7742,SawanoHiroyuki[nZk]
7742,Tielle
7742,Gemie
7743,SawanoHiroyuki[nZk]
7743,Tielle
7743,Gemie
7744,Mashiro Ayano
7745,Aki Toyosaki
7746,Sangatsu no Phantasia
9022,KiRaRe
9024,KiRaRe
9025,KiRaRe
9026,KiRaRe
7053,Konomi Suzuki
7054,MYTH & ROID
7055,MYTH & ROID
7056,MYTH & ROID
7057,Rie Takahashi
7058,MYTH & ROID
7060,Inori Minase
9602,Konomi Suzuki
9603,nonoc
9787,Mayu Maeshima
9788,nonoc
9789,Rie Takahashi
9790,nonoc
9791,Rie Murakawa
8876,nonoc
8052,nonoc
4860,Aoi Tada
4739,Yui Watanabe
6876,TRUE
7184,Mafumafu
7184,Soraru
8053,Aya Uchida
8053,Manami Numakura
8053,Aya Suzaki
8053,Yuri Noguchi
8054,Aya Uchida
8054,Manami Numakura
8054,Aya Suzaki
8054,Yuri Noguchi
8055,Aya Suzaki
6878,PENGUIN RESEARCH
6880,T.M.Revolution
6882,L'Arc~en~Ciel
6885,Porno Graffitti
6886,Mika Nakashima
6889,CHEMISTRY
6890,Whiteberry
6891,PENGUIN RESEARCH
8679,PENGUIN RESEARCH
8680,Orange Range
8681,Yui
8683,PENGUIN RESEARCH
7747,"Wake Up, Girls!"
7748,smileY Inc.
8056,QUADRANGLE
8057,Mao Ichimichi
8059,Mao Ichimichi
9353,THE ORAL CIGARETTES
6892,Runa Mizutani
6893,Anri Kumaki
6894,Runa Mizutani
6895,Nagi Yanagi
6896,Ayaka Kitazawa
6897,Aoi Tada
6898,Nagi Yanagi
6899,Runa Mizutani
7899,Maon Kurosaki
7902,Aoi Tada
7903,Runa Mizutani
7904,Aoi Tada
3568,MELL
8877,Machico
8877,Akane Kumada
8878,Machico
8878,Akane Kumada
10055,Sora Amamiya
10056,Akari Nanawo
10056,Sou
4861,Megumi Nakajima
4862,Megumi Nakajima
4740,Megumi Nakajima
4741,Megumi Nakajima
4657,Megumi Nakajima
4658,Kamojo Jersey-Bu
4659,Megumi Nakajima
9360,Hiroshi Kitadani
9361,NORISTRY
9363,Yuusuke Kobayashi
9364,Masayoshi Ooishi
9365,Piko
4415,Ayana Taketatsu
4415,Marina Inoue
4415,Youko Hikasa
4416,Ultra-Prism
1581,Rie Kugimiya
1582,Rie Kugimiya
1583,Rie Kugimiya
4159,Kana Hanazawa
4159,Youko Hikasa
4159,Yui Ogura
4159,Yuka Iguchi
4159,Rina Hidaka
4160,Kana Hanazawa
4160,Youko Hikasa
4160,Yui Ogura
4160,Yuka Iguchi
4160,Rina Hidaka
5135,Kana Hanazawa
5135,Youko Hikasa
5135,Yui Ogura
5135,Yuka Iguchi
5135,Rina Hidaka
5136,Kana Hanazawa
5136,Youko Hikasa
5136,Yui Ogura
5136,Yuka Iguchi
5136,Rina Hidaka
9205,Keisuke Koumoto
9206,Tomokazu Sugita
5943,Inori Minase
5943,Maaya Uchida
5943,Minami Tsuda
5944,Inori Minase
4533,Kanako Itou
1586,Shoutarou Morikubo
6243,MICHI
6245,MICHI
6246,Youko Hikasa
6247,Aoi Yuuki
7750,Konomi Suzuki
7751,Ari Ozawa
7751,Yume Miyamoto
7751,Akane Fujita
5667,Eri Suzuki
5667,Maria Naganawa
5667,Masumi Tazawa
5668,Eri Suzuki
5668,petit milady
6509,Ari Ozawa
6509,Risa Taneda
6510,Ari Ozawa
6510,Risa Taneda
6511,Ari Ozawa
6511,Risa Taneda
7752,Natsuki Hanae
3235,Nana Mizuki
3236,Nana Mizuki
3236,Yumi Kawamura
3018,Nana Mizuki
3019,Nana Mizuki
1889,ALI PROJECT
2371,ALI PROJECT
2100,ALI PROJECT
1046,Aya Hisakawa
1047,Aya Hisakawa
10057,Ami Sakaguchi
1048,JUDY AND MARY
1049,Makoto Kawamoto
1050,CURIO
1051,THE YELLOW MONKEY
1052,Mayo Suzukaze
1053,T.M.Revolution
1054,L'Arc~en~Ciel
1055,BONNIE PINK
1056,SIAM SHADE
1057,You Izumi
5846,Sphere
8684,Machico
8685,Miku Itou
8686,Miku Itou
5669,Ayaka Oohashi
5670,Ayaka Oohashi
5670,Lynn
5670,Nao Touyama
5670,Rumi Ookubo
5670,Yumi Uchiyama
1058,Megumi Hayashibara
1059,Megumi Hayashibara
11570,Yuka Imai
11571,Megumi Hayashibara
11571,Yuri Shiratori
11571,Akiko Hiramatsu
4161,FictionJunction
4162,Yuuka Nanri
4163,Yuuka Nanri
4164,FictionJunction
6514,Luna Haruna
6515,Miku Sawai
7753,Luna Haruna
7754,Mousou Calibration
7755,Mousou Calibration
7756,Luna Haruna
7757,Chinatsu Akasaki
8879,icy tail
8880,Luna Haruna
10059,Omoinotake
7186,TRUE
7187,nano.RIPE
6900,Natsuki Hanae
6903,Natsuki Hanae
8687,Hiroshi Kamiya
8687,Daisuke Ono
8687,Nobunaga Shimazaki
8689,Hiroshi Kamiya
8690,Ai Kayano
8690,Eri Kitamura
5945,Yui Ogura
5945,Hisako Kanemoto
5945,Chinami Hashimoto
5946,Yui Ogura
7590,GRANRODEO
7591,Luck Life
409,Hironobu Kageyama
411,Hironobu Kageyama
3237,Marina del Ray
2102,Marina del Ray
4742,Shouko Nakagawa
4745,Cyntia
8060,Aina Suzuki
8060,Inori Minase
8060,Mao Ichimichi
8060,Megumi Nakajima
8061,Aina Suzuki
8061,Mao Ichimichi
8062,Mao Ichimichi
1539,Yuria Yato
1540,Yuria Yato
2513,Ayaka Hirahara
2514,Sachi Tainaka
2825,Ayaka Hirahara
4746,YUKI
4747,Motohiro Hata
7063,Suneohair
3481,Miyuki Hashimoto
3482,Little Non
3483,Kana Ueda
3483,Rie Kugimiya
3483,Shizuka Itou
3483,Ami Koshimizu
3484,Kana Ueda
3484,Ami Koshimizu
3485,Kana Ueda
3485,Rie Kugimiya
3485,Shizuka Itou
3485,Ami Koshimizu
4748,StylipS
4749,Aoi Yuuki
4749,Kana Hanazawa
4749,Nao Touyama
4749,Yumi Uchiyama
4750,Miyuki Hashimoto
5379,StylipS
5947,Miyuki Hashimoto
5948,Miyuki Hashimoto
5949,Miyuki Hashimoto
5950,Maaya Uchida
5950,Moe Toyota
5951,Saori Hayami
5951,Chinatsu Akasaki
5952,Minako Kotobuki
5953,Miyuki Hashimoto
7758,(K)NoW_NAME
7759,(K)NoW_NAME
7760,(K)NoW_NAME
7761,(K)NoW_NAME
5954,SAKURA*TRICK
5955,SAKURA*TRICK
5956,SAKURA*TRICK
7762,Yui Makino
7763,Yui Makino
7765,THE ORAL CIGARETTES
7766,Yui Makino
6123,TRUE
4534,Ai Kayano
4535,Konomi Suzuki
4537,Konomi Suzuki
4538,ASCA
1950,Aikawa Nanase
2021,Shing02
2022,MINMI
2023,MINMI
2024,kazami
4992,SPYAIR
4993,FLOW
4994,Mineral★Miracle★Muse
4995,Haruka Tomatsu
4996,Mineral★Miracle★Muse
4997,Mineral★Miracle★Muse
4751,nano.RIPE
8691,Yuuma Uchida
8691,Jun Oosuka
8692,Yuuma Uchida
8692,Jun Oosuka
8693,Yuuma Uchida
8693,Jun Oosuka
5513,ChouCho
5514,Aoi Teshima
9207,KANA-BOON
8498,fripSide
8499,Maon Kurosaki
6425,Ringo Shiina
3318,Natsumi Kiyoura
3319,Natsumi Kiyoura
5380,ZAQ
5381,Kana Asumi
8253,Masaaki Endou
8254,Haruka Chisuga
2715,Marina Inoue
2715,Miyuki Sawashiro
2715,Yuu Kobayashi
2715,Ai Nonaka
2716,Marina Inoue
2716,Yuu Kobayashi
2716,Ai Nonaka
2717,Marina Inoue
2717,Yuu Kobayashi
2717,Ai Nonaka
6904,Mamoru Miyano
6905,KENN
6906,Mamoru Miyano
6907,KENN
6908,KENN
6908,Mamoru Miyano
7906,Kana Hanazawa
7906,Miyuki Sawashiro
7906,Yui Ogura
7907,Yui Ogura
7907,Rina Hidaka
2719,CooRie
2720,Miyuki Hashimoto
2721,Kanako Itou
2722,yozuca*
2723,Yuria
2724,Minami Kuribayashi
2725,Minami Kuribayashi
1891,Yui Horie
1893,Yuko Ogura
1894,Yui Horie
1894,Ami Koshimizu
1894,Hitomi Nabatame
1894,Kaori Shimizu
1894,Mamiko Noto
1894,Hiroki Takahashi
1895,Yui Horie
1895,Ami Koshimizu
1895,Hitomi Nabatame
2517,Ami Tokito
2518,Ami Tokito
2519,Ami Koshimizu
7188,fripSide
7189,Nozomi Yamamoto
7189,Minami Tanaka
1746,JAM Project
1746,Masumi Itou
1747,Masumi Itou
1061,AKINO Arai
1062,AKINO Arai
7767,Mao Ichimichi
3321,Aki Toyosaki
6516,petit milady
6517,Aoi Yuuki
6517,Ayana Taketatsu
6517,Maaya Uchida
6517,Yui Ogura
3762,Shouko Nakagawa
3763,Ayahi Takagaki
5847,Yui Sakakibara
5848,Ayane Sakura
5848,Marina Inoue
5848,Mariya Ise
5849,Asuka Oogame
5849,Kana Hanazawa
5850,Asuka Oogame
5850,Ayane Sakura
5850,Kana Hanazawa
5850,Marina Inoue
5850,Mariya Ise
3951,Faylan
3952,Yousei Teikoku
3953,Aki Toyosaki
3953,Aya Hirano
3953,Minori Chihara
3953,Youko Hikasa
3954,Minori Chihara
3955,Aki Toyosaki
3955,Aya Hirano
3955,Minori Chihara
3955,Youko Hikasa
4296,Faylan
2827,L'Arc~en~Ciel
2828,Sachi Tainaka
5671,Hitomi Harada
5672,Ai Kakuma
5672,Saori Oonishi
5672,Shizuka Ishigami
5672,Kana Yuuki
7909,Ayane Sakura
7910,Ayane Sakura
7911,Shino Shimoji
7912,Shino Shimoji
7066,Maaya Uchida
7067,Suzuko Mimori
8063,the peggies
8064,Inori Minase
8064,Maaya Uchida
8064,Nao Touyama
8064,Yurika Kubo
8064,Asami Seto
8065,Asami Seto
8066,Nao Touyama
8067,Atsumi Tanezaki
8068,Maaya Uchida
8069,Yurika Kubo
9209,Inori Minase
9209,Maaya Uchida
9209,Nao Touyama
9209,Yurika Kubo
9209,Asami Seto
9209,Atsumi Tanezaki
4540,Iori Nomizu
4541,Iori Nomizu
4542,Iori Nomizu
4543,Iori Nomizu
4544,Iori Nomizu
4546,Madoka Yonezawa
4549,Iori Nomizu
3764,Triple Booking
3765,angela
5957,Triple Booking
5958,Satomi Satou
4999,Ayana Taketatsu
4999,Kana Asumi
4999,Miku Itou
4999,Sora Amamiya
4999,Yuka Ootsubo
5959,Maaya Sakamoto
5960,Aoi Yuuki
4298,Shuhei Kita
4053,Shuhei Kita
10060,Shuhei Kita
3079,Kana Hanazawa
3079,Marina Inoue
3079,Saori Hayami
3079,Aya Endou
3080,Kana Hanazawa
3080,Marina Inoue
3080,Saori Hayami
3080,Aya Endou
3081,Saori Hayami
3766,Kana Hanazawa
3766,Marina Inoue
3766,Saori Hayami
3767,Kana Hanazawa
3767,Marina Inoue
3767,Saori Hayami
3768,Saori Hayami
7190,Tomokazu Sugita
7190,Daisuke Ono
7190,Shinnosuke Tachibana
7190,Jun Fukuyama
5851,Kanon Wakeshima
5516,Kanon Wakeshima
3486,abingdon boys school
3487,DUSTZ
5673,"Fear, and Loathing in Las Vegas"
5674,Chiaki Ishikawa
3769,T.M.Revolution
7380,Natsuki Hanae
7380,Katsuyuki Konishi
7381,Natsuki Hanae
7382,Katsuyuki Konishi
7387,Katsuyuki Konishi
4300,Mariya Ise
4301,Mariya Ise
4302,Eri Kitamura
4303,Rina Hidaka
3488,HIMEKA
4304,Faylan
8255,Shouta Aoi
8255,Yuuki Kaji
8255,Taku Yashiro
8255,Shinnosuke Tachibana
8256,vistlip
7592,Nana Mizuki
7593,Ai Kayano
7593,Youko Hikasa
7593,Yoshino Nanjou
7594,Ayahi Takagaki
7595,Ai Kayano
7595,Aoi Yuuki
7595,Ayahi Takagaki
7595,Youko Hikasa
7595,Yoshino Nanjou
7596,Ai Kayano
7596,Aoi Yuuki
7596,Ayahi Takagaki
7596,Youko Hikasa
7596,Yoshino Nanjou
5139,Youko Hikasa
5140,Nana Mizuki
5141,Ayahi Takagaki
5142,Youko Hikasa
5143,Ayahi Takagaki
5144,Ayahi Takagaki
5145,Nana Mizuki
5146,Ai Kayano
5146,Aoi Yuuki
5146,Ayahi Takagaki
5146,Nana Mizuki
5146,Youko Hikasa
5146,Yoshino Nanjou
6248,Nana Mizuki
6249,Ayahi Takagaki
6250,Nana Mizuki
6251,Ayahi Takagaki
6252,Ayahi Takagaki
6253,Ai Kayano
6253,Aoi Yuuki
6253,Ayahi Takagaki
6253,Youko Hikasa
6253,Yoshino Nanjou
4864,Nana Mizuki
4865,Ayahi Takagaki
4866,Nana Mizuki
4867,Ayahi Takagaki
4868,Aoi Yuuki
4869,Nana Mizuki
9029,Nana Mizuki
9030,Nana Mizuki
9031,Ayahi Takagaki
9032,Inori Minase
9033,Ai Kayano
9033,Ayahi Takagaki
9033,Youko Hikasa
9033,Yoshino Nanjou
9033,Yuka Iguchi
3860,MUCC
3861,HIMEKA
1543,Susumu Hirasawa
1544,Susumu Hirasawa
5382,Sayaka Sasaki
5383,Hitomi Harada
5383,Yuka Iguchi
5383,Yuu Kobayashi
5383,Asami Imai
5384,Ai Kayano
5384,Eri Kitamura
5385,Hitomi Harada
6518,ChouCho
8070,Sayaka Sasaki
8071,Mia REGINA
9211,Rikako Aida
2028,Ai Nonaka
9520,Akari Nanawo
9521,Spira Spica
9522,Nene Hieda
5386,JAM Project
5387,JAM Project
5147,GRANRODEO
5148,Hiro Shimono
1069,BOA
6909,OLDCODEX
6910,Takuma Terashima
8500,OLDCODEX
5149,Ai Kayano
5149,Aki Toyosaki
5149,Mai Nakahara
5150,Ai Kayano
2829,Sakura Nogawa
2830,Sakura Nogawa
9212,Azumi Waki
9212,Maaya Uchida
9213,Azumi Waki
129,Isao Sasaki
130,Isao Sasaki
131,Isao Sasaki
9912,Azumi Waki
9913,Kana Ichinose
9915,FLOW
2104,Mami Kawada
2105,KOTOKO
2106,Youko Takahashi
2107,Yoko Ishida
2667,Mami Kawada
2668,KOTOKO
2669,Mami Kawada
2670,KOTOKO
2671,Mami Kawada
4055,KOTOKO
4056,Mami Kawada
4057,ALTIMA
4058,ALTIMA
4059,Mami Kawada
4060,Mami Kawada
3335,Mami Kawada
3336,Mami Kawada
6713,Marika Kouno
6713,Minami Tanaka
6714,"Wake Up, Girls!"
1328,Megumi Hayashibara
1330,Megumi Hayashibara
1331,Megumi Hayashibara
3492,May'n
8259,petit milady
8260,Erii Yamazaki
5519,Goose House
5520,Coala Mode.
5521,wacci
5522,Seven Oops
5523,Seven Oops
3239,ALI PROJECT
3772,BUCK-TICK
3775,BUCK-TICK
8261,Vickeblanka
6254,Shizuka Ishigami
6254,Kengo Kawanishi
6254,Yuusuke Kobayashi
6255,Sumire Uesaka
8882,Brian the Sun
9792,Aika Kobayashi
9793,Humbreaders
3337,Rekka Katakiri
3862,Masami Okui
3494,JAM Project
3494,Hironobu Kageyama
3494,LAZY
3495,JAM Project
9918,Ayane Sakura
9918,Hibiku Yamamura
9918,Maaya Uchida
9918,Saori Hayami
9918,Ayaka Fukuhara
9919,Manami Numakura
9919,Nana Mizuki
9919,Sumire Uesaka
9919,Ayaka Fukuhara
9920,Ayane Sakura
9920,Hibiku Yamamura
9920,Maaya Uchida
9920,Saori Hayami
9920,Ayaka Fukuhara
1381,Yoko Ishida
5524,Junichi Suwabe
5525,Cap to Bin
5526,Junichi Suwabe
5528,Junichi Suwabe
5528,Shoutarou Morikubo
5529,Junichi Suwabe
5530,Shoutarou Morikubo
5531,Jun Fukuyama
5531,Shoutarou Morikubo
5532,By Tachikiri Tai
5533,Aozu
8883,MYTH & ROID
8884,Riko Azuna
8885,Riko Azuna
6125,Linked Horizon
6126,Yuuki Kaji
6126,Yui Ishikawa
5535,SiM
7769,SiM
7771,Daoko
7772,Daoko
5279,Linked Horizon
5280,Linked Horizon
5281,Youko Hikasa
5282,Cinema Staff
5537,Linked Horizon
5001,Linked Horizon
5002,Youko Hikasa
7773,Linked Horizon
7774,Shinsei Kamattechan
8262,Yoshiki
8262,HYDE
8263,Linked Horizon
9214,Linked Horizon
9215,Cinema Staff
9523,Shinsei Kamattechan
4757,Kanae Itou
4757,Shiori Mikami
4758,Kanae Itou
4758,Shiori Mikami
8699,Sumire Yoshida
2832,eufonius
3498,eufonius
3499,Haruka Tomatsu
6519,sweet ARMS
6127,Yoko Ishida
6128,Kaori Oda
6129,Aki Misato
6427,sweet ARMS
3660,Daisuke Ono
3662,Ultra-Prism
3662,Hisako Kanemoto
3663,Kanae Itou
4061,Sphere
4062,Hisako Kanemoto
4660,Ultra-Prism
4661,Kanae Itou
4662,Kanae Itou
4550,Kana Hanazawa
4551,Risa Taneda
4552,Kana Hanazawa
8264,Ai Nonaka
138,Isao Sasaki
139,Isao Sasaki
5539,Ai Kayano
5539,Mai Nakahara
5539,Shizuka Itou
5540,Yoko Ishida
5541,Masami Okui
5542,Haruka Chisuga
5543,Haruka Chisuga
5543,Hitomi Oowada
10062,fhána
6521,Shizuka Itou
6522,Rita
6524,Rita
5675,KOTOKO
5676,KOTOKO
5677,Sachika Misawa
4760,Clammbon
4761,Rie fu
4762,Jun Fukuyama
4764,Aya Endou
4765,Katsuyuki Konishi
4766,Wataru Hatano
4767,Hiroshi Kamiya
4771,Kana Hanazawa
9921,ASCA
9921,Takanori Nishikawa
9923,Yui Horie
6432,Seiko Oomori
9924,nano.RIPE
9925,Mai Fuchigami
6911,SCREEN mode
6912,nano.RIPE
7390,ZAQ
7391,nano.RIPE
8501,Fo'xTails
10292,Luck Life
8887,STEREO DIVE FOUNDATION
8888,nano.RIPE
9034,Starlight Kukugumi
8266,Starlight Kukugumi
8267,Suzuko Mimori
8268,Suzuko Mimori
8268,Momoyo Koyama
8269,Haruki Iwata
8270,Ayasa Itou
8270,Teru Ikuta
8272,Momoyo Koyama
8273,Moeka Koizumi
8273,Hinata Satou
8274,Aina Aiba
8274,Maho Tomita
8275,Aina Aiba
8275,Ayasa Itou
8275,Haruki Iwata
8275,Teru Ikuta
8275,Moeka Koizumi
8275,Hinata Satou
8275,Maho Tomita
1079,Masami Okui
1082,Masami Okui
7392,Inori Minase
7392,Yurika Kubo
7393,Inori Minase
7393,Yurika Kubo
7394,Inori Minase
7394,Yurika Kubo
7192,Sayaka Sasaki
7193,Haruka Chisuga
7193,Kana Hanazawa
7193,Satomi Akesaka
7193,Satomi Satou
7194,Haruka Chisuga
7597,SID
7598,CIVILIAN
7600,CHEMISTRY
9216,Mao Abe
9217,Kana Hanazawa
9219,Kana Hanazawa
7071,Natsuki Hanae
7071,Taku Yashiro
2384,Kaori Hikita
7195,Megumi Hayashibara
7915,Megumi Hayashibara
6434,Ayane Sakura
6434,Sumire Uesaka
6435,Ayane Sakura
6435,Sumire Uesaka
6715,Ayane Sakura
6715,Sumire Uesaka
6716,Ayane Sakura
6716,Sumire Uesaka
10063,Hikaru Toono
10064,Yuuko Natsuyoshi
10064,Hikaru Toono
10064,Misaki Watada
10065,Yuuko Natsuyoshi
10065,Hikaru Toono
10065,Misaki Watada
6913,Ayane Sakura
6913,Sumire Uesaka
9794,Yuuko Natsuyoshi
9794,Hikaru Toono
9794,Misaki Watada
9795,Yuuko Natsuyoshi
9795,Hikaru Toono
9795,Misaki Watada
10108,Yuuko Natsuyoshi
10108,Hikaru Toono
10108,Misaki Watada
2139,Yuria
2140,Miyuki Hashimoto
3777,Aki Misato
3778,Miyuki Hashimoto
7776,Azusa Tadokoro
7777,TRUE
7778,TRUE
6717,bless4
6718,May'n
5854,angela
5855,Eri Kitamura
6436,angela
7780,Mia REGINA
7781,Mia REGINA
2522,Chiaki Ishikawa
8276,Kishida Kyoudan & The Akeboshi Rockets
8277,sajou no hana
1382,Yui Horie
1383,Yui Horie
9797,Yuuri
9798,Takao Sakuma
9799,Shuugo Nakamura
4306,The Sketchbook
4308,The Sketchbook
4310,The Sketchbook
4311,the pillows
4312,the pillows
4313,The Sketchbook
4314,The Sketchbook
4316,The Sketchbook
4317,Tomokazu Sugita
4317,Hiro Shimono
4318,The Sketchbook
4319,The Sketchbook
4321,Hiro Shimono
4322,The Sketchbook
2682,Natsumi Kiyoura
2683,Natsumi Kiyoura
2684,Yui Makino
2685,Kana Hanazawa
2685,Yui Makino
1087,Maki Ohguro
1088,WANDS
1091,Megumi Hayashibara
1091,Masami Okui
1092,Megumi Hayashibara
1092,Masami Okui
3570,Megumi Hayashibara
3571,Megumi Hayashibara
1093,Megumi Hayashibara
1094,Masami Okui
3082,Megumi Hayashibara
3083,Megumi Hayashibara
1095,Megumi Hayashibara
1096,Megumi Hayashibara
8702,STARTails☆
8703,Sangatsu no Phantasia
8704,STARTails☆
3956,Kalafina
3957,Haruka Tomatsu
4323,Ultra-Prism
4323,Shiratamachuu Soft Tennis Bu
4324,Kanae Itou
2834,Aira Yuuki
2835,Ceui
10067,Inori Minase
1748,Hironobu Kageyama
3397,Sphere
3398,CooRie
5546,fhána
5547,fhána
5548,fhána
3339,Saori Hayami
3340,Saori Hayami
3341,Saori Hayami
3343,Ayahi Takagaki
3343,Saori Hayami
3346,Iori Nomizu
3347,Ayahi Takagaki
3347,Iori Nomizu
3347,Saori Hayami
3349,Ayahi Takagaki
3349,Saori Hayami
3350,Ayahi Takagaki
3351,Saki Fujita
3352,Saori Hayami
3665,Saori Hayami
3666,Saori Hayami
3667,Saori Hayami
3668,Saori Hayami
3669,Ayahi Takagaki
3673,Ayahi Takagaki
3673,Iori Nomizu
3673,Saori Hayami
3674,Ayahi Takagaki
3674,Saori Hayami
3675,Iori Nomizu
3676,Saki Fujita
3677,Saori Hayami
3678,Iori Nomizu
3678,Saori Hayami
8074,Honoka Inoue
8074,Karin Takahashi
8075,Konomi Suzuki
3572,ALI PROJECT
3573,Minami Kuribayashi
3574,Yui Makino
3574,Aya Endou
3575,ALI PROJECT
3576,Ceui
3577,eufonius
3578,Ceui
8705,saya
8706,Inori Minase
8706,Kana Hanazawa
8706,Saori Hayami
8706,Yuka Iguchi
8707,saya
6256,Earphones
6257,Earphones
6258,Earphones
3679,Maaya Sakamoto
3680,Aoi Yuuki
5858,Rena Maeda
424,TETSU
425,TETSU
9800,Rikako Aida
9801,Kano
1955,angela
1956,angela
6525,angela
6526,angela
6132,angela
6133,angela
6134,angela
6135,angela
6136,angela
9220,angela
9221,angela
8890,angela
8891,angela
8892,angela
9526,angela
9527,angela
9528,angela
9529,angela
3163,T.M.Revolution
3164,Tommy heavenly⁶
3167,Diggy-MO`
3168,abingdon boys school
5860,Aoi Yuuki
5860,Haruka Chisuga
5860,Saori Hayami
2524,Miyuki Hashimoto
2525,Miyuki Hashimoto
9035,Azumi Waki
9035,Kiyono Yasuno
9035,Mao Ichimichi
9035,Hiyori Kouno
9036,Kiyono Yasuno
2196,bless4
2198,Yui Makino
7073,i☆Ris
7075,Itowokashi
7077,Itowokashi
6720,Mia REGINA
6721,Sphere
8503,Sumire Uesaka
5975,Yasuyuki Okamura
5976,Etsuko Yakushimaru
5679,Yasuyuki Okamura
5680,Etsuko Yakushimaru
5681,Junichi Suwabe
3173,Ayahi Takagaki
3173,Yuuko Gotou
3173,Hitomi Nabatame
3174,Hiro Shimono
3174,Jun Fukuyama
3175,Hiro Shimono
3175,Jun Fukuyama
3176,Ayahi Takagaki
3176,Yuuko Gotou
3176,Hitomi Nabatame
1527,Hysteric Blue
8078,OxT
8079,Maaya Uchida
3681,Aqua Timez
3682,9nine
3683,9nine
3684,SCANDAL
5388,9nine
7783,Urashimasakatasen
7784,Natsuki Hanae
9038,Natsuki Hanae
9039,Yuuma Uchida
9039,Natsuki Hanae
9039,Nobuhiko Okamoto
9039,Nobunaga Shimazaki
9039,Yoshitsugu Matsuoka
2242,Mami Kawada
2243,KOTOKO
4325,Kanako Itou
4326,Yui Sakakibara
4327,Takeshi Abo
4328,Kanako Itou
4329,Kanako Itou
8504,Kanako Itou
8505,Kanako Itou
8508,Kana Hanazawa
8508,Megumi Han
8509,Asami Imai
8510,Eri Sasaki
5283,Kanako Itou
5284,Ayane
5152,Stella Jogakuin Koutou-ka C³-bu
6722,Shino Shimoji
6723,Maria Naganawa
1211,Kaori Shimizu
2526,Aki Misato
2527,Aki Misato
2528,Mai Nakahara
5003,Kishida Kyoudan & The Akeboshi Rockets
5004,ALTIMA
5005,Yuka Iguchi
5006,Kanon Wakeshima
6724,Kishida Kyoudan & The Akeboshi Rockets
6725,Risa Taneda
8080,Kishida Kyoudan & The Akeboshi Rockets
8081,Risa Taneda
9926,Kishida Kyoudan & The Akeboshi Rockets
9927,Risa Taneda
10068,Kishida Kyoudan & The Akeboshi Rockets
10069,Risa Taneda
6137,Yuka Iguchi
6138,Kanon Wakeshima
3084,Yoko Ishida
3085,Misato Fukuen
3085,Saeko Chiba
3086,Misato Fukuen
3086,Kaori Nazuka
3087,Misato Fukuen
3087,Mie Sonozaki
3088,Chiwa Saitou
3088,Ami Koshimizu
3089,Ayuru Ohashi
3089,Mai Kadowaki
3090,Miyuki Sawashiro
3090,Sakura Nogawa
3091,Saeko Chiba
3091,Rie Tanaka
3092,Misato Fukuen
3092,Miyuki Sawashiro
3093,Misato Fukuen
3093,Rie Tanaka
3094,Miyuki Sawashiro
3094,Saeko Chiba
3095,Chiwa Saitou
3095,Misato Fukuen
3095,Miyuki Sawashiro
3095,Kaori Nazuka
3095,Ami Koshimizu
3095,Sakura Nogawa
3095,Saeko Chiba
3095,Mie Sonozaki
3095,Ayuru Ohashi
3095,Mai Kadowaki
3095,Rie Tanaka
3779,Yoko Ishida
3780,Misato Fukuen
3780,Saori Seto
3781,Misato Fukuen
3781,Miyuki Sawashiro
3781,Kaori Nazuka
3782,Ami Koshimizu
3782,Mie Sonozaki
3783,Chiwa Saitou
3783,Misato Fukuen
3783,Ami Koshimizu
3784,Ayuru Ohashi
3784,Mai Kadowaki
3785,Sakura Nogawa
3785,Mie Sonozaki
3785,Rie Tanaka
3786,Misato Fukuen
3786,Kaori Nazuka
3787,Miyuki Sawashiro
3787,Saori Seto
3788,Shizuka Itou
3788,Sakura Nogawa
3789,Saori Seto
3789,Rie Tanaka
3790,Chiwa Saitou
3790,Misato Fukuen
3790,Miyuki Sawashiro
3790,Kaori Nazuka
3790,Ami Koshimizu
3790,Sakura Nogawa
3790,Mie Sonozaki
3790,Ayuru Ohashi
3790,Saori Seto
3790,Mai Kadowaki
3790,Rie Tanaka
9222,Yoko Ishida
9223,Misato Fukuen
9224,Sakura Nogawa
9225,Rie Tanaka
9226,Mie Sonozaki
9227,Saori Seto
9228,Ami Koshimizu
9229,Chiwa Saitou
9230,Mai Kadowaki
9231,Ayuru Ohashi
9232,Kaori Nazuka
9233,Miyuki Sawashiro
9234,Chiwa Saitou
9234,Misato Fukuen
9234,Miyuki Sawashiro
9234,Kaori Nazuka
9234,Ami Koshimizu
9234,Sakura Nogawa
9234,Mie Sonozaki
9234,Ayuru Ohashi
9234,Saori Seto
9234,Mai Kadowaki
9234,Rie Tanaka
5549,Yoko Ishida
5550,Sakura Nogawa
5550,Mie Sonozaki
5550,Rie Tanaka
5551,Chiwa Saitou
5551,Ami Koshimizu
5552,Miyuki Sawashiro
5552,Kaori Nazuka
9530,Yoko Ishida
9531,Saori Seto
9532,Sakura Nogawa
9533,Kaori Nazuka
9534,Ami Koshimizu
9535,Miyuki Sawashiro
9536,Mie Sonozaki
9537,Chiwa Saitou
9538,Ayuru Ohashi
9539,Rie Tanaka
9540,Aya Uchida
9541,Mai Kadowaki
9542,Misato Fukuen
6139,KANA-BOON
6140,Scenarioart
3502,Yui Horie
3502,Yukari Tamura
5285,Minori Chihara
5286,ChouCho
6726,TrySail
6726,HoneyWorks
6727,HoneyWorks
6727,Manatsu-san Respect Gundan
6727,Sayuringo Gundan
4555,Ritsuko Okazaki
4556,Suneohair
8278,Megumi Nakajima
8279,Shino Shimoji
3685,JAM Project
3686,JAM Project
3687,Aki Misato
3688,Aki Misato
6259,Aya Suzaki
3579,Aya Hirano
3579,Minori Chihara
3579,Tomokazu Sugita
3579,Yuuko Gotou
3580,Aya Hirano
3580,Minori Chihara
3580,Tomokazu Sugita
3580,Yuuko Gotou
3580,Daisuke Ono
3958,Aya Hirano
3959,Minori Chihara
2530,Yuuko Gotou
2531,Aya Hirano
2532,Aya Hirano
2532,Minori Chihara
2532,Yuuko Gotou
3504,Aya Hirano
3505,Aya Hirano
3505,Minori Chihara
3505,Yuuko Gotou
4663,LiSA
4664,Eir Aoi
4665,Haruka Tomatsu
4666,Luna Haruna
8082,LiSA
8083,ASCA
8084,Eir Aoi
8085,ReoNa
8086,ReoNa
8898,Haruka Tomatsu
8899,LiSA
9604,ReoNa
9605,Eir Aoi
8900,Ai Kayano
8900,Nobunaga Shimazaki
8900,Yoshitsugu Matsuoka
5687,Eir Aoi
5688,Haruka Tomatsu
5689,Haruka Tomatsu
5690,Luna Haruna
5691,LiSA
5692,LiSA
8511,Eir Aoi
8512,Tomori Kusunoki
7921,LiSA
4424,Sayaka Sasaki
4425,yozuca*
9235,Huwie Ishizaki
6914,May'n
6915,Chika Anzai
8514,Masayoshi Ooishi
8515,Manaka Iwami
6438,Galileo Galilei
1098,Akiko Hiramatsu
1099,Akiko Hiramatsu
1103,Shirai Takako
1388,Shirai Takako
2687,Chiaki Ishikawa
6141,Junjou no Afilia
6142,Kanako Itou
3400,Kanae Itou
9543,Kenshou Ono
9543,Orange Range
9543,Yuuki Kaji
5153,Maaya Uchida
8711,Maaya Uchida
1416,Masami Okui
1417,Masami Okui
4066,Akiko Shikata
4067,Akiko Shikata
4068,Akiko Shikata
4069,Akiko Shikata
2837,Kaori Hikita
2838,Nana Mizuki
3960,Nana Mizuki
3961,Akiko Shikata
3962,Akiko Shikata
3033,BUMP OF CHICKEN
6916,FLOW
6917,fhána
6918,Superfly
6919,FLOW
7923,FLOW
5862,Aya Suzaki
5863,Aya Suzaki
5389,Aya Suzaki
5390,Aya Suzaki
9929,Miyu Tomita
9929,Kaori Maeda
9929,Rina Honizumi
9929,Ruriko Noguchi
9929,Yume Miyamoto
3791,Maaya Sakamoto
3792,Megumi Nakajima
3793,Megumi Nakajima
4070,Maaya Sakamoto
4071,Megumi Nakajima
4072,Megumi Nakajima
4073,Megumi Nakajima
4074,Ayana Taketatsu
4074,Kana Asumi
4074,Yuka Iguchi
4075,Maaya Sakamoto
4775,Natsumi Kiyoura
5154,Maaya Sakamoto
5155,Megumi Nakajima
5156,Megumi Nakajima
5157,Haruka Chisuga
6440,Maaya Sakamoto
6143,Maaya Sakamoto
7083,Maaya Sakamoto
7084,Maaya Sakamoto
7086,CooRie
6527,Milky Holmes
3689,Milky Holmes
3690,Faylan
4667,Milky Holmes
4668,Milky Holmes
4668,SV Tribe
4874,Milky Holmes
8087,Milky Holmes
4165,Milky Holmes
4166,Milky Holmes
4669,AiRI
4670,Shirahamazaka Koukou Gasshou-bu
4671,Shirahamazaka Koukou Gasshou-bu
4672,Shirahamazaka Koukou Gasshou-bu
4776,Konomi Suzuki
3353,ALI PROJECT
3354,Sayaka Sasaki
3356,Aira Yuuki
9372,MADKID
9373,MADKID
9374,Chiai Fujikawa
9375,Asami Seto
9376,Chiai Fujikawa
9802,Haruka Yamazaki
9803,Luce Twinkle Wink☆
3508,Suara
3509,Aira Yuuki
3510,Aira Yuuki
4557,Yui Watanabe
6441,Suzuko Mimori
6260,Kana Hanazawa
7198,Kana Hanazawa
7198,Suzuko Mimori
7198,Yui Watanabe
6728,Kaori Ishihara
6729,Yui Ogura
7602,Yui Watanabe
3357,Shikao Suga
3359,HIMEKA
3691,STEREOPONY
3692,Shikao Suga
3693,Piko
3694,Yamazaru
9040,i☆Ris
9041,Minori Suzuki
1106,Ichirou Mizuki
1588,Aya Hisakawa
6730,Serena Kouzuki
6734,Serena Kouzuki
10071,Kaori Oda
9804,96neko
9805,Paraiso☆Shain Stars
2840,Shouko Nakagawa
2841,HIGH VOLTAGE
2842,Shouko Nakagawa
2843,Afromania
3035,Shouko Nakagawa
3511,Shouko Nakagawa
8901,Haruka Chisuga
8901,Haruka Shiraishi
8901,Rie Takahashi
9042,RADWIMPS
9043,RADWIMPS
1119,Maaya Sakamoto
1296,Kimeru
1299,Yuhki Shirai
1300,Yuhki Shirai
1302,Kimeru
1303,Masataka Fujishige
1304,Masataka Fujishige
1304,Yasushi Ishii
1305,Aozu
1306,Yasushi Ishii
1308,Junichi Suwabe
1308,Shoutarou Morikubo
4167,By Tachikiri Tai
4168,Shoutarou Morikubo
3514,Junichi Suwabe
3515,Shoutarou Morikubo
2593,Junichi Suwabe
2594,Aozu
2596,Junichi Suwabe
2844,Aozu
2845,By Tachikiri Tai
2846,Cap to Bin
2387,Ikimonogakari
8088,Takuma Terashima
8089,Takuma Terashima
8090,TRUE
8091,Azusa Tadokoro
9807,TRUE
9808,STEREO DIVE FOUNDATION
7604,Baby's Breath
7605,Baby's Breath
7606,Aoi Koga
7606,Yurika Endou
7606,Yuuko Oono
7607,Aoi Koga
7607,Yurika Endou
7607,Yuuko Oono
7608,Aoi Koga
7608,Yurika Endou
7608,Yuuko Oono
7609,Baby's Breath
2847,UVERworld
2848,Hitomi Takahashi
7090,Fuki
5008,Ayaka Oohashi
5008,Satomi Akesaka
5009,Ayaka Oohashi
5009,Satomi Akesaka
5977,Ayaka Oohashi
5977,Satomi Akesaka
5979,Satomi Akesaka
5981,Ayaka Oohashi
5982,Ayaka Oohashi
5984,Ayaka Oohashi
5984,Satomi Akesaka
5985,Satomi Akesaka
5987,Reina Ueda
5988,Ayaka Oohashi
5988,Satomi Akesaka
6442,Rumi Ookubo
6442,Shiori Mikami
6442,Sumire Uesaka
6443,Ayaka Oohashi
6443,Rumi Ookubo
6443,Satomi Akesaka
6443,Shiori Mikami
6443,Sumire Uesaka
6443,Reina Ueda
6444,Ayaka Oohashi
6444,Satomi Akesaka
6445,Shiori Mikami
6446,Rumi Ookubo
6446,Satomi Akesaka
6448,Sumire Uesaka
6449,Ayaka Oohashi
24,Duke Aces
25,Kamitakada Shounen Gasshoudan
26,Kamitakada Shounen Gasshoudan
3096,Hearts Grow
3097,Afromania
1761,Yoko Ishida
1121,Rui Nagai
1123,Robbie Danzie
4169,765 Pro Allstars
4170,765 Pro Allstars
4171,765 Pro Allstars
4172,Rie Kugimiya
4174,Asami Imai
4175,Manami Numakura
4175,Asami Imai
4176,765 Pro Allstars
4178,Rie Kugimiya
4180,765 Pro Allstars
4180,876 Pro Allstars
4183,765 Pro Allstars
4184,Manami Numakura
4184,Yumi Hara
4184,Asami Imai
4185,765 Pro Allstars
4186,Manami Numakura
4189,Yumi Hara
4190,Manami Numakura
4190,Rie Kugimiya
4190,Asami Imai
4192,Manami Numakura
4192,Yumi Hara
4192,Asami Imai
4194,765 Pro Allstars
4195,765 Pro Allstars
4673,765 Pro Allstars
4674,765 Pro Allstars
6529,Ayana Taketatsu
6529,Hitomi Harada
6529,Minami Tsuda
6529,Nao Touyama
6529,Saori Hayami
6529,Yui Makino
6529,Chinatsu Akasaki
6530,Ayaka Oohashi
6530,Maaya Uchida
6530,Nozomi Yamamoto
6530,Sumire Uesaka
6530,Tomoyo Kurosawa
6530,Yuka Ootsubo
6530,Hiromi Igarashi
6530,Natsumi Takamori
6530,Aya Suzaki
6530,Ruriko Aoki
6530,Rei Matsuzaki
6530,Naomi Oozora
6530,Ayaka Fukuhara
6531,Ayaka Oohashi
6531,Ayaka Fukuhara
6532,Ayaka Oohashi
6532,Maaya Uchida
6532,Nozomi Yamamoto
6532,Sumire Uesaka
6532,Tomoyo Kurosawa
6532,Yuka Ootsubo
6532,Hiromi Igarashi
6532,Natsumi Takamori
6532,Aya Suzaki
6532,Ruriko Aoki
6532,Rei Matsuzaki
6532,Naomi Oozora
6532,Ayaka Fukuhara
6534,Maaya Uchida
6535,Yuka Ootsubo
6535,Hiromi Igarashi
6535,Naomi Oozora
6536,Dekoration
6537,*(Asterisk)
6538,Maaya Uchida
6538,Sumire Uesaka
6538,Aya Suzaki
6538,Ruriko Aoki
6538,Ayaka Fukuhara
6261,Ayaka Oohashi
6261,Maaya Uchida
6261,Nozomi Yamamoto
6261,Sumire Uesaka
6261,Tomoyo Kurosawa
6261,Yuka Ootsubo
6261,Hiromi Igarashi
6261,Natsumi Takamori
6261,Aya Suzaki
6261,Ruriko Aoki
6261,Rei Matsuzaki
6261,Ayaka Fukuhara
6262,Ayaka Oohashi
6262,Maaya Uchida
6262,Nozomi Yamamoto
6262,Sumire Uesaka
6262,Tomoyo Kurosawa
6262,Yuka Ootsubo
6262,Hiromi Igarashi
6262,Natsumi Takamori
6262,Aya Suzaki
6262,Ruriko Aoki
6263,Ayaka Oohashi
6263,Maaya Uchida
6263,Nozomi Yamamoto
6263,Sumire Uesaka
6263,Tomoyo Kurosawa
6263,Yuka Ootsubo
6263,Hiromi Igarashi
6263,Natsumi Takamori
6263,Aya Suzaki
6263,Ruriko Aoki
6264,Dekoration
6265,Ayana Taketatsu
6265,Yuka Ootsubo
6265,Hiromi Igarashi
6265,Naomi Oozora
6266,Kiyono Yasuno
6266,*(Asterisk)
6267,Ayaka Oohashi
6268,Ayaka Oohashi
7199,Ayaka Oohashi
7199,Maaya Uchida
7199,Nozomi Yamamoto
7199,Sumire Uesaka
7199,Tomoyo Kurosawa
7199,Yuka Ootsubo
7199,Hiromi Igarashi
7199,Natsumi Takamori
7199,Aya Suzaki
7199,Ruriko Aoki
7200,Ayaka Oohashi
7200,Maaya Uchida
7200,Nozomi Yamamoto
7200,Sumire Uesaka
7200,Tomoyo Kurosawa
7200,Yuka Ootsubo
7200,Hiromi Igarashi
7200,Natsumi Takamori
7200,Aya Suzaki
7200,Ruriko Aoki
5989,Manami Numakura
5989,Rie Kugimiya
5989,765 Pro Allstars
7399,315 STARS
7400,DRAMATIC STARS
7401,315 STARS
7402,DRAMATIC STARS
7407,DRAMATIC STARS
7407,Jupiter
7408,Jupiter
7410,DRAMATIC STARS
7411,DRAMATIC STARS
8092,DRAMATIC STARS
8095,315 STARS (Intelligent Ver.)
5555,Sukima Switch
7610,9nine
1389,JAM Project
4330,UNISON SQUARE GARDEN
4334,UNISON SQUARE GARDEN
4676,UNISON SQUARE GARDEN
5991,UNISON SQUARE GARDEN
6740,Hey! Say! Jump
7415,TrySail
6920,AOP
8516,PassCode
3179,THYME
4559,Ray
4560,Kanon Wakeshima
6269,Ray
6270,Mami Kawada
3516,Haruka Tomatsu
3516,Sayuri Yahagi
3517,Haruka Tomatsu
3517,Sayuri Yahagi
5992,petit milady
9044,THE SIXTH LIE
9045,sajou no hana
3361,fripSide
3362,fripSide
3363,ELISA
3364,ELISA
3365,ELISA
3699,fripSide
3700,ELISA
5287,fripSide
5288,fripSide
5289,Yuka Iguchi
5290,Yuka Iguchi
5291,Sachika Misawa
5292,Sachika Misawa
10072,fripSide
10073,fripSide
10074,Kishida Kyoudan & The Akeboshi Rockets
10075,sajou no hana
3036,Mami Kawada
3037,Mami Kawada
3695,Mami Kawada
3696,Mami Kawada
3697,Maon Kurosaki
3698,Maon Kurosaki
8096,Maon Kurosaki
8097,Maon Kurosaki
8098,Yuka Iguchi
8099,Yuka Iguchi
8713,Azumi Waki
8713,Eri Suzuki
8713,Hina Kino
8713,Kaede Hondo
8713,Saori Oonishi
8714,Azumi Waki
8714,Eri Suzuki
8714,Hina Kino
8714,Kaede Hondo
8714,Saori Oonishi
8715,Azumi Waki
8715,Eri Suzuki
8715,Hina Kino
8715,Kaede Hondo
8715,Saori Oonishi
8716,Kaede Hondo
8716,Saori Oonishi
8717,Azumi Waki
8717,Eri Suzuki
8717,Hina Kino
8717,Kaede Hondo
8717,Saori Oonishi
8718,Kaede Hondo
9545,Manami Numakura
9545,Sumire Uesaka
5693,Faylan
5694,Yousei Teikoku
5695,TK from Ling tosite sigure
5696,People in the Box
6540,amazarashi
8518,Cö shu Nie
8519,Ziyoou-vachi
8100,TK from Ling tosite sigure
3401,abingdon boys school
5010,Maon Kurosaki
5012,Yoshino Nanjou
5013,Mami Kawada
9930,Masayoshi Ooishi
4561,Haruka Tomatsu
4562,9nine
8102,Azumi Waki
8102,Lynn
8102,Miyu Tomita
8102,Yuu Sasahara
8103,Azumi Waki
8103,Lynn
8103,Miyu Tomita
8103,Yuu Sasahara
5994,Kana Hanazawa
9546,Akari Kitou
9547,KanoeRana
1898,ROUND TABLE feat. Nino
1899,ACKO
438,Noriko Sakai
439,Noriko Sakai
440,Noriko Sakai
3040,Eri Kitamura
3040,Rie Kugimiya
3040,Yui Horie
3041,Yui Horie
3042,Yui Horie
3043,Eri Kitamura
3043,Rie Kugimiya
3043,Yui Horie
3044,Eri Kitamura
3044,Rie Kugimiya
4335,Akira Kushida
3182,Hitomi Takahashi
3183,Base Ball Bear
2109,Maximum the Hormone
2850,Eri Kitamura
2850,Mariya Ise
2850,Saori Hayami
2851,Saori Hayami
6744,Toshiki Masuda
6745,Toshiki Masuda
6746,Tarusuke Shingaki
6748,Ryouhei Kimura
6749,Takuya Satou
6749,Kaito Ishikawa
12151,Toshiki Masuda
142,Isao Sasaki
453,Hironobu Kageyama
454,Hironobu Kageyama
6751,Azusa Tadokoro
6752,Azusa Tadokoro
2202,BUCK-TICK
5556,ZAQ
5557,Aya Uchida
5558,Ayane Sakura
5558,Rie Murakawa
5559,Nao Touyama
5559,Aya Suzaki
5560,Youko Hikasa
7924,ZAQ
9377,ZAQ
9809,Machico
9810,Chihaya Yoshitake
10325,Chihaya Yoshitake
10846,Machico
10846,Tropical Bu
10847,Tropical Bu
3242,Aira Yuuki
2205,Maaya Sakamoto
2539,Maaya Sakamoto
3583,Maaya Sakamoto
3584,FictionJunction
3584,Yuuka Nanri
2688,Yui Makino
2689,Maaya Sakamoto
9932,AOP
9933,Haruka Toujou
7788,MICHI
7789,Nao Touyama
7790,Nao Touyama
5561,Saori Hayami
5562,ClariS
7418,Natsuki Hanae
7419,SOARA
7420,QUELL
7421,Shunichi Toki
7422,Natsuki Hanae
7423,SOARA
7424,QUELL
7425,Shunichi Toki
7426,Natsuki Hanae
7427,SOARA
7428,QUELL
7429,Shunichi Toki
7430,Natsuki Hanae
7431,SOARA
7432,QUELL
7433,Shunichi Toki
6922,KENN
6923,Ryouhei Kimura
6923,Shouta Aoi
6924,Yuuki Kaji
6926,Toshiki Masuda
6929,KENN
6930,Shouta Aoi
6931,Wataru Hatano
6934,Kenshou Ono
6935,Ryouhei Kimura
9549,Shouta Aoi
9550,Yuuki Kaji
9551,Shouta Aoi
9555,Wataru Hatano
9556,Toshiki Masuda
9557,Kenshou Ono
8280,MIYAVI
8281,Mai Kuraki
1901,Chiwa Saitou
1902,Chiwa Saitou
7611,Inori Minase
7612,Yui Ogura
4779,Fujifabric
8104,Luck Life
8105,ChouCho
9048,Spira Spica
9049,Ai Kayano
2418,Little Non
7434,Sphere
7435,Aimi Tanaka
7435,Void_Chords
7435,Aoi Koga
9051,Nobuhiko Okamoto
8106,Haruka Shiraishi
8106,Manami Numakura
8107,Haruka Shiraishi
8107,Manami Numakura
10079,Kenshou Ono
10082,Wataru Hatano
10083,Kana Hanazawa
10084,Yuuki Kaji
10085,Tomoyo Kurosawa
10087,Yuuki Kaji
10087,Wataru Hatano
7613,Kenshi Yonezu
7613,Daoko
5159,milktub
5160,fhána
5161,milktub
7791,milktub
7792,fhána
4781,Unicorn
4782,Sukima Switch
4783,DOES
4784,Fujifabric
4786,Merengue
4787,tacica
4793,Miho Fukuhara
145,Mitsuko Horie
1762,angela
1763,angela
1764,angela
1765,angela
7094,TeddyLoid
7094,Bonjour Suzuki
8520,Kaito Ishikawa
8521,Kaito Ishikawa
8108,Kaito Ishikawa
8109,Kaito Ishikawa
8110,Kaito Ishikawa
148,Isao Sasaki
149,Isao Sasaki
4797,Isao Sasaki
4797,Mitsuko Horie
4799,Aira Yuuki
4800,Aki Misato
4801,Isao Sasaki
4802,KOKIA
4803,Hironobu Kageyama
4804,JAM Project
4805,Nana Mizuki
7926,Isao Sasaki
461,Isao Sasaki
462,Hironobu Kageyama
463,Hironobu Kageyama
9378,Miku Itou
9379,Aimi Tanaka
9379,Yuu Serizawa
9380,Yuu Serizawa
9381,Yuu Serizawa
9382,Yuu Serizawa
9383,Yuu Serizawa
9384,Yuu Serizawa
1546,Saeko Chiba
1546,Rie Tanaka
150,Isao Sasaki
151,Isao Sasaki
9236,OLDCODEX
8111,Mai Fuchigami
8522,Ayaka Oohashi
8522,Azumi Waki
8522,Machico
8522,Marika Kouno
8522,Saori Oonishi
8522,Chisa Kimura
8522,Hitomi Ueda
8523,Ayaka Oohashi
8523,Azumi Waki
8523,Machico
8523,Marika Kouno
8523,Saori Oonishi
8523,Chisa Kimura
8523,Hitomi Ueda
8524,Azumi Waki
8525,Marika Kouno
8526,Ayaka Oohashi
8526,Azumi Waki
8526,Machico
8526,Marika Kouno
8526,Saori Oonishi
8526,Chisa Kimura
8526,Hitomi Ueda
8527,Akari Kitou
8527,Ayaka Oohashi
8527,Azumi Waki
8527,Azusa Tadokoro
8527,Lynn
8527,Machico
8527,Marika Kouno
8527,Saori Oonishi
8527,Sora Tokui
8527,Yuka Ootsubo
8527,Minami Takahashi
8527,Tomoyo Takayanagi
8527,Chisa Kimura
8527,Hitomi Ueda
8527,Misaki Watada
8527,Yui Watanabe
8527,Ruriko Aoki
8527,Yui Kondou
8527,Hiyori Nitta
8527,Rena Maeda
8527,Afumi Hashi
8527,Hikari Kubota
8527,Eriko Matsui
8527,Kana Yuuki
8527,Naomi Oozora
8527,Yuuka Aisaka
8527,Haruno Inoue
8527,Yukina Shutou
8527,Iori Saeki
8121,Ayaka Oohashi
8121,Azumi Waki
8121,Machico
8121,Marika Kouno
8121,Saori Oonishi
8121,Chisa Kimura
8121,Hitomi Ueda
8122,Ayaka Oohashi
8122,Azumi Waki
8122,Machico
8122,Marika Kouno
8122,Saori Oonishi
8122,Chisa Kimura
8122,Hitomi Ueda
8123,Akari Kitou
8123,Minami Tsuda
8123,Sora Tokui
8123,Sumire Uesaka
8123,Hitomi Ueda
8123,Ikumi Hasegawa
8123,Keiko Watanabe
9811,Ayaka Oohashi
9811,Azumi Waki
9811,Machico
9811,Marika Kouno
9811,Saori Oonishi
9811,Chisa Kimura
9811,Hitomi Ueda
9812,Machico
9813,Machico
9813,Saori Oonishi
9814,Manaka Iwami
10109,Machico
10309,Akari Kitou
10309,Ayaka Oohashi
10309,Azumi Waki
10309,Azusa Tadokoro
10309,Lynn
10309,Machico
10309,Marika Kouno
10309,Saori Oonishi
10309,Hinaki Yano
10309,Sachika Misawa
10309,Minami Takahashi
10309,Manaka Iwami
10309,Aya Yamane
10309,Chisa Kimura
10309,Hitomi Ueda
10309,Ikumi Hasegawa
10309,Keiko Watanabe
10309,Kaori Maeda
10309,Hikaru Toono
10309,Misaki Watada
10309,Miharu Hanai
10309,Yuri Noguchi
10309,Yui Watanabe
10309,Ruriko Aoki
10309,Rika Kinugawa
10309,Masumi Tazawa
10309,Yui Kondou
10309,Mio Hoshitani
10309,Hiyori Nitta
10309,Rena Maeda
10309,Afumi Hashi
10309,Hikari Kubota
10309,Hina Tachibana
10309,Rei Matsuzaki
9608,Akari Kitou
9608,Azumi Waki
9608,Minami Takahashi
9608,Rena Maeda
9608,Iori Saeki
9609,Azusa Tadokoro
9609,Machico
9609,Ruriko Aoki
9609,Eriko Matsui
9610,Lynn
9610,Marika Kouno
9610,Tomomi Mineuchi
9610,Ikumi Hasegawa
9610,Hitomi Oowada
3403,marble
3404,Masumi Itou
3405,Akiko Shikata
4076,School Food Punishment
4807,sweet ARMS
7436,Ai Kayano
7436,Akari Kitou
7436,Yui Ogura
7436,Yuuki Hirose
7437,Ai Kayano
7437,Akari Kitou
7437,Yui Ogura
7437,Yuuki Hirose
7615,Ai Kayano
7615,Yui Ogura
7616,Akari Kitou
7438,Sumire Uesaka
7439,Luna Haruna
7933,Kaede Hondo
7933,Yurika Kubo
7934,Luce Twinkle Wink☆
9815,CHiCO
9815,HoneyWorks
9816,Miki Satou
8902,Urashimasakatasen
6452,Rumi Ookubo
6452,Satomi Akesaka
6452,Keiko Watanabe
6452,You Taichi
6452,Asami Seto
6452,Miyu Kubota
465,Izumi Kobayashi
473,Izumi Kobayashi
474,Izumi Kobayashi
5563,Satomi Satou
8124,JAM Project
6757,Mamoru Miyano
6758,Takuma Terashima
6758,Junichi Suwabe
6758,Hiro Shimono
9237,Mamoru Miyano
2540,Suara
6145,Suara
6146,Suara
6147,Suara
6148,Suara
6149,Risa Taneda
3519,Suara
3520,Rena Uehara
9612,Kano
9612,Naomi Oozora
9613,YuNi
8903,Rikako Aida
8904,Kaede Hondo
8904,Yumi Uchiyama
8904,Maki Kawase
8905,Ai Kakuma
8905,Rikako Aida
8906,Yumi Hara
8906,Kotori Koiwai
8906,Rina Hidaka
6150,Hitomi Harada
6151,Yuka Iguchi
6151,Mikako Izawa
9614,Kana Asumi
9614,Miyuki Sawashiro
9614,Rie Kugimiya
9614,Rie Tanaka
9615,Rie Kugimiya
3185,Kanon Wakeshima
3048,Kanon Wakeshima
7617,SCREEN mode
7618,Nobuhiko Okamoto
1137,Kyouko Endou
480,Takayuki Miyauchi
9053,Survive Said The Prophet
9054,MAN WITH A MISSION
9055,Aimer
9056,milet
8719,TRUE
8720,Minori Chihara
8721,Aira Yuuki
9057,Minori Chihara
6759,Yui Ogura
6760,Inori Minase
5393,Ayane Sakura
5393,Rie Murakawa
5394,Ayane Sakura
5394,Yuka Ootsubo
5395,Aya Uchida
5395,Ayane Sakura
5396,Maaya Uchida
5397,Aya Uchida
5397,Ayane Sakura
5397,Maaya Uchida
5397,Rie Murakawa
5397,Yuka Ootsubo
1908,Ayane
9389,Fuki
1597,Mai Nakahara
1599,Mai Nakahara
1600,Yuuka Nanri
1604,Mai Nakahara
1607,Mai Nakahara
1610,Rie Kugimiya
1611,Rie Kugimiya
6274,Ray
6275,Ari Ozawa
6275,Mao Ichimichi
6275,Rie Murakawa
5565,"Wake Up, Girls!"
5996,"Wake Up, Girls!"
5997,"Wake Up, Girls!"
5998,"Wake Up, Girls!"
6152,"Wake Up, Girls!"
6277,"Wake Up, Girls!"
5999,"Wake Up, Girls!"
7440,"Wake Up, Girls!"
7441,"Wake Up, Girls!"
158,Isao Sasaki
159,Isao Sasaki
5014,Miyuki Hashimoto
5162,Konomi Suzuki
5166,Miku Hatsune
5168,Konomi Suzuki
6761,From 4to7
6762,Rie Murakawa
9390,Wataten☆5
9391,Wataten☆5
8907,Azumi Waki
8907,Sora Tokui
8907,Masumi Tazawa
8908,Azumi Waki
9823,Nobuhiko Okamoto
9823,Takuya Satou
9823,Jin Ogasawara
9823,Shunichi Toki
9823,Shoutarou Morikubo
9824,Jin Ogasawara
9825,Nobuhiko Okamoto
9825,Takuya Satou
9825,Jin Ogasawara
9825,Shoutarou Morikubo
3585,Nana Mizuki
3586,Suara
5016,Rena Uehara
5017,Madoka Yonezawa
5018,Rena Uehara
5019,Rena Uehara
3366,Nana Mizuki
3367,Suara
6000,fhána
6001,KMM-dan
1547,Bana
1548,Bana
2544,Mamiko Noto
9827,Ayumi Mano
9828,Yuuki Hirose
9829,DIAGRAM
9831,Tomoyo Takayanagi
9831,Mayu Mineda
6002,Lia
1783,Maaya Sakamoto
1784,Maaya Sakamoto
9832,Anemoneria
9833,Anemoneria
6004,Mamoru Miyano
3868,Eri Kitamura
3868,Kana Asumi
3868,Saki Fujita
3869,Hiroshi Kamiya
3869,Daisuke Ono
3869,Jun Fukuyama
3870,Saki Fujita
4078,Eri Kitamura
4078,Kana Asumi
4078,Saki Fujita
4079,Hiroshi Kamiya
4079,Daisuke Ono
4079,Jun Fukuyama
6279,Eri Kitamura
6279,Kana Asumi
6279,Saki Fujita
6280,Hiroshi Kamiya
6280,Daisuke Ono
6280,Jun Fukuyama
5568,Pile
9834,TOMORROW X TOGETHER
9835,Kami wa Saikoro o Furanai
9836,Yoko Ishida
9837,Misato Fukuen
9837,Miyuki Sawashiro
9837,Kaori Nazuka
9838,Ai Kakuma
9839,Sakura Nogawa
9839,Mie Sonozaki
9840,Rie Murakawa
9841,Chiwa Saitou
9841,Ami Koshimizu
9843,Saori Seto
9843,Rie Tanaka
9845,Ayuru Ohashi
9845,Mai Kadowaki
10113,Chiwa Saitou
10113,Misato Fukuen
10113,Miyuki Sawashiro
10113,Kaori Nazuka
10113,Ami Koshimizu
10113,Sakura Nogawa
10113,Mie Sonozaki
10113,Ayuru Ohashi
10113,Saori Seto
10113,Mai Kadowaki
10113,Rie Tanaka
10310,Ai Kakuma
10310,Rie Murakawa
10310,Kaori Nazuka
10310,Yumi Hara
10310,Hiromi Igarashi
10310,Kayo Ishida
10310,Marin Mizutani
10310,Rina Satou
10310,Rie Suegara
10310,Natsumi Takamori
10310,Haruka Terui
8530,sumika
8531,halca
8532,halca
6763,Haruka Tomatsu
6763,Sora Amamiya
6763,Youko Hikasa
6764,Kenshou Ono
6764,Kouki Uchiyama
2546,Shikao Suga
2548,BUCK-TICK
2147,Shikao Suga
3871,Shikao Suga
3872,Shikao Suga
3587,Shikao Suga
8125,Riko Azuna
8126,Yuuki Takada
8126,Minako Kotobuki
8127,Yuuki Takada
8127,Minako Kotobuki
5293,Nagi Yanagi
5294,Nao Touyama
5294,Saori Hayami
5295,Nao Touyama
5296,Nao Touyama
5296,Saori Hayami
9616,Nagi Yanagi
9617,Nao Touyama
9617,Saori Hayami
9618,Nao Touyama
9619,Saori Hayami
9620,Nagi Yanagi
6453,Nagi Yanagi
6454,Nao Touyama
6454,Saori Hayami
6455,Saori Hayami
6456,Nao Touyama
8283,Sengoku Musume Sanninshuu
8284,Anri Kumaki
9392,UVERworld
9393,Cö shu Nie
9394,Cö shu Nie
9846,Kiro Akiyama
9847,Myuk
5398,Kana Asumi
5398,Yuka Iguchi
5697,Kana Asumi
5697,Youko Hikasa
5697,Yui Ogura
5697,Yuka Iguchi
5698,Kana Asumi
5698,Yuka Iguchi
5699,Yui Ogura
5700,Kana Asumi
5700,Yuka Iguchi
8285,Youko Hikasa
8285,Yui Ogura
2389,Kiyoharu
2390,Kiyoharu
5169,Miku Hatsune
5702,Miku Hatsune
9848,imai
8288,Shiritsu Morimori Gakuen Seishun♡Boys
9238,Haruka Tomatsu
9849,Taiki
2935,Mariya Ise
2935,Ai Maeda
3244,Mariya Ise
3244,Ai Maeda
3049,Mariya Ise
3049,Ai Maeda
2691,Mariya Ise
2691,Ai Maeda
9935,Sayuri
2393,Hitomi Nabatame
3874,Asian Kung-Fu Generation
3875,Etsuko Yakushimaru
3876,Etsuko Yakushimaru
3408,Aki Misato
4337,Chihiro Yonekura
4338,Chihiro Yonekura
5297,Chihiro Yonekura
5298,Chihiro Yonekura
11471,Rina Satou
11472,Hiroshi Kamiya
11472,Masaya Onosaka
490,Hiroko Moriguchi
492,Hiroko Moriguchi
6541,SCREEN mode
6542,Sphere
7796,Asian Kung-Fu Generation
3701,eufonius
3703,Momoiro Clover Z
3247,Yui Sakakibara
3248,Chata
7936,MYTH & ROID
7937,Aoi Yuuki
7938,Mako Niina
9395,Aoi Yuuki
9396,MYTH & ROID
9850,Sumire Uesaka
9850,Hisako Kanemoto
9850,Rina Hidaka
9851,Hisako Kanemoto
9851,Kotori Koiwai
7620,Lozareena
7622,Atsushi Abe
7623,Lozareena
10091,Kana Hanazawa
10093,96neko
10096,Haruka Tomatsu
7624,ZAQ
5023,ROOKiEZ is PUNK'D
5025,Hiroki Yasumoto
5025,Shoutarou Morikubo
5028,Satoshi Hino
8723,Yuusuke Saeki
8724,Daisuke Ono
8725,Mamoru Miyano
8725,Daisuke Ono
5570,ROOKiEZ is PUNK'D
5571,ROOKiEZ is PUNK'D
7941,Yuusuke Saeki
7942,Yuusuke Saeki
5029,UNISON SQUARE GARDEN
5030,UNISON SQUARE GARDEN
3704,UNISON SQUARE GARDEN
5032,UNISON SQUARE GARDEN
5033,UNISON SQUARE GARDEN
1142,WANDS
3189,Masaaki Endou
3190,Masaaki Endou
3193,vistlip
5867,Cinema Staff
5871,Kenshou Ono
5873,Mrs. GREEN APPLE
1232,Masami Okui
1235,Kimeru
1236,Aki Maeda
1237,Masami Okui
1916,BOWL
1917,BOWL
1919,JAM Project
1920,KENN
1922,Hiroshi Kitadani
9938,Natsuki Hanae
9938,Taku Yashiro
9940,Taku Yashiro
9941,Tomori Kusunoki
9941,Natsuki Hanae
9941,Taku Yashiro
9943,Natsuki Hanae
10243,Tomori Kusunoki
1144,WANDS
7798,Kimeru
7799,Kimeru
7803,BAND-MAID
4344,moumoon
4564,petit milady
4566,vistlip
8289,moumoon
4426,Marina Fujiwara
12184,Ayane Sakura
8292,Luna Haruna
8293,Eri Suzuki
8293,Rie Takahashi
8293,Miyuri Shimabukuro
6543,Bonjour Suzuki
6766,Wataru Hatano
8726,Asaka
8727,Eri Sasaki
9852,Asaka
9853,Eri Sasaki
4198,Minami Tsuda
4198,Rumi Ookubo
4198,Shiori Mikami
4198,Yuka Ootsubo
4199,Minami Tsuda
4199,Rumi Ookubo
4199,Shiori Mikami
4199,Yuka Ootsubo
4677,Minami Tsuda
4677,Rumi Ookubo
4677,Shiori Mikami
4677,Yuka Ootsubo
4678,Ayana Taketatsu
4679,Minami Tsuda
4679,Rumi Ookubo
4679,Shiori Mikami
4679,Yuka Ootsubo
4680,Minami Tsuda
4680,Rumi Ookubo
8909,Minami Tsuda
8909,Rumi Ookubo
8909,Shiori Mikami
8909,Yuka Ootsubo
8910,Minami Tsuda
8910,Rumi Ookubo
8910,Shiori Mikami
8910,Yuka Ootsubo
6545,Minami Tsuda
6545,Rumi Ookubo
6545,Shiori Mikami
6545,Yuka Ootsubo
6546,Minami Tsuda
6546,Rumi Ookubo
6546,Shiori Mikami
6546,Yuka Ootsubo
6281,Minami Tsuda
6281,Rumi Ookubo
6281,Shiori Mikami
6281,Yuka Ootsubo
6282,Nanamori-chuu☆Goraku-bu
12160,Nanamori-chuu☆Seitokai
6155,Minami Tsuda
6155,Rumi Ookubo
6155,Shiori Mikami
6155,Yuka Ootsubo
6156,Minami Tsuda
6156,Rumi Ookubo
6156,Shiori Mikami
6156,Yuka Ootsubo
6157,Minami Tsuda
6157,Rumi Ookubo
6157,Shiori Mikami
6157,Yuka Ootsubo
5573,Suzuko Mimori
5573,Tomoyo Kurosawa
5573,Yumi Uchiyama
5574,Suzuko Mimori
5574,Tomoyo Kurosawa
5574,Yumi Uchiyama
5575,Suzuko Mimori
5575,Tomoyo Kurosawa
5575,Yumi Uchiyama
10311,Suzuko Mimori
10311,Tomoyo Kurosawa
10312,Tomoyo Kurosawa
10313,Tomoyo Kurosawa
10314,Suzuko Mimori
10315,Haruka Terui
7442,Suzuko Mimori
7442,Tomoyo Kurosawa
7443,Suzuko Mimori
7444,Suzuko Mimori
7445,Suzuko Mimori
7446,Kana Hanazawa
7446,Suzuko Mimori
7446,Yumiri Hanamori
7447,Yumiri Hanamori
7448,Kana Hanazawa
7448,Suzuko Mimori
11743,Kana Hanazawa
11743,Suzuko Mimori
7943,Suzuko Mimori
7944,Kana Hanazawa
7944,Suzuko Mimori
7944,Yumiri Hanamori
7805,Suzuko Mimori
7806,Yumiri Hanamori
7626,Suzuko Mimori
7627,Kana Hanazawa
7627,Suzuko Mimori
7449,Kana Hanazawa
7449,Yumi Uchiyama
7450,Kana Hanazawa
7450,Yumi Uchiyama
7451,Kana Hanazawa
7451,Yumi Uchiyama
9563,STEREO DIVE FOUNDATION
33,Duke Aces
5034,ZAQ
5035,Sphere
1161,Masaaki Endou
1249,Masaaki Endou
1250,Masaaki Endou
2206,Masaaki Endou
5299,Minami Tsuda
5299,Risa Taneda
5299,Rumi Ookubo
5300,Mayumi Morinaga
7945,Minami Tsuda
7945,Risa Taneda
7946,Minami Tsuda
7946,Risa Taneda
8911,Yui Ogura
8912,Aya Uchida
8912,Yui Ogura
8913,Inori Minase
8913,Maria Naganawa
8914,Aina Suzuki
8914,Miyu Tomita
8915,Aina Suzuki
8915,Aya Uchida
8915,Inori Minase
8915,Maria Naganawa
8915,Miyu Tomita
8915,Yui Ogura
6011,Youko Hikasa
6012,Yurika Endou
3409,Marina Inoue
3409,Miyuki Sawashiro
3409,Yuu Kobayashi
3409,Ai Nonaka
3410,Yuuko Gotou
3411,Hiroshi Kamiya
3412,Yuu Kobayashi
3368,Marina Inoue
3368,Miyuki Sawashiro
3368,Yuu Kobayashi
3368,Ai Nonaka
3369,Yuuko Gotou
3370,Hiroshi Kamiya
5704,Aimer
9944,ORESAMA
2549,AKINO Arai
2550,Rocky Chack
2551,Rocky Chack
2552,Rocky Chack
2420,Ichiko
2421,Rie Kugimiya
4878,Ichiko
4879,Rie Kugimiya
2731,Ichiko
2732,Rie Kugimiya
3100,Ichiko
3101,Rie Kugimiya
4809,Mummy-D
4570,Nothing's Carved in Stone
4571,Kylee
4572,Kana Hanazawa
3199,Aya Hirano
3199,Haruka Tomatsu
3200,Aya Hirano
3200,Haruka Tomatsu
3201,Aya Hirano
3201,Haruka Tomatsu
3203,Aya Hirano
3203,Haruka Tomatsu
3794,Aya Hirano
3794,Haruka Tomatsu
5401,Eyelis
5403,Junichi Suwabe
5406,Junichi Suwabe
5407,Eyelis
5408,Junichi Suwabe
3051,Little Non
3053,Little Non
2211,CooRie
2212,Masumi Itou
2213,Do As Infinity
2214,Shizuka Itou
2215,Shizuka Itou
8297,PENGUIN RESEARCH
8298,PENGUIN RESEARCH
8299,Shouko Nakagawa
8301,Sphere
8128,Hiroshi Kamiya
8129,TrySail
3249,Marina Inoue
3249,Miyuki Sawashiro
3249,Yuu Kobayashi
3249,Ai Nonaka
3250,Marina Inoue
3250,Ai Nonaka
3251,Yuuko Gotou
3252,Miyuki Sawashiro
3252,Yuuko Gotou
3253,Marina Inoue
3253,Yuu Kobayashi
3253,Ai Nonaka
8728,Toshiki Masuda
8729,Natsuki Hanae
8729,Nobuhiko Okamoto
8731,Takuya Satou
8732,Ryouta Oosaka
8733,Tarusuke Shingaki
8733,Jun Fukushima
8734,Takuya Satou
8734,Ayumu Murase
8735,Jun Oosuka
8735,Yuusuke Kobayashi
8131,Kaede Hondo
8131,Risa Taneda
8131,Minami Tanaka
8131,Rika Kinugawa
8131,Asami Tano
8131,Maki Kawase
8132,Kaede Hondo
8132,Risa Taneda
8132,Minami Tanaka
8132,Rika Kinugawa
8132,Asami Tano
8132,Maki Kawase
8133,Franchouchou
8134,Franchouchou
8135,Franchouchou
8136,Franchouchou
1418,Masumi Itou
1391,LAZY
1392,Masumi Itou
10102,DISH//
10103,the peggies
10329,MAN WITH A MISSION
10330,Soushi Sakiyama
10117,Roselia
10118,Argonavis
10299,GYROAXIA
10119,Masayoshi Ooishi
10120,Non Stop Rabbit
10121,BiSH
10122,Polkadot Stingray
10123,Daisuke Namikawa
10124,Ace Collection
10125,Maruri to Ryuuga
10126,Miriya Katou
10126,Yoshida Kyoudai
10182,BURNOUT SYNDROMES
10286,BURNOUT SYNDROMES
10127,mabanua
10191,mabanua
10335,mabanua
10335,Inaizumi Rin
10128,Aika Kobayashi
10129,Mikako Komatsu
10130,flumpool
10131,Daiki Yamashita
10327,Hibiku Yamamura
10327,Daiki Yamashita
10327,KOCHO
10132,Shun'ya Oohira
10185,Yuuma Uchida
10133,Megumi Hayashibara
10134,Megumi Hayashibara
10265,Megumi Hayashibara
10398,Yui Horie
10135,Maaya Uchida
10187,Masayoshi Ooishi
10136,Tasuku Hatanaka
10137,STEREO DIVE FOUNDATION
10142,WARPs UP
10143,GENIC
10144,HYDE
10194,Wagakki Band
10140,Asami Imai
10141,Ayane
10145,PUNPEE
10145,Skirt
10146,Suzuko Mimori
10294,Tony Frank
10147,MUG-MO
10148,Aya Uchida
10149,Aimer
10152,RAISE A SUILEN
10153,RAISE A SUILEN
10154,Akane Kumada
10197,Mao Ichimichi
10197,Sayaka Senbongi
10197,Asuna Tomari
10197,Miho Okasaki
10250,Miho Okasaki
10164,Ayana Taketatsu
10164,Aoi Koga
10164,Fairouz Ai
10164,Shiori Izawa
10205,Mayu Maeshima
10155,YUKI
10163,Asian Kung-Fu Generation
10172,Yuu Serizawa
10172,MOTSU
10216,Yuu Serizawa
10216,MOTSU
10173,TrySail
10347,THIS IS JAPAN
10348,HaKoniwalily
10175,Kojima Food Factory Staff
10176,Franchouchou
10224,Franchouchou
10225,Franchouchou
10254,Franchouchou
10270,Franchouchou
10307,Franchouchou
10337,Franchouchou
10177,Hitorie
10227,SawanoHiroyuki[nZk]
10227,Mizuki
10271,SawanoHiroyuki[nZk]
10271,Laco
10178,Nanaka Suwa
10228,Reina Kondou
10334,Sumire Morohoshi
10179,Bishounen Tanteidan
10229,sumika
10256,Bishounen Tanteidan
10180,Shiena Nishizawa
10220,ACCAMER
10407,Eir Aoi
10408,ACCAMER
10181,Sumire Uesaka
10232,Aina Suzuki
10232,Sumire Uesaka
10232,Mikako Komatsu
10232,Shiori Izawa
10184,ReoNa
10186,Aoi Yuuki
10235,Azumi Waki
10188,Official HIGE DANdism
10192,Miku Itou
10193,Miyu Tomita
10193,Minami Takahashi
10193,Natsumi Murakami
10195,Aira Yuuki
10196,NOW ON AIR
10199,Kairi Yagi
10237,Kairi Yagi
10288,Kairi Yagi
10202,Sarasa Kadowaki
10203,DIALOGUE+
10204,Kaori Ishihara
10206,Riko Azuna
10253,Ayane Sakura
10253,Inori Minase
10207,Akane Kumada
10208,Ayaka Nanase
10214,Luiza
10210,RinamooN
10219,Starlight Kukugumi
10223,ASCA
10230,Takanori Nishikawa
10231,CHiCO
10231,HoneyWorks
10386,L'Arc~en~Ciel
10387,Sayuri
10657,Akuma Gakkou Babyls Seito no Mina-san
10244,Hikaru Utada
10240,Yui Horie
10249,Uzuho
10247,Mitsuko Horie
10261,SARD UNDERGROUND
10260,▽▲TRiNITY▲▽
10561,Urashimasakatasen
10800,Luce Twinkle Wink☆
10269,Poppin'Party
10272,GRANRODEO
10273,Kanako Itou
10277,Aki Misato
10279,OLDCODEX
10280,Shuhei Kita
10281,Kanako Itou
10283,Kanako Itou
10284,GRANRODEO
10287,Odawara Jouboshi Koukou Motemen-bu
10296,Inori Minase
10296,Saori Oonishi
10297,Masami Okui
10298,Kana Ueda
10317,LiSA
10321,Aika Kobayashi
10323,Laco
10324,[Alexandros]
10326,LiSA
10338,Ayane
10339,Konomi Suzuki
10734,Eiko Shimamiya
10340,THE ORAL CIGARETTES
10341,Yamato(.S)
10343,Necry Talkie
10344,Momo Asakura
10345,angela
10405,Shouta Aoi
10346,Yuuko Suzuhana
10406,Mitei no Hanashi
10350,Sasanomaly
10351,LMYK
10352,Poppin'Party
10353,Argonavis
10364,Inori Minase
10535,Aimi
10354,saji
10403,Yumiri Hanamori
10403,Sayaka Senbongi
10543,Sumire Uesaka
10543,Rico Sasaki
10544,Rico Sasaki
10598,You Taichi
10621,Risae Matsuda
10355,Sangatsu no Phantasia
10404,Philosophy no Dance
10367,ENHYPEN
10553,Shuugo Nakamura
10365,JAM Project
10366,JAM Project
10536,JAM Project
10624,Hironobu Kageyama
10710,JAM Project
10368,Natsuki Hanae
10368,Ayumi Mano
10369,Ayumi Mano
10637,Natsuki Hanae
10637,Ayumi Mano
10370,Mary
10371,TRIGGER
10539,IDOLiSH7
10540,IDOLiSH7
10599,Re:vale
10636,Souma Saitou
10372,Marika Kouno
10373,Aguri Oonishi
10374,MindaRyn
10375,Takuma Terashima
10376,Mamoru Miyano
10376,Nana Mizuki
10377,Mamoru Miyano
10378,Natsuki Hanae
10379,syudou
10582,Akari Kitou
10582,Ayane Sakura
10380,Akane Kumada
10381,Akane Kumada
10381,Risae Matsuda
10381,Jun Fukushima
10388,fhána
10389,Super Chorogons
10496,Yuuki Kuwahara
10708,fhána
10396,SolidS
10397,SolidS
10555,QUELL
10556,Shunichi Toki
10557,QUELL
10558,Shunichi Toki
10559,Yuuki Ono
10560,Koutarou Nishiyama
10583,Shuugo Nakamura
10583,Shunichi Toki
10606,Shunichi Toki
10704,SOARA
10705,SOARA
10390,angela
10399,Kaede Higuchi
10400,Kanako Takatsuki
10401,Tokyo Jihen
10402,Rondo
10415,yozuca*
10416,Miyuki Hashimoto
10417,JAM Project
10417,Hironobu Kageyama
10418,JAM Project
10418,Hironobu Kageyama
10515,Akiko Hiramatsu
10517,Akiko Hiramatsu
10499,Obey Me! Boys
10989,Obey Me! Boys
10500,ARCANA PROJECT
10501,Mia REGINA
10537,Tatsuya Kitani
10538,Akari Nanawo
10541,Yui Ogura
10542,NEGI☆U
10845,Miho Okasaki
10554,Ging Nang Boyz
10533,Akari Kitou
10534,15-sai to Seiko Oomori
10545,Liella!
10546,Liella!
10547,Sayuri Date
10548,Sayuri Date
10548,Liyuu
10577,Naomi Payton
10600,Nako Misaki
10643,Sayuri Date
10643,Liyuu
10643,Nako Misaki
10643,Naomi Payton
10670,Nagisa Aoyama
10700,Liella!
10730,Liyuu
10730,Nako Misaki
10730,Naomi Payton
10730,Nagisa Aoyama
10793,Liyuu
10793,Naomi Payton
10823,Liella!
10549,ClariS
10550,TrySail
10551,Who-ya Extended
10552,Myuk
10571,Aina Suzuki
10572,Aina Suzuki
10572,Rie Murakawa
10569,JUNNA
10570,Suzuko Mimori
10584,Aoi Yuuki
10584,Ayane Sakura
10584,Kana Ueda
10584,Nao Touyama
10584,Rie Takahashi
10584,Rumi Ookubo
10584,Saori Hayami
10584,Minami Tanaka
10584,Mai Kadowaki
10585,Masaaki Endou
10587,Machico
10588,angela
10589,angela
11338,angela
11339,angela
11340,angela
11341,angela
10601,Kiyono Yasuno
10602,Kiyono Yasuno
10617,Humbreaders
10622,Maaya Sakamoto
10623,ACCAMER
10635,Eve
10642,Anly
10646,Yuri Shiratori
10647,Shizuka Itou
10648,Yui Horie
10648,Yuu Kobayashi
10648,Ai Nonaka
10650,Mai Kadowaki
10651,Mamiko Noto
10652,Shizuka Itou
10652,Yui Horie
10652,Yuu Kobayashi
10652,Mamiko Noto
10652,Ai Nonaka
10652,Yuri Shiratori
10652,Mai Kadowaki
10653,Yuu Kobayashi
10653,Mamiko Noto
10653,Ai Nonaka
10655,Shizuka Itou
10655,Yui Horie
10655,Yuu Kobayashi
10655,Mamiko Noto
10655,Ai Nonaka
10655,Yuri Shiratori
10655,Mai Kadowaki
10659,B'z
10674,MUCC
10675,GRANRODEO
10676,Minami Kuribayashi
10677,Aki Misato
10678,Kanako Itou
10690,Nene Hieda
10685,Masami Okui
10686,Masami Okui
10698,Hitsujibungaku
10741,Yui Horie
10742,Ami Koshimizu
10742,Mamiko Noto
10743,Omoinotake
10745,Aoi Kubo
10748,MUG-MO
10749,Aya Uchida
10990,MUG-MO
10750,Yumi Uchiyama
10799,Yumi Uchiyama
10754,amazarashi
10802,Regal Lily
11312,SawanoHiroyuki[nZk]
11312,Mizuki
11321,SawanoHiroyuki[nZk]
11321,Honoka Takahashi
10755,NEWS
10756,Little Glee Monster
10759,Anna Suzuki
10760,Riko Koike
10760,Hirose Chinatsu
11409,Anna Suzuki
11410,Riko Koike
11410,Rie Hikisaka
11410,Sunao Yoshikawa
11696,Anna Suzuki
11874,Riko Koike
11874,Hirose Chinatsu
10761,Wienners
11451,Bye-Bye-Hand No Houteishiki
11599,Hyadain
11599,Shikao Suga
11789,kobore
12023,Penthouse
10763,Sora Amamiya
10764,Sora Amamiya
10765,Yuiko Oohara
10766,Yuiko Oohara
10831,Yuiko Oohara
10865,Yuiko Oohara
10930,Yuiko Oohara
10977,Yuiko Oohara
10768,Yui Ninomiya
10771,Amane Shindou
10820,Sutopuri
10848,Morfonica
10772,blank paper
10773,Yuuna Fukinbara
10774,Jun Fukuyama
10775,TRD
10777,Poppin'Party
10778,Cider Girl
10779,Kitri
10828,Kitri
10780,Saika Kitamori
10780,Mayu Sagara
10837,May'n
10880,Saika Kitamori
10880,Mayu Sagara
11006,Saika Kitamori
11006,Mayu Sagara
10781,Yui Ninomiya
10782,Aira Yuuki
10971,Reina Ueda
10783,Yui Nishio
10790,Mitsuko Horie
10792,BAND-MAID
10794,Daisuke Namikawa
11522,Hiroki Yasumoto
11523,Hiroki Takahashi
11524,Yasuhiro Takato
11525,Noriaki Sugiyama
11526,Masaya Onosaka
11527,Katsuyuki Konishi
10795,9-tie
10841,9-tie
10796,GARNiDELiA
10797,Shunichi Toki
11007,Ayasa Itou
10798,O★Z
10843,Nobunaga Shimazaki
11008,Shouya Chiba
10804,Saori Hayami
10804,Tomori Kusunoki
10804,Aoi Koga
10804,Reina Aoyama
10805,Kami wa Saikoro o Furanai
10806,FantasticYouth
10813,Void_Chords
10814,Akira Sekine
10814,Aoi Koga
10814,You Taichi
10809,Frederic
10810,Wataru Hatano
10811,Asaka
10812,May'n
10821,Mafumafu
10822,Mika Nakashima
10824,EGOIST
10826,LiSA
10827,LiSA
10950,LiSA
10830,Akari Dritschler
10832,V.W.P
10833,STEREO DIVE FOUNDATION
10834,King Gnu
10835,yama
11045,Vaundy
11046,milet
10839,Masaaki Endou
10840,MindaRyn
10850,ROUND TABLE feat. Nino
10853,Konomi Suzuki
10854,Kashitarou Itou
10855,Mia REGINA
10856,Aina Suzuki
10851,TRUE
10852,TRUE
10863,THYME
10874,Renka
10878,Azumi Waki
10878,Katsuyuki Konishi
10878,CHAI
10884,Little Non
10885,Nomico
10887,OKAMOTO'S
10900,GRANRODEO
10905,sumika
10906,halca
10912,Rei Todoroki
10916,Yousei Teikoku
10931,Urara Takano
10931,Teikoku Kagekidan
10932,Teikoku Kagekidan
10932,Kumiko Nishihara
14673,Teikoku Kagekidan
14673,Michie Tomizawa
14674,Teikoku Kagekidan
14674,Yuriko Fuchizaki
14675,Mayumi Tanaka
14675,Teikoku Kagekidan
14676,Teikoku Kagekidan
14676,Chisa Yokoyama
10945,Hitomi Mieno
10946,Hitomi Mieno
10947,Hitomi Mieno
10948,Hitomi Mieno
10951,ichigo
10952,Duffy
11940,sana
11941,YES
10968,Aimer
10975,Aimer
10981,Ayumi.
11010,Miyu Takagi
11012,ASCA
11013,Starlight Kukugumi
11017,Roselia
11018,Roselia
11019,Roselia
11020,Roselia
11014,Ankou Team
11022,Ankou Team
11015,Given
11016,Kairi Yagi
11033,Riko Azuna
11034,nonoc
11035,TRUE
11036,Azusa Tadokoro
11038,Wataru Hatano
11039,Survive Said The Prophet
11106,Yuuma Uchida
11106,Kaito Ishikawa
11047,GRANRODEO
11048,Shuugo Nakamura
11051,AiRBLUE
11124,AiRBLUE
11330,AiRBLUE
11400,AiRBLUE
11401,AiRBLUE
11538,AiRBLUE
11562,AiRBLUE
11052,yukaDD(;´∀｀)
11053,TEAM SHACHI
11054,Yuiko Oohara
11055,Rie Takahashi
11125,Rie Takahashi
11227,Yuiko Oohara
11228,Rie Takahashi
11229,Konomi Kohara
11229,Mao Ichimichi
11229,Rie Takahashi
11229,Yui Ogura
11229,Nobuhiko Okamoto
11229,Yuuki Kaji
11229,Fukushi Ochiai
11258,Rie Takahashi
11278,Rie Takahashi
11291,Rie Takahashi
11331,Rie Takahashi
11056,Manatsu Murakami
11135,Roubai Academy Year 1 Class 3
11174,Manatsu Murakami
11329,Roubai Academy Year 1 Class 3
11057,Inori Minase
11058,Aimi
11059,Spira Spica
11070,ZAQ
11143,Makoto Furukawa
11411,Makoto Furukawa
11412,Nowlu
11071,Takao Sakuma
11072,STEREO DIVE FOUNDATION
11073,AXXX1S
11144,Maybe ME
11175,Maybe ME
11074,Toshiki Masuda
11075,FANTASTICS
11076,Souma Saitou
11076,Yuusuke Shirai
11145,Miracle Chimpanzee
11077,SiM
11081,Takuma Terashima
11081,Wataru Hatano
11082,Takuma Terashima
11082,Wataru Hatano
11084,Takuma Terashima
11084,Wataru Hatano
11085,Takuma Terashima
11085,Wataru Hatano
11087,Takuma Terashima
11087,Wataru Hatano
11088,Takuma Terashima
11088,Wataru Hatano
11091,Yoshiki Fukuyama
11092,Luce Twinkle Wink☆
11093,Asaka
11273,Asaka
11089,T.M.Revolution
11090,T.M.Revolution
11095,Nagi Yanagi
11095,THE SIXTH LIE
11096,Yoshino Nanjou
11098,Masami Okui
11103,Toshiki Masuda
11104,Aika Kobayashi
11113,MindaRyn
11114,FantasticYouth
11115,UROMT
11127,Shiena Nishizawa
11313,Shiena Nishizawa
11128,Poka Poka Ion
11130,Little Glee Monster
11136,fripSide
11137,Yuki Nakashima
11140,Kaori Honma
11146,Asami Imai
11148,Machico
11149,LACCO TOWER
11150,Mao Ichimichi
11150,Miku Itou
11151,Mao Ichimichi
11151,Miku Itou
11332,Mao Ichimichi
11332,Miku Itou
11152,JUNNA
11153,Natsuki Hanae
11311,Natsuki Hanae
11154,MIYAVI
11178,Void_Chords
11160,Ayuru Ohashi
11176,Novelbright
11177,Mafumafu
11179,Otome Shinto
11180,Maaya Uchida
11180,Sumire Uesaka
11180,Suzuko Mimori
11180,Yume Miyamoto
11180,Chika Arakawa
11185,Harusaruhi
11188,Machico
11189,Chihaya Yoshitake
11714,Rico Sasaki
11196,Mamiko Noto
11196,Mai Kadowaki
11197,Mamiko Noto
11197,Mai Kadowaki
11198,Mamiko Noto
11198,Mai Kadowaki
11221,Nomico
11222,Nomico
11223,Nomico
11224,Nomico
11236,TETSU
11237,TETSU
11235,TETSU
11230,TETSU
11231,TETSU
11238,Kashitarou Itou
11241,Monsieur Kamayatsu
11257,Serena Kouzuki
11254,Karin Takahashi
11260,Yui Sakakibara
11275,Kotobuki Hikoutai
11283,Rie Tanaka
11284,Mai Kadowaki
11288,KOCHO
11294,Yuka Imai
11296,Akiko Hiramatsu
11297,Yuri Shiratori
11322,SennaRin
11323,SennaRin
11326,Meychan
11327,GOOD ON THE REEL
11324,Megumi Hayashibara
11324,Yuri Shiratori
11324,Akiko Hiramatsu
11325,Megumi Hayashibara
11325,Yuri Shiratori
11325,Akiko Hiramatsu
11328,Paolo Andrea Di Pietro
11342,Lanndo
11342,Keina Suda
11343,Yui Ogura
11771,NEWS
11772,Cho Tokimeki ♡ Sendenbu
11344,Sora Amamiya
11397,CHiCO
11397,Mafumafu
11397,HoneyWorks
11345,TrySail
11346,HaKoniwalily
11445,Inori Minase
11347,Mili
11398,ChouCho
11348,Nijigasaki Gakuen School Idol Doukoukai
11435,Nijigasaki Gakuen School Idol Doukoukai
11349,Hey! Say! Jump
11350,LONGMAN
11647,Hey! Say! Jump
11648,Rei Yasuda
11358,Kashitarou Itou
11359,Riko Azuna
11360,ClariS
11361,TrySail
11363,ClariS
11363,TrySail
11364,Asriel
11365,Hiroshi Kamiya
11365,Daisuke Ono
11366,Junichi Suwabe
11366,Katsuyuki Konishi
11367,Healer Girls
11368,Healer Girls
11552,Ayahi Takagaki
11552,Akane Kumada
11552,Karin Isobe
11552,Chihaya Yoshitake
11552,Marina Horiuchi
11369,Rainy.
11370,Rakura
11371,Nana Mizuki
11424,saji
11372,Minori Suzuki
11423,Nao Touyama
11504,Nao Touyama
11373,Yuusuke Saeki
11429,Frederic
11798,Koko Fukushima
11798,Toshiki Kumagai
11374,Chiai Fujikawa
11378,MADKID
11377,FantasticYouth
11432,Miku Itou
11375,Maaya Sakamoto
11376,Deaimon
11507,Nobunaga Shimazaki
11379,Hina Kino
11379,Honoka Inoue
11379,Natsumi Kawaida
11379,Manaka Iwami
11380,Maneki Kecak
11499,Ayahi Takagaki
11499,Honoka Inoue
11381,Kaori Ishihara
11382,Maaya Uchida
11383,LIPxLIP
11384,Ayane Sakura
11384,Inori Minase
11384,Saori Hayami
11498,Inori Minase
11498,Momo Asakura
11506,Natsuki Hanae
11506,Takuya Eguchi
11518,Sora Amamiya
11518,Shiina Natsukawa
11560,Ayane Sakura
11560,Inori Minase
11560,Saori Hayami
11385,PelleK
11386,DIALOGUE+
11387,fripSide
11438,▽▲TRiNITY▲▽
11388,QUEENDOM
11389,96neko
11389,Ryoutarou Okiayu
11456,96neko
11478,96neko
11478,Ryoutarou Okiayu
11478,Shouya Chiba
11497,96neko
11497,Ryoutarou Okiayu
11497,Shouya Chiba
11497,Lezel
11390,shami momo
11391,Coro Machikado
11392,Masayoshi Ooishi
11392,Yukari Tamura
11393,DIALOGUE+
11502,Masayoshi Ooishi
11502,Hiroki Yasumoto
11394,Miyu Tomita
11395,sweet ARMS
11396,Masayuki Suzuki
11396,Sumire Yoshida
11444,Airi Suzuki
11495,Konomi Kohara
11495,Makoto Furukawa
11399,YUKI
11446,Hitorie
11402,UNISON SQUARE GARDEN
11403,ano
11404,Akira Ouse
11405,Nasuo☆
11406,Yuki Nakashima
11407,SUIREN
11408,Haku
11654,zonji
11655,Misaki
11413,Aguri Oonishi
11454,Aguri Oonishi
11454,Asuna Tomari
11454,Takuya Satou
11414,ZAQ
11415,Kanako Takatsuki
11551,supercell
11551,Miku Hatsune
11416,Yuuko Natsuyoshi
11416,Miyari Nemoto
11416,Sayumi Suzushiro
11447,the peggies
11448,Miyu Tomita
11448,Manaka Iwami
11448,Aya Yamane
11457,Madoka Asahina
11457,Minami Tanaka
11483,Hina Youmiya
11483,Yuuki Hirose
11483,Hiyori Kouno
11496,Ikumi Hasegawa
11496,Hikaru Toono
11496,Aoi Koga
11500,Misaki Watada
11500,Ayaka Nanase
11500,Mayu Minami
11501,Yuuki Takada
11501,Yuka Nukui
11501,Moe Kahara
11503,Natsumi Kawaida
11503,Makoto Koichi
11503,Rio Tsuchiya
11517,Honoka Inoue
11517,Fairouz Ai
11517,Ayaka Asai
11521,Kana Ichinose
11521,Mayu Mineda
11521,Reina Kondou
11550,Saya Aizawa
11550,Eri Yukimura
11550,Ayasa Itou
11569,Maria Naganawa
11569,Marika Kouno
11569,You Taichi
11595,Konomi Kohara
11595,Maria Naganawa
11595,Marika Kouno
11595,Miyu Tomita
11595,Yuuki Takada
11595,Honoka Inoue
11595,Natsumi Kawaida
11595,Manaka Iwami
11595,Yuuko Natsuyoshi
11595,Miyari Nemoto
11595,Sayumi Suzushiro
11595,Aya Yamane
11595,Ikumi Hasegawa
11595,Madoka Asahina
11595,Minami Tanaka
11595,Hina Youmiya
11595,Yuuki Hirose
11595,Hiyori Kouno
11595,Hikaru Toono
11595,Aoi Koga
11595,Misaki Watada
11595,Ayaka Nanase
11595,Mayu Minami
11595,Yuka Nukui
11595,Moe Kahara
11595,Makoto Koichi
11595,Rio Tsuchiya
11595,Fairouz Ai
11595,Ayaka Asai
11595,Kana Ichinose
11595,Mayu Mineda
11595,Reina Kondou
11595,Saya Aizawa
11595,Eri Yukimura
11595,Ayasa Itou
11595,You Taichi
11417,EGOIST
11418,Who-ya Extended
11572,Who-ya Extended
11419,Yuuna Fukinbara
11420,Natumi.
11573,blank paper
11421,Nao Touyama
11422,Maaya Sakamoto
11425,Taiiku Okazaki
12087,AXXX1S
11426,Dreams Come True
11427,Koumi Hirose
11428,Tsukuyomi
11430,Ayaka Oohashi
11431,ChouCho
11433,KENN
11433,Ryoutarou Okiayu
11433,Yuuki Kaji
11433,Masakazu Morita
11434,Shuhei Kita
11436,Macaroni Enpitsu
11437,cadode
11642,Asaka
11643,Riria.
11762,Riria.
11439,JO1
11440,SawanoHiroyuki[nZk]
11440,Junki Kouno
11440,Shou Yonashiro
11441,NOILION
11442,Void_Chords
11442,Ryohei
11442,Foggy-D
11443,Onipanzu!
11505,Onipanzu!
11452,[Alexandros]
11453,Rinne
11590,Superfly
11591,Kami wa Saikoro o Furanai
11450,Official HIGE DANdism
11458,Gen Hoshino
11455,Lia
11461,Koji Kikkawa
11462,Koji Kikkawa
11463,Daisuke Namikawa
11463,Takuya Satou
11464,Yuuki Wakai
11459,Kiyoe Yoshioka
11460,Sangatsu no Phantasia
11691,sumika
11692,Eir Aoi
11465,EUROX
11466,Maki Ikuno
11466,Marina del Ray
11467,Daisuke Ono
11467,Hiroki Takahashi
11467,Tooru Ookawa
11467,Masaya Onosaka
11468,Tegomass
11469,Daisuke Ono
11469,Hiroki Takahashi
11469,Tooru Ookawa
11469,Masaya Onosaka
11470,Tegomass
11473,Risa Taneda
11474,Asian Kung-Fu Generation
11476,Machico
11476,Tropical Bu
11477,Nana Mizuki
11477,Yumiri Hanamori
11477,Yui Ishikawa
11477,Fairouz Ai
11477,Aya Hisakawa
11477,Asami Seto
11477,Rina Hidaka
11475,Yuuko Natsuyoshi
11475,Hikaru Akao
11475,Ayaka Fujii
11475,Kaori Maeda
11479,Wagakki Band
11480,Wagakki Band
11481,Trio Oohashi
11484,Yui Makino
11485,Triple Booking
11486,Triple Booking
11487,Triple Booking
11488,Triple Booking
11489,Minami Kuribayashi
11493,Isao Sasaki
11494,Ayaka Hirahara
11508,Mari Toyota
11509,millennium parade
11510,millennium parade
11511,Scott Matthew
11512,Bai Sha JAWS
11513,Fan Ka
11586,Gen Kakon
11587,EAERAN
11514,9mm Parabellum Bullet
11515,LAST ALLIANCE
11519,Aki Maeda
11520,Aki Maeda
11528,Daisuke Namikawa
11529,Hiroki Takahashi
11530,Yasuhiro Takato
11531,Yuki Kaida
11532,Masaya Onosaka
11533,Daisuke Namikawa
11534,Kyouko
11535,Satsuki
11536,Legolgel
11537,Satsuki
11539,Satomi Kihara
11540,Fumie Kusachi
11541,Miki Ishioka
11542,Naoko Watanabe
11543,Noriko Hamada
11544,Noriko Hamada
11545,The Gall Force
11546,Rheas
11547,PEARL
11548,Kahoru Kohiruimaki
11549,Shirai Takako
11553,Kyary Pamyu Pamyu
11554,Wolpis Carter
11555,Wienners
11556,Taisei Iwasaki
11556,YAHZARAH
11557,Taisei Iwasaki
11557,Shing02
11558,Mitsuko Horie
11559,EPO
11561,Laco
11574,AKEMI
11574,Takashi Tsushimi
11581,coldrain
11582,Tielle
11584,ZINGS
11585,ZINGS
11644,Nao Touyama
11677,ZINGS
11711,Sweet Pharmacy
11724,Cgrass
11733,Takuma Terashima
11733,Fumiya Imai
11747,ZINGS
11583,CHiCO
11583,HoneyWorks
11645,MIMiNARI
11645,asmi
11580,Dakota Star
11649,halca
11651,Akari Nanawo
11592,Sayuri
11650,ClariS
11593,Airi Miyakawa
11594,all at once
11588,Teppen All Stars
11589,May'n
11678,Young Wai-Wai
11596,Suara
11597,Suara
11598,Suara
11971,Suara
11602,Luminous Witches
11658,Mai Narumi
11658,Minako Hosokawa
11680,Ami Aimoto
11680,Ryou Mamiya
11697,Ryou Mamiya
11697,Sayaka Tsuzuki
11715,Rio Mamesaki
11715,Rino Yoshikita
11726,Konaka Kana
11726,Yuuki Misaki
11741,Mai Narumi
11741,Minako Hosokawa
11741,Ami Aimoto
11744,Konaka Kana
11744,Rio Mamesaki
11749,Rino Yoshikita
11749,Yuuki Misaki
11752,Mai Narumi
11752,Sayaka Tsuzuki
11756,Luminous Witches
11761,Luminous Witches
11605,Azumi Waki
11675,chat noir
11676,Miyu Tomita
11688,Yuki Nakashima
11710,Tomori Kusunoki
11723,Akari Kitou
11723,Azumi Waki
11732,chat noir
11739,chat noir
11661,Void_Chords
11662,Saori Hayami
11603,Clammbon
11604,Hack'nBerry
11667,Argonavis
11667,Jin Ogasawara
11668,Call of Artemis
11606,Non Stop Rabbit
11607,Surachans△
11608,ZAQ
11609,Mai Fuchigami
11610,Kaori Ishihara
11611,Mili
11612,Smewthie
11613,Smewthie
11758,Yuuki Tenma
11614,Aina Suzuki
11614,halca
11615,KAF
11615,KAFU
11746,Aina Suzuki
11746,Miku Hatsune
11616,DIALOGUE+
11617,harmoe
11618,Mayu Maeshima
11619,Yuka Iguchi
11620,Riko Azuna
11621,MYTH & ROID
11628,Arnór Dan
11622,Hanauta (Dai Go Ryou)
11627,cluppo
11623,Shiori Mikami
11624,Taku Yashiro
11624,Kenta Miyake
11625,YOSHIKI EZAKI
11625,Bleecker Chrome
11626,TeniPri Artistars
11629,Shou Takeyaki
11630,HAL Shibuya
11631,Creepy Nuts
11632,Creepy Nuts
11633,Chiaki Mayumura
11634,Mikako Komatsu
11635,Kana Hanazawa
11636,Kanna Nakamura
11637,Takanori Nishikawa
11653,Jizou Sonzai name-less
11638,ReoNa
11639,ClariS
11640,Half time Old
11641,SpendyMily
11821,Raon
11822,Sano ibuki
11911,the pillows
11652,Miho Okasaki
11679,Miho Okasaki
11679,Ruriko Noguchi
11693,Miho Okasaki
11693,Ruriko Noguchi
11693,Kana Yuuki
11734,Miho Okasaki
11734,Ruriko Noguchi
11734,Kana Yuuki
11734,Ayaka Fukuhara
11740,Ari Ozawa
11740,Miho Okasaki
11740,Ruriko Noguchi
11740,Kana Yuuki
11740,Ayaka Fukuhara
11656,Retbear
11657,Minori Suzuki
11748,Minori Suzuki
11659,Kaori Ishihara
11681,Little Black Dress
11660,BURNOUT SYNDROMES
11663,Azumi Waki
11664,Azumi Waki
11664,Mao Ichimichi
11664,Sumire Uesaka
11682,Sumire Uesaka
11698,Mao Ichimichi
11716,Nao Touyama
11725,Naomi Oozora
11735,Yoshino Nanjou
11665,LiSA
11666,Kazuki Yamamori
11669,Souta Hanamura
11669,Lil' Fang
11670,Gakuto Kajiwara
11685,TINGS
11686,TINGS
11718,TINGS
11738,TINGS
11671,OxT
11672,Mayu Maeshima
11673,Minami Kuribayashi
11674,Marina Horiuchi
11683,Liella!
11684,Liella!
11701,Nozomi Suzuhara
11717,Sayuri Date
11717,Liyuu
11717,Nako Misaki
11717,Naomi Payton
11717,Nagisa Aoyama
11717,Nozomi Suzuhara
11731,Wakana Ookuma
11731,Akane Yabushima
11736,Aya Emori
11742,Liella!
11745,Nagisa Aoyama
11753,Nozomi Suzuhara
11753,Wakana Ookuma
11753,Akane Yabushima
11753,Aya Emori
11757,Liyuu
11757,Naomi Payton
11797,Sayuri Date
11687,Obey Me! Boys
11689,Mikuni Shimokawa
11690,Mikuni Shimokawa
11694,≠ME
11695,Yui Horie
11699,Toshinori Yonekura
11700,Toshinori Yonekura
11702,Aya Hisakawa
11703,Kaori Honma
11704,Aya Hisakawa
11705,Aya Hisakawa
11706,Aya Hisakawa
11707,sajou no hana
11708,Saori Hayami
11709,Lit-Z
11720,i☆Ris
11721,Morfonica
11722,Morfonica
11727,Big Gadgets
11727,Aya Kamiki
11727,TAKUYA
11728,Mitsuru Matsuoka
11729,The Struts
11730,The Struts
11737,F Map
11750,Yui Makino
11751,Yui Makino
11754,Franz Ferdinand
11755,Dawid Podsiadło
11759,Rie Takahashi
11776,ACCAMER
11852,Kishida Kyoudan & The Akeboshi Rockets
11853,Maon Kurosaki
11765,GARNiDELiA
11766,Hinano
11774,SUPER BEAVER
11775,Kiro Akiyama
12011,Eve
12012,SIX LOUNGE
11777,Kano
11777,Naomi Oozora
11778,MKLNtic
11825,7ORDER
11858,Pop Shinanaide
11779,MADKID
11780,Marika Kouno
11781,BUMP OF CHICKEN
11782,yama
11783,Ziyoou-vachi
11828,krage
11784,Mika Nakashima
11831,Susumu Hirasawa
11916,Mika Nakashima
11785,Shouta Aoi
11786,Manaka Iwami
11786,Ikumi Hasegawa
11787,Hiroki Takahashi
11787,Jun Oosuka
11832,Shouta Aoi
11833,Manaka Iwami
11833,Ikumi Hasegawa
11834,Hiroki Takahashi
11834,Jun Oosuka
11893,Manaka Iwami
11893,Ikumi Hasegawa
11894,Hiroki Takahashi
11894,Jun Oosuka
12024,Hiroki Takahashi
12024,Jun Oosuka
12025,Manaka Iwami
12025,Ikumi Hasegawa
12026,Manaka Iwami
12026,Ikumi Hasegawa
12027,Hiroki Takahashi
12027,Jun Oosuka
12028,Manaka Iwami
12028,Ikumi Hasegawa
12029,Hiroki Takahashi
12029,Jun Oosuka
12030,Shouta Aoi
11763,SennaRin
11764,SennaRin
11791,YOASOBI
11838,Shiyui
11794,Aguri Oonishi
11883,Nanaka Suwa
11767,Ami Koshimizu
11768,Ami Koshimizu
11769,Ami Koshimizu
11770,Ami Koshimizu
11795,ALI
11795,Mummy-D
11796,THE SPELLBOUND
11788,Ivan Kwong
11864,De Tesla
11882,Ayahi Takagaki
11792,IDOLiSH7
11793,ZOOL
11839,Takuya Satou
11879,TRIGGER
11895,"MEZZO"""
11952,"MEZZO"""
11961,Re:vale
11973,IDOLiSH7
11973,Re:vale
12144,IDOLiSH7
11799,Leon Niihama
11800,Mai Kuraki
11846,Humbreaders
11847,hockrockb
11801,VAZZY
11802,Tarusuke Shingaki
11848,Yuusuke Kobayashi
11867,ROCK DOWN
11868,Yukitoshi Kikuchi
11884,Yoshiaki Hasegawa
11897,Yuusuke Shirai
11907,Masahiro Yamanaka
11913,Takuya Satou
11918,Taito Ban
11937,Tsubasa Sasa
11946,Shun Horie
11954,Keisuke Koumoto
11966,Takuya Masumoto
11976,VAZZY
11976,ROCK DOWN
11803,Kana Asumi
11803,Yuka Iguchi
11804,Kana Asumi
11804,Yuka Iguchi
11899,Yuka Iguchi
11936,Kana Asumi
11964,Kana Asumi
11964,Yuka Iguchi
11805,Nanahira
11806,nano
11807,Lowland Jazz
11808,OxT
11851,Asami Seto
11869,Inori Minase
11886,Suzuko Mimori
11900,Fairouz Ai
11909,Hisako Kanemoto
11914,Ayaka Asai
11920,Reina Kondou
11811,Sayaka Sasaki
11812,Minami Kuribayashi
11967,Karin Isobe
11967,You Taichi
11967,Ayano Shibuya
11967,Yuna Kamakura
11967,Saho Shirasu
11809,MOB CHOIR
11855,MOB CHOIR
11888,MOB CHOIR
11810,Gatajo DIY-bu!!
11854,Kana Ichinose
11854,Konomi Inagaki
11813,JAM Project
11813,Minami Kuribayashi
11814,V.W.P
11815,Yuka Iguchi
11816,Kashitarou Itou
11840,Nowlu
11861,Liyuu
11972,Nowlu
11817,Ton Tokoton Staff Ichidou
11818,Rina Satou
11902,Rina Satou
11968,Reina Kondou
11823,Kodai Matsuura
11824,Mana Kobayashi
12168,Yuki Sugiyama
11819,Saori Hayami
11820,Saori Hayami
11969,Annika
11826,FANTASTICS
11827,Suiyoubi no Campanella
12174,Akuma Gakkou Babyls Seito no Mina-san
11829,Kessoku Band
11830,Kessoku Band
11892,Kessoku Band
11933,Kessoku Band
11970,Kessoku Band
11836,04 Limited Sazabys
11837,Novelbright
12136,Novelbright
12137,Daiki Yamashita
12137,Yuusuke Saeki
11835,UNISON SQUARE GARDEN
11873,Shuugo Nakamura
12020,ASH DA HERO
12120,UNISON SQUARE GARDEN
11841,Isekaijoucho
11842,Hilcrhyme
11844,Mafumafu
11845,PICG
12048,syudou
12049,PICG
11849,Kenshi Yonezu
11850,Vaundy
11866,Zutto Mayonaka de Ii no ni.
11885,Maximum the Hormone
11898,TOOBOE
11908,syudou
11912,Kanaria
11917,ano
11938,TK from Ling tosite sigure
11945,Aimer
11953,PEOPLE 1
11965,Ziyoou-vachi
11975,Eve
11870,Konomi Suzuki
11871,Miku Itou
11887,Ayana Taketatsu
11887,Miku Itou
11901,Ayana Taketatsu
11901,Miku Itou
11901,Rie Takahashi
11910,Ayana Taketatsu
11910,Miku Itou
11910,Rie Takahashi
11910,Hisako Kanemoto
11915,Ayana Taketatsu
11915,Marika Kouno
11915,Miku Itou
11915,Rie Takahashi
11915,Hisako Kanemoto
11939,Miku Itou
11856,Minami
11856,SAKURAmoti
11856,MAISONdes
11857,KAF
11857,MAISONdes
11857,Tsumiki
11997,asmi
11997,MAISONdes
11997,Surii
11998,yama
11998,MAISONdes
11998,Nito.
11859,NACHERRY
11860,Ayane Sakura
11860,Chiemi Tanaka
11860,Natsumi Murakami
11860,Megumi Han
11862,Tatsuya Kitani
11863,SennaRin
11865,Tatsuya Kitani
11977,Hazel Fernandes
11872,KOTOKO
11875,Ayaka Oohashi
11875,Chisa Kimura
11875,Yoshino Aoyama
11875,Meiku Harukawa
11875,Misato Matsuoka
11896,Machico
11896,Saori Oonishi
11896,Sumire Uesaka
11896,Miharu Hanai
11896,Hiyori Nitta
11934,Lynn
11934,Minami Tsuda
11934,Chisa Kimura
11934,Miharu Hanai
11934,Miyu Yoshizaki
11974,Nozomi Yamamoto
11974,Sora Tokui
11974,Keiko Watanabe
11974,Yui Watanabe
11974,Rena Maeda
12143,Ayaka Oohashi
12143,Azusa Tadokoro
12143,Minori Suzuki
12143,Ruriko Aoki
12143,Misato Matsuoka
12178,Azumi Waki
12178,Minami Tsuda
12178,Tomoyo Takayanagi
12178,Hikaru Toono
12178,Chinami Hashimoto
12195,Akari Kitou
12195,Ayaka Oohashi
12195,Azumi Waki
12195,Azusa Tadokoro
12195,Eri Suzuki
12195,Lynn
12195,Machico
12195,Marika Kouno
12195,Minami Tsuda
12195,Minori Suzuki
12195,Nozomi Yamamoto
12195,Saori Oonishi
12195,Sora Tokui
12195,Sumire Uesaka
12195,Minami Takahashi
12195,Tomoyo Takayanagi
12195,Aya Yamane
12195,Chisa Kimura
12195,Hitomi Ueda
12195,Keiko Watanabe
12195,Hikaru Toono
12195,Misaki Watada
12195,Miharu Hanai
12195,Yui Watanabe
12195,Ruriko Aoki
12195,Mio Hoshitani
12195,Hiyori Nitta
12195,Rena Maeda
12195,Fairouz Ai
12195,Yoshino Aoyama
12195,Meiku Harukawa
12195,Misato Matsuoka
12195,Miyu Yoshizaki
12195,Shino Shimoji
12195,Chinami Hashimoto
12195,Haruno Inoue
12195,Yukina Shutou
12195,Iori Saeki
11876,Masami Okui
11877,Hikaru Utada
11880,UNISON SQUARE GARDEN
11881,Taichi Mukai
11889,YURiKA
11890,Mikako Komatsu
11903,Toshi RYUGEN
11904,"C2 Kikan ""1MYB"""
12159,"C2 Kikan ""1MYB"""
11905,ReoNa
11906,Doul
11921,Midori Karashima
11922,Rhodanthe*
11929,Rhodanthe*
11923,Wei Bo En
11924,Ziqi Zhou
11925,Liao Jialin
11926,Wang Xinyu
11930,Emi Noda
11931,KOCHO
11932,SHE'S
11935,Zutto Mayonaka de Ii no ni.
11942,Konomi Suzuki
11943,Aikawa Nanase
11947,Hitsujibungaku
11948,miwa
11949,SCREEN10
11950,WHITE ASH
11955,milet
11956,Toft Willingham
11956,Chez
11956,Jessica Gelinas
11957,King Gnu
11958,King Gnu
11959,Otomo Yoshihide LUPIN ZERO Band
11960,Otomo Yoshihide LUPIN ZERO Band
11960,Tavito Nanao
11963,[Alexandros]
11984,Takao Sakuma
11985,Nowlu
12129,nonoc
12130,Konomi Suzuki
12131,Inori Minase
12155,Nao Touyama
12162,Ayane Sakura
12194,Miku Itou
11979,Shunichi Toki
12055,Mao Abe
12056,Hanatan
12057,Sayaka Senbongi
12057,Manaka Iwami
11982,SCREEN mode
12128,Luck Life
11986,KNoCC
11986,STAND-ALONE
12060,KNoCC
11983,Luck Life
12138,Tei
12061,Maharajan
12062,Rie Takahashi
12062,Sally Amaki
12062,Rina Hidaka
12177,Kaito Ishikawa
12177,Yoshitsugu Matsuoka
12177,Kouhei Amasaki
11987,Retbear
11988,Maaya Sakamoto
11989,Saori Hayami
11990,sajou no hana
11991,Enako
11991,P-maru-sama.
11992,ONIMAI SISTERS
11993,AiRI
11993,Aki Misato
11993,Miyuki Hashimoto
11993,Sayaka Sasaki
11993,yozuca*
11993,Yui Sakakibara
11993,Ayumi.
11993,Rita
11993,Rekka Katakiri
11993,Yumi Kawamura
11993,Duca
11993,Mitsuki Nakae
11993,Nomico
11993,rino
11993,riya
11994,Saya Aizawa
11994,Mayu Sagara
11994,Yurie Kozakai
12065,Saya Aizawa
12065,Mayu Sagara
12065,Yurie Kozakai
12105,Saya Aizawa
12105,Mayu Sagara
12105,Yurie Kozakai
12154,Saya Aizawa
12154,Mayu Sagara
12154,Yurie Kozakai
11980,Yoko Ishida
11981,Aya Uchida
11981,Dai-501 Tougou Sentou Koukuudan
11995,Sizuk
11995,AYAME
11996,Maaya Uchida
12000,Aya Suzaki
12000,Shino Shimoji
12001,Yui Hizuki
11999,Minori Suzuki
12066,Sumire Morohoshi
12189,Sumire Morohoshi
12002,Nijigasaki Gakuen School Idol Doukoukai
12132,Hinaki Yano
12132,Kaori Maeda
12132,Mayu Sagara
12132,Moeka Koizumi
12132,Chiemi Tanaka
12133,Tomori Kusunoki
12133,Hinaki Yano
12133,Aguri Oonishi
12133,Natsumi Murakami
12133,Akina Houmoto
12134,Akari Kitou
12134,Hinaki Yano
12134,Miyu Kubota
12134,Maria Sashide
12134,Shuu Uchida
12181,Tomori Kusunoki
12003,Chisato Akita
12004,Nami Nakagawa
12067,Ayase
12068,DURDN
12005,PENGUIN RESEARCH
12006,Harumi
12182,Harumi
12007,DAZBEE
12008,Anna
12075,Masayoshi Ooishi
12076,Manaka Iwami
12163,Manaka Iwami
12190,Manaka Iwami
12009,Hinano
12010,Akari Kitou
12080,Lenny code fiction
12081,Momosumomosu
12463,Momosumomosu
12022,Official HIGE DANdism
12086,TUYU
12018,Sumire Uesaka
12019,Aina Suzuki
12019,Sumire Uesaka
12019,Mikako Komatsu
12019,Shiori Izawa
12014,Aimer
12078,amazarashi
12446,J'Nique Nicole
12016,UniteUp!
12017,KIKUNOYU
12082,PROTOSTAR
12157,LEGIT
12164,Anela
12176,PROTOSTAR
12183,JAXX/JAXX
12204,Magura Sukegawa
12253,Magura Sukegawa
12253,Kikunosuke Toya
12253,masa
12013,angela
12077,Azumi Waki
12077,Nene Hieda
12119,Sou
12165,Akari Kitou
12169,Akari Kitou
12169,Azumi Waki
12169,Nene Hieda
12175,Azumi Waki
12191,Nene Hieda
12021,Kaori Maeda
12085,YABI×YABI
12015,Kvi Baba
12079,Salyu
12079,haruka nakamura
12193,Salyu
12193,haruka nakamura
12034,MindaRyn
12035,Azusa Tadokoro
12036,KanoeRana
12091,Mamoru Miyano
12089,Teary Planet
12090,konoco
12039,Subway Daydream
12092,Aobanishi Koukou Juudou-bu
12158,Aobanishi Koukou Juudou-bu
12167,Aobanishi Koukou Juudou-bu
12033,Ayana Taketatsu
12088,Hakubi
12037,Lyrical Lily
12038,Aimi
12038,Risa Tsumugi
12038,Hazuki Tanda
12038,Yuuka Nishio
12038,Natsumi Hirajima
12038,Rihona Katou
12043,ARCANA PROJECT
12044,TRUE
12045,Anonymouz
12046,LMYK
12217,Survive Said The Prophet
12218,haju:harmonics
12041,Jun Fukuyama
12042,Makoto Furukawa
12096,TRD
12040,FIVE NEW OLD
12097,Meychan
12047,Philosophy no Dance
12098,Miyu Tomita
12098,Kana Ichinose
12098,MIMiNARI
12050,MORISAKI WIN
12051,Yui Nishio
12053,Kana Hanazawa
12054,DIALOGUE+
12099,Van de Shop
12125,Yuuma Uchida
12052,Kazuki Yamamori
12058,Junjou no Afilia
12059,Junjou no Afilia
12103,FRAM
12063,Yorushika
12064,GRe4N BOYZ
12069,nano
12070,Erii Yamazaki
12074,Argonavis
12074,Jin Ogasawara
12106,Sutopuri
12072,Rika Matsumoto
12073,Unshou Ishizuka
12135,Yuuji Ueda
12083,Leo Ieiri
12084,Maaya Sakamoto
12093,Hiroko Moriguchi
12094,Nakano-ke no Itsutsugo
12095,Nakano-ke no Itsutsugo
12100,Yuuki Kaji
12100,Hiro Shimono
12101,Shoutarou Morikubo
12102,Mai Fuchigami
12107,FLIP-FLAP
12108,Fine★Rein
12109,Fine★Rein
12110,FLIP-FLAP
12111,Wonder☆5
12112,Fine★Rein
12113,Wonder☆5
12114,Yuiko Oohara
12115,Rie Takahashi
12116,Rie Takahashi
12117,Rie Takahashi
12118,Rie Takahashi
12126,HYDE
12127,Lozareena
12139,LM.C
12140,Katate☆SIZE
12141,Ami Ishii
12142,Chihaya Yoshitake
12142,Ami Ishii
12387,Chihaya Yoshitake
12758,Ai Kakuma
12758,Akira Sekine
12758,Aoi Koga
12758,Ayaka Nanase
12758,Ayumu Murase
12152,Daisuke Hasegawa
12156,GARNiDELiA
12153,Dreams Come True
12171,The Cobratwisters
12172,Kyouko Endou
12173,SiM
12179,Aki Misato
12180,Hironobu Kageyama
12187,ATEEZ
12188,Joseph An
12188,Mauvy
12196,sumika
12197,miwa
12384,BLUE ENCOUNT
12385,Little Glee Monster
12251,BiSH
12252,ASOBI Doumei
12314,ASOBI Doumei
12198,millennium parade
12198,Ringo Shiina
12199,Uru
12200,KANA-BOON
12200,Yuuho Kitazawa
12201,Ryuujin Kiyoshi
12203,Takanori Nishikawa
12254,ASCA
12350,Tani Yuuki
12351,Lozareena
12202,Yorushika
12257,Lam Kohana
12211,fhána
12212,AB6IX
12982,Wienners
12984,Mr. Forte
12985,TEMPEST
12205,Aya Uchida
12206,Nanaland
12207,Reina Kondou
12208,Kitri
12209,Chiai Fujikawa
12210,Dizzy Sunfist
12214,Aina Suzuki
12266,Marina Horiuchi
12310,Yuna Taniguchi
12213,Azumi Waki
12265,Maki Kawase
12215,Gemstone7
12216,Maaya Uchida
12216,Marika Kouno
12216,Yui Fukuo
12303,Maaya Uchida
12303,Marika Kouno
12303,Sumire Uesaka
12303,Chinatsu Akasaki
12303,Yui Fukuo
12303,Nanami Yamashita
12331,Maaya Uchida
12331,Marika Kouno
12331,Sumire Uesaka
12331,Yuu Serizawa
12331,Miyu Kubota
12331,Chinatsu Akasaki
12331,Yui Fukuo
12331,Nanami Yamashita
12331,Miyu Takagi
12219,Tsukuyomi
12220,Shikao Suga
12221,PathTLive
12222,#kzn
12223,Keina Suda
12224,Rikako Aida
12225,Smewthie
12226,Smewthie
12291,Smewthie
12335,Yuuki Tenma
12227,Machico
12268,Aki Toyosaki
12268,Rie Takahashi
12269,U149
12270,U149
12271,Misaki Kuno
12295,Tomoyo Kurosawa
12300,Haruka Terui
12304,Hana Tamegai
12311,Makoto Koichi
12313,Yuri Komori
12332,Asaka Imai
12333,Natsumi Haruse
12334,U149
12337,Amina Satou
12272,Rin Kurusu
12273,Akari Kitou
12230,JUNNA
12231,edda
12232,Huwie Ishizaki
12233,OKAMOTO'S
12228,Yui Ogura
12229,Sumire Uesaka
12229,Yui Ogura
12234,Urashimasakatasen
12276,Yuuma Uchida
12276,Ryouta Oosaka
12336,Yuuma Uchida
12336,Ryouta Oosaka
12235,Masayoshi Ooishi
12236,Yurika Kubo
12237,TrySail
12279,VALIS
12329,TrySail
12238,Chogakusei
12239,DIALOGUE+
12240,Taiiku Okazaki
12241,Philosophy no Dance
12242,Akari Kitou
12242,Neko Hacker
12299,Akari Kitou
12246,Koumi Hirose
12247,Sarasa Kadowaki
12298,Sarasa Kadowaki
12243,EverdreaM
12244,THE RAMPAGE
12245,NeRIAme
12280,Miki Satou
12248,Aimi
12281,reina
12281,The 13th tailor
12249,Akari Nanawo
12250,Cody・Lee
12255,Chinatsu Matsumoto
12256,Yuu Wakui
12282,Himitsu Kessha Nirverge∀
12283,Maybe ME
12258,yama
12259,AiNA THE END
12356,YOASOBI
12260,Maria Naganawa
12260,Rico Sasaki
12260,Manaka Iwami
12260,Ikumi Hasegawa
12260,Naomi Oozora
12260,Sally Amaki
12285,Manaka Iwami
12285,Ikumi Hasegawa
12330,Rico Sasaki
12330,Naomi Oozora
12261,MAN WITH A MISSION
12261,milet
12286,MAN WITH A MISSION
12286,milet
12301,Novelbright
12302,『Yuika』
12263,MindaRyn
12264,SERRA
12312,MindaRyn
12262,Sou
12288,Inori Minase
12289,aiko
12290,Homecomings
12317,Homecomings
12267,Mamoru Miyano
12292,Yuuma Uchida
12274,Shoutarou Morikubo
12275,Mai Fuchigami
12293,YOASOBI
12294,Ziyoou-vachi
12277,PEOPLE 1
12278,Aimer
12284,asmi
12284,Chinozo
13311,Minori Suzuki
13311,Taku Yashiro
13311,Yuka Terasaki
13312,Ayane Sakura
13312,Minori Suzuki
13312,Yuka Terasaki
13313,Minori Suzuki
13313,Kenta Miyake
13313,Yuka Terasaki
13314,Minori Suzuki
13314,Yuka Terasaki
13314,Kei Shindou
13315,Minori Suzuki
13315,Yuka Terasaki
13315,Ikkyuu Juku
13316,Minori Suzuki
13316,Yoshino Aoyama
13316,Yuka Terasaki
13317,ZEROBASEONE
13318,TeddyLoid
13318,Giga
13318,Rina Matsuda
13318,Hikaru Morita
13319,yama
13319,Botchi Boromaru
13320,Minori Suzuki
13320,Taku Yashiro
13320,Yuka Terasaki
13321,Minori Suzuki
13321,Kenta Miyake
13321,Yuka Terasaki
13322,Minori Suzuki
13322,Yuka Terasaki
13322,Kei Shindou
13323,Ayane Sakura
13323,Minori Suzuki
13323,Yuka Terasaki
13324,IVE
13325,Minori Suzuki
13325,Yuka Terasaki
13325,Ikkyuu Juku
13326,Minori Suzuki
13326,Yoshino Aoyama
13326,Yuka Terasaki
13327,9Lana
12287,Sora Tokui
12287,Kanna Nakamura
12287,Hitomi Sasaki
12305,Sora Tokui
12305,Manaka Iwami
12305,Tomoyo Takayanagi
12305,Misaki Watada
12305,Kanna Nakamura
12305,Hitomi Sasaki
12305,Yukina Shutou
12305,Yuu Sasahara
12296,BIN
12297,GARNiDELiA
12406,Hinano
12430,katagiri
12470,KOHTA YAMAMOTO
12306,Machico
12307,Ai Kayano
12307,Rie Takahashi
12307,Sora Amamiya
12308,Machico
12309,Ai Kayano
12309,Rie Takahashi
12309,Sora Amamiya
12315,AiRI
12315,Aki Misato
12315,Miyuki Hashimoto
12315,Sayaka Sasaki
12315,yozuca*
12315,Yui Sakakibara
12315,Ayumi.
12315,Rita
12315,Rekka Katakiri
12315,Yumi Kawamura
12315,Duca
12315,Mitsuki Nakae
12315,Nomico
12315,rino
12315,riya
12316,Saya Aizawa
12316,Mayu Sagara
12316,Yurie Kozakai
12318,Nagi Yanagi
12319,Nao Touyama
12319,Saori Hayami
12320,Nagi Yanagi
12321,Nao Touyama
12321,Saori Hayami
12322,Nagi Yanagi
12323,Nao Touyama
12323,Saori Hayami
12324,Eir Aoi
12325,NOILION
12325,MIYAVI
12326,Void_Chords
12326,Ryohei
12326,Foggy-D
12327,Keina Suda
12328,Saucy Dog
12338,Aqours
12357,Aqours
12339,Nijigasaki Gakuen School Idol Doukoukai
12340,Nijigasaki Gakuen School Idol Doukoukai
12341,R3BIRTH
12343,MyGO!!!!!
12344,MyGO!!!!!
12345,Omoinotake
12346,Ami Sakaguchi
12451,Reina Kondou
12451,Jun Fukuyama
12347,Sangatsu no Phantasia
12348,Awkmiu
12349,angela
12386,saji
12354,Touya Kobayashi
12355,YU-KA
12352,Lezel
12353,Star★Shiμ'ne!!!
12358,SawanoHiroyuki[nZk]
12358,Laco
12359,Yuiko Oohara
12364,Ayaka Oohashi
12365,ChouCho
12362,MADKID
12363,Nenne
12366,Megatera Zero
12367,Azusa Tadokoro
12368,sana
12369,YuNi
12370,Kaori Ishihara
12401,Akiho Suzumoto
12360,Yuiko Oohara
12361,Yuiko Oohara
12402,Tsuzuri
12403,Masayoshi ga Megane wo Wasureta
12407,BRADIO
12408,Peel the Apple
12410,Riria.
12411,Kashitarou Itou
12374,CLASS:y
12375,Anna
12371,Tsukuyomi
12414,ChoQMay
12372,Tatsuya Kitani
12373,Soushi Sakiyama
12461,King Gnu
12462,Hitsujibungaku
12378,Nasuo☆
12379,Yuki Nakashima
12376,Ayase
12376,R-shitei
12377,Reol
12516,Masaki Suda
12516,TOKYO SKA PARADISE ORCHESTRA
12517,KID PHENOMENON
12380,Rei Nakashima
12416,Nao Touyama
12381,halca
12436,Amber's
12464,Amber's
12417,Kujira Yumemi
12417,Mimizuku & Fukurou
12418,Kujira Yumemi
12418,Shachi Tsumugi
12459,Mion Yano
12382,Aile The Shota
12383,GRe4N BOYZ
12419,somei
12420,asmi
12421,GYROAXIA
12437,Hina Aoki
12388,Half time Old
12422,OCHA NORMA
12389,Nora
12390,Airi Miyakawa
12391,May'n
12392,SMILE PRINCESS
12393,w.o.d.
12394,You Kamiyama
12395,Aimi
12396,Sumire Uesaka
12396,Yuu Serizawa
12396,Aimi
12396,Madoka Asahina
12396,Nanami Yamashita
12423,Yuu Serizawa
12423,Aimi
12423,Nanami Yamashita
12438,Sumire Uesaka
12438,Madoka Asahina
12424,KANA-BOON
12425,Shiyui
12397,Natsuki Hanae
12397,Ayumi Mano
12398,Nasuo☆
12426,Kaede Higuchi
12427,Akane Kumada
12434,LONGMAN
12435,Yuiko Oohara
12469,Ai Kayano
12399,luz
12428,Kana Hanazawa
12489,Kana Hanazawa
12400,Kujira Yoru no Machi
12429,ARCANA PROJECT
12439,STEREO DIVE FOUNDATION
12404,Hiroki Nanami
12405,saji
12501,Aimi
12502,KanoeRana
12409,GRANRODEO
12449,Luck Life
12412,ClariS
12413,Sasanomaly
12432,nonoc
12433,sajou no hana
12450,Aoi Yuuki
12458,Sumire Uesaka
12460,Tomori Kusunoki
12475,Sora Amamiya
12415,nano.RIPE
12431,Liyuu
12440,Akari Kitou
12441,KanoeRana
12442,KanoeRana
12443,Saori Hayami
12444,Akari Kitou
12457,KanoeRana
12448,TRUE
12453,Mie Sonozaki
12453,Kaya Matsutani
12453,Hisayoshi Suganuma
12453,Ayaka Saitou
12453,Sanae Kobayashi
12453,Junko Minagawa
12454,Kaya Matsutani
12454,Hisayoshi Suganuma
12455,Ayaka Saitou
12455,Sanae Kobayashi
12456,Mie Sonozaki
12456,Junko Minagawa
12466,RADWIMPS
12467,RADWIMPS
12467,Toaka
12471,Yoshino Nanjou
12472,Nagi Yanagi
12473,Masayoshi Ooishi
12474,Akari Kitou
12476,YOASOBI
12477,milet
12478,milet
12663,Yorushika
12479,Kanjani∞
12480,LMYK
12481,Himika Akaneya
12549,Yuu Serizawa
12549,MOTSU
12482,ulma sound junction
12583,Watashi Kobayashi
12768,saji
12769,Watashi Kobayashi
12483,Miracle Chimpanzee
12484,FZMZ
12543,CHiCO
12682,Reol
12682,FZMZ
12683,ReoNa
12544,Johnny’s WEST
12545,Johnny’s WEST
13143,WEST.
13144,WEST.
12514,flumpool
12515,Aoi Kubo
12485,Nana Mizuki
12486,angela
12547,Kanae
12548,Tasuku Hatanaka
12487,EverdreaM
12488,EverdreaM
12490,Soraru to Rib
12491,Nulbarich
12492,Yuu Serizawa
12492,Karin Nanami
12493,Yuu Serizawa
12555,Karin Nanami
12603,Yuu Serizawa
12603,Karin Nanami
12494,B-PROJECT
12495,B-PROJECT
12595,Kitakore
12615,KiLLER KiNG
12616,THRIVE
12617,MooNs
12618,Ultras
12622,Kitakore
12622,MooNs
12637,KiLLER KiNG
12637,THRIVE
12642,Ultras
12496,saji
12497,Miho Okasaki
12498,BAE
12565,BAE
12565,The Cat‘s Whiskers
12565,cozmez
12565,Akanyatsura
12566,BURAIKAN
12630,Okujou no Tomodachi
12632,BAE
12499,Aira Yuuki
12563,Aina Suzuki
12645,Aira Yuuki
12500,Official HIGE DANdism
12567,HEY-SMITH
12503,OxT
12568,Ikumi Hasegawa
12596,Maaya Uchida
12600,Mayu Minami
12605,Ryouko Maekawa
12619,Mayu Maeshima
12629,Shichikage
12646,OxT
12504,Yui Hizuki
12569,Saori Hayami
12507,PathTLive
12508,#kzn
12647,PathTLive
12520,Hinaki Yano
12570,Hinaki Yano
12570,Yuuko Natsuyoshi
12570,Sayumi Suzushiro
12570,Hina Tachibana
12570,MAKIKO
12570,Akina
12571,Ayaka Oohashi
12571,Azumi Waki
12571,Machico
12571,Marika Kouno
12571,Saori Oonishi
12571,Hinaki Yano
12571,Chisa Kimura
12571,Hitomi Ueda
12601,Hinaki Yano
12614,Hina Tachibana
12640,Hinaki Yano
12640,Hina Tachibana
12650,Ayaka Oohashi
12650,Azumi Waki
12650,Azusa Tadokoro
12650,Eri Suzuki
12650,Machico
12650,Marika Kouno
12650,Saori Oonishi
12650,Hinaki Yano
12650,Sachika Misawa
12650,Manaka Iwami
12650,Yuuko Natsuyoshi
12650,Sayumi Suzushiro
12650,Aya Yamane
12650,Chisa Kimura
12650,Hitomi Ueda
12650,Ikumi Hasegawa
12650,Kaori Maeda
12650,Hikaru Toono
12650,Misaki Watada
12650,Miharu Hanai
12650,Yuri Noguchi
12650,Ruriko Aoki
12650,Masumi Tazawa
12650,Hiyori Nitta
12650,Hina Tachibana
12650,Ayasa Itou
12650,Konomi Inagaki
12650,Kaya Okuno
12650,MAKIKO
12650,Akina
12650,Rui Tanabe
12509,Shouko Nakagawa
12572,Aoi Koga
12510,ELAIZA
12511,Alisa
12505,NORISTRY
12506,Konomi Suzuki
12512,JUNNA
12513,Yuyu
12518,Kroi
12519,KOTORI
12521,MADKID
12575,Chiai Fujikawa
12634,Rina Hidaka
12522,Mili
12523,Yuki Nakashima
12524,Maaya Uchida
12576,AliA
12525,Division All Stars
12526,Buster Bros!!!
12579,MAD TRIGGER CREW
12788,Bad Ass Temple
12789,Dotsuitare Honpo
12790,Matenrou
12791,Fling Posse
12792,Division All Stars
12527,MYTH & ROID
12528,ReoNa
12633,Ayahi Takagaki
12529,Hana Hope
12530,Who-ya Extended
12531,Hikari Kodama
12532,ClariS
12533,Nagi Yanagi
12580,KOTOKO
12781,Eri Suzuki
12534,Ado
12535,Vaundy
12535,Cory Wong
12536,Fujifabric
12537,Lenny code fiction
12538,Sumire Uesaka
12539,KanoeRana
12540,SennaRin
12590,somei
12541,Ikimonogakari
12542,Cure Quartet
12546,Nako Misaki
12592,Kaede Hondo
12592,Maria Naganawa
12592,Miyu Tomita
12592,Ayaka Asai
12592,Asami Seto
12643,Sumire Uesaka
12550,UNISON SQUARE GARDEN
12551,hockrockb
12552,Miku Itou
12553,SoundOrion
12554,Kaco
12593,Shoutarou Uzawa
12593,Reiou Tsuchida
12593,Yuuki Obara
12624,Shouta Hayama
12625,Hayato Doujima
12625,Saitama Kenritsu Urawa Koukou Glee Club
12626,Tatsumaru Tachibana
12627,Shoutarou Uzawa
12627,Subaru Kimura
12628,Youji Ikuta
12628,Yuuri Ise
12635,Shouta Hayama
12635,Kazumasa Fukagawa
12636,Nao Nakanishi
12636,Makoto Kaneko
12636,Popper-kun
12641,Shoutarou Uzawa
12641,Reiou Tsuchida
12641,Yuuki Obara
12641,Shouta Hayama
12641,Subaru Kimura
12641,Youji Ikuta
12641,Yuuri Ise
12641,Kazumasa Fukagawa
12641,Makoto Kaneko
12767,Shoutarou Uzawa
12767,Reiou Tsuchida
12767,Yuuki Obara
12767,Shouta Hayama
12767,Subaru Kimura
12767,Youji Ikuta
12767,Yuuri Ise
12767,Kazumasa Fukagawa
12767,Nao Nakanishi
12767,Makoto Kaneko
12556,MindaRyn
12594,Nao Touyama
12594,Shino Shimoji
12599,Nao Touyama
12602,Shino Shimoji
12557,Chiai Fujikawa
12558,Kaho
12559,Inori Minase
12560,Yuuma Uchida
12561,Masayuki Suzuki
12561,Reni Takagi
12562,Airi Suzuki
12564,Akari Kitou
12564,Yuuri Yoshida
12564,Mai Kanazawa
12564,Chitose Morinaga
12573,Ryuujin Kiyoshi
12574,Anly
12577,Ziyoou-vachi
12578,Kairi Yagi
12748,Shiyui
12749,OKAMOTO'S
12581,fripSide
12582,Tomori Kusunoki
12582,MIMiNARI
12584,FLOW
12585,Momosumomosu
12586,ASCA
12587,Myuk
12588,katagiri
12589,harmoe
12591,MILLIONSTARS
12612,MILLIONSTARS
12620,MILLIONSTARS Team2nd
12631,MILLIONSTARS Team4th
12649,MILLIONSTARS
12597,Ryokuoushoku Shakai
12598,AiNA THE END
12676,Uru
12677,wacci
12606,Takuma Terashima
12607,TRUE
12608,Takuma Terashima
12609,Azusa Tadokoro
12610,Takuma Terashima
12611,Miho Okasaki
12621,Sayaka Horino
12638,Bai Sha JAWS
12639,Bai Sha JAWS
12639,Fan Ka
12648,Yurika Kubo
12651,Aina Suzuki
12652,Leola
12652,EXILE NESMITH
12653,Sizuk
12654,harmoe
12703,DIALOGUE+
12704,DIALOGUE+
12765,DIALOGUE+
12655,NACHERRY
12656,Aoi Koga
12656,Fuuka Izumi
12656,Shiori Sugiura
12780,Minami Tsuda
12780,Aoi Koga
12780,Yuuka Aisaka
12780,Fuuka Izumi
12780,Shiori Sugiura
12657,Akari Kitou
12658,Maaya Uchida
12659,Hilcrhyme
12660,Anna Suzuki
12661,JUVENILE
12662,Mao Abe
12664,Yu Takahashi
12665,nishina
12666,You Kamiyama
12667,Muto
12668,Novelbright
12669,ChoQMay
12670,AYAME
12671,AliA
12672,Creepy Nuts
12673,Shiritsu Ebisu Chuugaku
12674,Atarayo
12675,Lam Kohana
12678,Ireisu
12679,Ireisu
12684,Yui Nishio
12685,JYOCHO
12787,Yui Nishio
12686,Ivudot
12687,GLASGOW
12688,FIVE NEW OLD
12689,Raon
12690,ARCANA PROJECT
12691,STEREO DIVE FOUNDATION
12692,Keina Suda
12693,Natsuki Hanae
12693,Kenjirou Tsuda
12732,Kento Itou
12801,syudou
12802,Kaori Maeda
12938,Akari Kitou
12938,Ayane Sakura
12694,Taiyou to Odore Tsukiyo ni Utae
12695,Kaori Ishihara
12696,shallm
12697,LEEVELLES
12698,Hanatan
12735,Mayu Maeshima
12736,Fairouz Ai
12736,Rina Hidaka
12699,sajou no hana
12700,Konomi Suzuki
12701,Yui Ishikawa
12702,Maju Arai
12705,ZAQ
12706,Yui Ninomiya
12766,Yui Ninomiya
12782,ZAQ
12707,Koe Ni Naranaiyo
12708,Chiaki Kobayashi
12708,Ryouta Suzuki
12709,BUMP OF CHICKEN
12710,Ryokuoushoku Shakai
12811,sumika
12812,Regal Lily
12711,Gekkan Mousou Kagaku Henshuu-bu
12741,Shunichi Toki
12712,MAISONdes
12712,Hashimero
12712,Megurimeguru
12713,SAKURAmoti
12713,9Lana
12866,MAISONdes
12866,Nito.
12866,Maria Miki
12867,MAISONdes
12867,Nito.
12867,Ayuni D
12714,Sokoninaru
12744,Yoshino Nanjou
12715,MADKID
12745,Aguri Oonishi
12716,Tei
12746,Aina Suzuki
12717,waterweed
12718,ChouCho
12719,Ryouhei Sataka
12719,RIRIKO
12719,otonari
12720,Rie Takahashi
12747,Fukushi Ochiai
12759,Jun Kasama
13149,Jun Fukushima
13149,Youhei Azakami
13150,Rie Takahashi
13150,Ryouta Iwasaki
13151,Rie Takahashi
13152,Fukushi Ochiai
13152,Kimiko Saitou
13153,Yume Miyamoto
13154,Ryouta Iwasaki
13155,Rie Takahashi
13155,Youhei Azakami
13156,Takehito Koyasu
13156,Ryousuke Takahashi
13157,Kimiko Saitou
13158,Rie Takahashi
13158,Kimiko Saitou
12721,Kroi
12722,Mahiru Coda
12723,TOMORROW X TOGETHER
12723,SawanoHiroyuki[nZk]
12724,krage
12924,TOMORROW X TOGETHER
12924,SawanoHiroyuki[nZk]
12725,UVERworld
12726,Mulasaki Ima
12727,Shunichi Toki
12728,THE BINARY
12729,Cocco
12730,Maaya Sakamoto
12731,Singer's High
12733,Masayoshi Ooishi
12734,Asaka
12737,YU-KA
12738,DAZBEE
12739,MindaRyn
12740,KEIKO
12742,Kenichi Suzumura
12743,Ryouta Suzuki
12743,Youhei Azakami
12793,Kenichi Suzumura
12750,V.W.P
12751,Morfonica
12752,DeNeel
12753,Novel Core
12754,Nana Mizuki
12755,Sumire Uesaka
12756,Ling Tosite Sigure
12757,EGOIST
12760,Shizuka Itou
12760,Rina Satou
12760,Hisako Kanemoto
12760,Ami Koshimizu
12760,Kotono Mitsuishi
12761,Daoko
12762,Ayane Sakura
12762,Marina Inoue
12762,Nana Mizuki
12762,Saori Hayami
12763,Daoko
12764,Shizuka Itou
12764,Rina Satou
12764,Hisako Kanemoto
12764,Ami Koshimizu
12764,Kotono Mitsuishi
12770,Chihaya Yoshitake
12771,Ami Ishii
12771,Moeha Nochimoto
13028,Ami Ishii
13028,Moeha Nochimoto
13065,Ami Ishii
13065,Moeha Nochimoto
13180,Chihaya Yoshitake
13180,Moeha Nochimoto
13484,Ami Ishii
12772,Nakano-ke no Itsutsugo
12773,Nakano-ke no Itsutsugo
12774,Little Glee Monster
12775,MOONCHILD
12776,JO1
12777,zakinosuke.
12783,coldrain
12784,Jessica Gelinas
12945,coldrain
12946,Toft Willingham
12947,Toft Willingham
12785,ONE OK ROCK
12786,aespa
13688,L'Arc~en~Ciel
13689,Perfume
13690,TOMORROW X TOGETHER
13691,Ado
13691,Jax Jones
14421,i-dle
14422,imase
14603,aoen
12794,Yui Ogura
12878,SoundOrion
12797,Rei Nakashima
12798,Rokudenashi
12799,CHANSUNG
12799,AK-69
12799,CHANGMIN
12800,EverdreaM
12803,Kaede Higuchi
12804,Akane Kumada
12805,Hana Hope
12806,ClariS
12913,Hana Hope
12976,Aimer
12977,NeRIAme
12809,INI
12810,Souma Saitou
12810,Takuya Satou
12810,Tarusuke Shingaki
12810,Ayumu Murase
12810,Tomoaki Maeno
12810,Kousuke Toriumi
12810,Atsushi Tamaru
12810,Seiichirou Yamashita
12810,Yuuki Tai
12810,Daisuke Sakaguchi
12807,Takaya Kawasaki
12808,Mone Kamishiraishi
12813,Kiminone
12814,Asaka
12815,natori
12816,Young Kee
12817,The Brow Beat
12818,Sayaka Yamamoto
12819,Sexy Zone
12820,Mina Okabe
12821,Wanuka
12822,Meiyo Densetsu
12823,Nijigasaki Gakuen School Idol Doukoukai
12824,STEREO DIVE FOUNDATION
12825,Rin Kurusu
12955,Momoiro Clover Z
12956,MindaRyn
13168,STEREO DIVE FOUNDATION
12826,TOGENASHI TOGEARI
12827,Rina Uchiyama
12827,Yuri
12875,TOGENASHI TOGEARI
12909,Shin Kawasaki (Kari)
12929,Shin Kawasaki (Kari)
12937,TOGENASHI TOGEARI
12951,TOGENASHI TOGEARI
12828,Sacra e sole
12829,TOKYO GROOVE JYOSHI
12829,Rika Hayashi
12830,ALI
12830,Hannya
12831,Umeda Cypher
13056,Umeda Cypher
13057,ALI
13057,MaRI
12832,Pii
12833,Aoi Kubo
12834,GRe4N BOYZ
12897,meiyo
13469,THE ALFEE
13470,Sayaka Yamamoto
12835,Nasuo☆
12836,Ayumi Mano
12954,Ayumi Mano
12958,Natsuki Hanae
12958,Ayumi Mano
12837,TRUE
12892,Kana Hanazawa
12884,TRUE
12885,Kitauji Quartet
12839,Koresawa
12840,Mamiko Noto
12840,Shinichirou Miki
12841,FANTASTICS
12922,Kana Ichinose
12842,Hina Tachibana
12898,AliA
12843,DIALOGUE+
12899,Rie Kugimiya
12844,P-maru-sama.
12845,Minori Fujidera
12845,Sae Hiratsuka
12846,MADKID
12847,Takayoshi Tanimoto
12848,Rico Sasaki
12900,Saika Kitamori
12900,Azusa Aoi
12900,Umino Kawamura
12900,Rena Hasegawa
12900,Riho Sugiyama
12900,Minami Hinata
12849,Mrs. GREEN APPLE
12850,Macaroni Enpitsu
12851,Tei
12852,Arika
12853,Shouta Aoi
12854,Aimi
12855,Miku Itou
12855,Moe Toyota
12902,Miku Itou
12856,Yorushika
12857,Yuyu
12858,Nonoka Oobuchi
12859,Machico
12901,Ai Kayano
12901,Rie Takahashi
12901,Sora Amamiya
12860,MA55IVE THE RAMPAGE
12861,Crab Kani Club
12862,sweet ARMS
12903,Miyu Tomita
14700,Miyu Tomita
12863,MindaRyn
12864,Asaka
12865,Eri Sasaki
12868,ChouCho
12869,Ankou Team
12870,Ankou Team
12871,Ai Furihata
12872,Maaya Uchida
12872,Souma Saitou
12873,LiSA
12874,Kairi Yagi
13382,Sangatsu no Phantasia
13383,ASCA
12876,Shiny Colors
12877,L'Antica
12910,Alstroemeria
12926,Houkago Climax Girls
12930,illumination STARS
12944,Shiny Colors
12957,Shiny Colors
12879,Kana Sasakura
12915,Hana Shimano
12943,Sui Mizukami
14606,Sui Mizukami
14607,Kana Sasakura
12880,Saucy Dog
12881,Akiko Shikata
12882,KanoeRana
12883,Anna Tsurushima
12914,JELEE
12927,JELEE
12931,JELEE
12886,Tatsuya Kitani
12887,Akari Nanawo
12888,Ikimonogakari
12889,CHiCO
13087,fripSide
13087,Yoshino Nanjou
13088,ASOBI Doumei
12890,Hitorie
12891,Yuiko Oohara
12923,Shion Wakayama
12973,Yuiko Oohara
12893,nano
12894,LIL LEAGUE
12895,Abydos Koutougakkou Taisaku Iinkai
12896,Abydos Koutougakkou Taisaku Iinkai
12904,SiM
12905,BAND-MAID
12908,BURNOUT SYNDROMES
12908,Nao Touyama
12925,Tomori Kusunoki
12911,Nana Mizuki
12912,SCANDAL
12916,YUNGBLUD
12917,ONEREPUBLIC
12918,otoha
12919,SID
12920,Sou
12921,Miho Okasaki
12932,TK from Ling tosite sigure
12933,Omoinotake
13058,Yuuri
13059,ZARAME
12934,Ryan Brahms
12935,Lena Leon
12936,MY FIRST STORY
12936,HYDE
12939,MY FIRST STORY
12939,HYDE
12948,Chiwa Saitou
12948,Emiri Katou
12948,Rina Hidaka
12949,Aoi Koga
12949,Ayasa Itou
12949,Reo Kurachi
12949,Rina Hidaka
12952,Kana Nakada
12952,Pon no Michi All Stars
12953,halca
12959,KOHTA YAMAMOTO
12959,Shun Ikegai
12960,KOHTA YAMAMOTO
12960,Maya Akechi
12961,ano
12961,Lilas Ikuta
12962,ano
12962,Lilas Ikuta
13146,ano
13146,Lilas Ikuta
12963,AA=
12964,AA=
12965,BLUE ENCOUNT
12966,KyoungSeo
12967,Ayaka Oohashi
12969,Mori Calliope
12970,Sora Tokino
12971,Miisha Shimizu
12974,PassCode
12975,Nao Touyama
12975,Shino Shimoji
13072,Kotori Koiwai
13097,Ayumu Murase
13119,Mamiko Noto
13125,Sayumi Suzushiro
13137,Shinichirou Miki
13162,Hitomi Ueda
13162,Kotori Koiwai
12978,Akira Kushida
13040,Chiai Fujikawa
12979,Vivarush
12980,issey
13275,Travis Japan
13276,Aina Aiba
12981,Sumire Uesaka
12983,Sumire Uesaka
13047,Sumire Uesaka
13074,Sumire Uesaka
13083,Sumire Uesaka
13103,Sumire Uesaka
13114,Sumire Uesaka
13114,KAF
13120,Sumire Uesaka
13133,Sumire Uesaka
13139,Sumire Uesaka
13142,Sumire Uesaka
13160,Sumire Uesaka
13163,Sumire Uesaka
12986,GEMN
12987,Hitsujibungaku
12988,Chihiro Yonekura
12989,Chihiro Yonekura
12990,Chihiro Yonekura
12991,Yuka Imai
12991,Kyouko Hikami
12992,Yumi Matsuzawa
12993,Yumi Matsuzawa
12994,fhána
13085,Kitri
12995,GOHOBI
12996,Saori Hayami
13176,GOHOBI
12997,Ikusaburo Yamazaki
12998,Amber's
12999,Suiyoubi no Campanella
13000,Rikon Densetsu
13001,Anna Suzuki
13002,Utahime Dream All Stars
13003,Hikari Kodama
13004,Aglio Olio e Peperoncino
13005,Kujira
13006,nishina
13006,Kujira
13007,Meychan
13008,Akari Kitou
13008,Kaori Maeda
13170,Soraru
13171,Akari Kitou
13171,Sayumi Suzushiro
13171,Kaori Maeda
13171,Sayumi Watabe
13009,LiSA
13010,GEMS COMPANY
13169,Marina Kawano
13011,TrySail
13012,Akari Nanawo
13013,NACHERRY
13055,Liyuu
13014,Sutopuri
13015,MyGO!!!!!
13016,Nako Misaki
13017,Marina Horiuchi
13018,Amatsuki
13019,May'n
13145,SMILE PRINCESS
13020,YOASOBI
13075,Kana Hanazawa
13075,Saori Hayami
13339,Saori Hayami
13339,Yuka Iguchi
13021,Ayasa Itou
13060,REAL AKIBA BOYZ loves Kasumi Taguchi & AiRyA from REAL AKIBA BAND
13061,Ayasa Itou
13061,Miyu Kubota
13061,Rena Hasegawa
13076,Sora Tokui
13076,Ayasa Itou
13076,Ayaka Fukuhara
13076,Miyu Kubota
13076,Rena Hasegawa
13086,Aya Uchida
13086,Sora Tokui
13086,Madoka Asahina
13086,Ayasa Itou
13086,Ayaka Fukuhara
13086,Miyu Kubota
13086,Rena Hasegawa
13110,Aya Uchida
13110,Sora Tokui
13110,Yuka Iguchi
13110,Madoka Asahina
13110,Ayasa Itou
13110,Kotori Koiwai
13110,Ayaka Fukuhara
13110,Miyu Kubota
13110,Rena Hasegawa
13116,Aya Uchida
13116,Sora Tokui
13116,Yuka Iguchi
13116,Madoka Asahina
13116,Kaori Maeda
13116,Ayasa Itou
13116,Kotori Koiwai
13116,Ayaka Fukuhara
13116,Miyu Kubota
13116,Rena Hasegawa
13116,Aino Shimada
13122,Aya Uchida
13122,Sora Tokui
13122,Yuka Iguchi
13122,Madoka Asahina
13122,Kaori Maeda
13122,Ayasa Itou
13122,Kotori Koiwai
13122,Mikoi Sasaki
13122,Ayaka Fukuhara
13122,Miyu Kubota
13122,Rena Hasegawa
13122,Aino Shimada
13135,Demo Tabe-tai
13022,Ikimonogakari
13023,Little Glee Monster
13077,Aoi Koga
13077,Hikari Kubota
13077,Naomi Oozora
13077,Ryouta Yano
13077,Souma Maeda
13077,Rika Momokawa
13024,DISH//
13025,Botchi Boromaru
13026,Eve
13027,ammo
13029,Da-iCE
13030,Boku ga Mitakatta Aozora
13290,THE RAMPAGE
13291,Emi Noda
13031,PENGUIN RESEARCH
13066,TRUE
13167,Jun Futamata
13032,Shika-bu
13033,Megumi Han
13033,Saki Fujita
13166,Saki Fujita
13034,NiziU
13035,NiziU
13036,PoMPoMs
13037,PoMPoMs
13082,PoMPoMs
13164,PoMPoMs
13038,Ayane Sakura
13039,Ayane Sakura
13067,Ayane Sakura
13067,Yuu Kobayashi
13079,Machico
13091,Live-ON CAST
13111,Ai Kayano
13117,Yuu Kobayashi
13117,Sumire Morohoshi
13124,Sayaka Kikuchi
13136,Saku Mizuno
13141,Mao Ichimichi
13159,Ayaka Oohashi
13161,Azusa Tadokoro
13165,Live-ON CAST
13041,Tebasaki Sensation
13042,GOHOBI
13043,Genin wa Jibun ni Aru.
13044,Lezel
13045,Mai Nakahara
13045,Yuuki Ono
13046,Kashitarou Itou
13073,Mayu Maeshima
13048,Maaya Uchida
13049,Maaya Uchida
13049,Moeha Nochimoto
13084,Maaya Uchida
13084,Moeha Nochimoto
13050,AliA
13118,Sizuk
13051,Ai Kayano
13051,Hitomi Ueda
13051,Hina Youmiya
13051,Fairouz Ai
13051,Yuina Itou
13052,Ikumi Hasegawa
13099,Hina Youmiya
13138,Hitomi Ueda
13138,Hina Youmiya
13138,Fairouz Ai
13138,Yuina Itou
13053,Hakubi
13098,Chogakusei
13054,ASCA
13121,LMYK
13062,Hikaru Toono
13078,Botchi Boromaru
13078,Mossa
13115,Shion Wakayama
13140,Momoka Terasawa
13175,Botchi Boromaru
13175,Mossa
13063,GLAY
13064,BAND-MAID
13068,MIYAVI
13069,Hikari Mitsushima
13070,FLOW
13070,Yasuharu Takanashi
13092,Mamoru Miyano
13071,majiko
13080,Nogizaka46
13081,22/7
13123,Hikaru Akao
13224,Mami Yanagi
13089,Ryan Brahms
13090,Lena Leon
13093,STEREO DIVE FOUNDATION
13094,Hiroki Nanami
13272,Rainy.
13095,Unlucky Morpheus
13096,SUSU
13147,Urbangarde
13148,ELFENSJóN
13100,coldrain
13101,Tielle
13102,Tielle
13104,Inori Minase
13104,Maaya Uchida
13104,Nao Touyama
13104,Yurika Kubo
13104,Asami Seto
13104,Atsumi Tanezaki
13105,Gen Hoshino
13106,Official HIGE DANdism
13107,Mamoru Miyano
13108,millennium parade
13108,Kaho Nakamura
13109,Kaho Nakamura
13112,The Birthday
13113,10-FEET
13126,imase
13132,Sambomaster
13134,YOASOBI
13172,ASCA
13173,MIMiNARI
13173,Yuuho Kitazawa
13177,HEY-SMITH
13178,Jin Dogg
13179,Uki Satake
13181,Yuki Tanaka
13239,PassCode
13182,Amagami Sanshimai
13256,Momoiro Clover Z
13464,Amagami Sanshimai
13465,≠ME
13183,KOHTA YAMAMOTO
13183,SAIKI
13184,KOHTA YAMAMOTO
13184,AAAMYYY
13185,Liyuu
13186,Rin Kurusu
13187,SG
13188,Takuya Sugimoto
13189,Inori Minase
13190,KanoeRana
13191,Konomi Suzuki
13269,Konomi Suzuki
13270,MYTH & ROID
13328,Rie Takahashi
13578,Aya Yamane
13192,Kidella
13273,emBLEm=ADLER
13193,Nanashi no Taro
13194,LEEVELLES
13195,Official HIGE DANdism
13196,Eve
13348,Macaroni Enpitsu
13349,TOMOO
13197,Creepy Nuts
13198,Zutto Mayonaka de Ii no ni.
13199,GRe4N BOYZ
13200,sajou no hana
13201,HY
13202,IBERIs&
13203,Yoshino
13204,KUJIRAGI
13205,LUN8
13279,EverdreaM
13206,Setsuko
13207,Setsuko
13340,XAI
13208,&TEAM
13209,Klang Ruler
13427,Hiroji Miyamoto
13428,imase
13210,Tatsuya Kitani
13210,natori
13211,NOMELON NOLEMON
13425,yama
13425,WurtS
13426,ZARAME
13212,Tomori Kusunoki
13282,ReoNa
13337,ReoNa
13338,Tomori Kusunoki
13341,ReoNa
13213,Mafumafu
13214,syudou
13215,Shiny Colors
13283,Straylight
13216,PUFFY to Tsuide ni TOOBOE
13284,halca
13217,Nasuo☆
13218,ASOBI Doumei
13219,Sacra e sole
13220,TOKYO GROOVE JYOSHI
13342,TOKYO GROOVE JYOSHI
13342,Rika Hayashi
13221,SIX LOUNGE
13222,Suisou
13223,sanetii
13225,Reol
13287,Yobahi
13226,UNISON SQUARE GARDEN
13227,Snow Man
13228,tricot
13229,DUSTCELL
13230,Sakanaction
13231,Yorushika
13444,Yorushika
13232,Hina Tachibana
13233,Sizuk
13233,Kotoha
13234,Nanahira
13235,ano
13236,Riria.
13237,Stray Kids
13238,Stray Kids
13240,pachae
13241,Ms.OOJA
13242,UVERworld
13243,Hana Hope
13244,Yuu Sasahara
13245,Yuu Sasahara
13246,Yuu Serizawa
13246,MOTSU
13247,Himika Akaneya
13248,Lezel
13249,P-maru-sama.
13250,Liella!
13251,Sayuri Date
13295,Sayuri Date
13295,Yuina
13295,Sakura Sakakura
13307,Wakana Ookuma
13307,Akane Yabushima
13308,Aya Emori
13329,Liella!
13330,Liyuu
13330,Naomi Payton
13331,Sakura Sakakura
13335,Nako Misaki
13336,Yuina
13345,Nagisa Aoyama
13345,Nozomi Suzuhara
13346,Liella!
13347,Liella!
13252,Riinu
13253,yabai T-shirts yasan
13254,MADKID
13255,Hikaru Makishima
13257,Maaya Sakamoto
13258,Nao Touyama
13259,THE ORAL CIGARETTES
13260,Yoshino
13261,Humbreaders
13262,hockrockb
13263,Hinata Kashiwagi
13264,Toshiki Kondou
13265,Aguri Oonishi
13266,Nanaka Suwa
13267,Four Eight 48
13268,『Yuika』
13401,Sou
13402,REAL AKIBA BOYZ
13271,Hanatan
13297,sajou no hana
13277,Van de Shop
13278,96neko
13280,HaKoniwalily
13280,HoneyWorks
13281,GOHOBI
13285,Masayoshi Ooishi
13286,Taiyou to Odore Tsukiyo ni Utae
13447,Enako
13447,Kayoko Kusano
13288,LiSA
13289,otoha
13377,Awich
13378,CVLTE
13292,BPM15Q
13293,MindaRyn
13293,Void_Chords
13294,DOBERMAN INFINITY
13353,MindaRyn
13353,Void_Chords
13354,iScream
13296,Akari Kitou
13296,Yuuri Yoshida
13296,Mai Kanazawa
13296,Chitose Morinaga
13298,REAL AKIBA BOYZ loves Kasumi Taguchi & AiRyA from REAL AKIBA BAND
13299,Demo Tabe-tai
13300,Zedd
13300,C&K
13301,Zedd
13301,AI
13302,SPYAIR
13303,THE JET BOY BANGERZ
13454,Umeda Cypher
13455,osage
13304,Shiyui
13305,sekai
13306,Mugiwara no Ichimi
13309,Mugiwara no Ichimi
13310,BE:FIRST
13384,Mayumi Tanaka
13384,HIKAKIN & SEIKIN
13504,Maki Ootsuki
13504,Fubuki Shirakami
13504,Marine Houshou
13504,Watame Tsunomaki
13676,Hiroshi Kitadani
13676,Kiara Takanashi
13676,Baelz Hakos
13676,Kobo Kanaeru
13332,issei
13333,YU-KA
13343,Megu Sakuragawa
13344,GuilDrops
13350,SawanoHiroyuki[nZk]
13350,Laco
14133,SawanoHiroyuki[nZk]
14133,Jean-Ken Johnny
14133,TAKUMA
14166,13.3g
13351,Kentaro Seino
13352,otonari
13355,DIALOGUE+
13356,harmoe
13357,Aimer
13358,Anly
13358,Gospellers
13359,Aglio Olio e Peperoncino
13359,Yukihana Lamy
13360,TrySail
13361,HANABIE.
13474,miwa
13362,Masayoshi Ooishi
13362,Airi Suzuki
13363,Moeka Yahagi
13827,HAM
13364,Kayoko Yoshizawa
13413,Rib
13556,ALI PROJECT
13365,=LOVE
13366,Hinaki Yano
13366,Sayumi Suzushiro
13366,Nene Hieda
13475,Hinaki Yano
13481,Nene Hieda
13493,Sayumi Suzushiro
13538,Kaori Maeda
13539,Hinaki Yano
13539,Sayumi Suzushiro
13539,Kaori Maeda
13539,Nene Hieda
13367,Nonoka Oobuchi
13368,Poka Poka Ion
13369,LiSA
13369,Felix
13370,TK from Ling tosite sigure
13559,TOMORROW X TOGETHER
13559,SawanoHiroyuki[nZk]
13371,amazarashi
13372,Shiyui
13373,HY
13374,Akari Kitou
13374,Fairouz Ai
13440,Akari Kitou
13440,Fairouz Ai
13482,Akari Kitou
13482,Fairouz Ai
13375,REAL AKIBA BOYZ loves Shouko Nakagawa
13376,Hinaki Yano
13476,Manatsu Murakami
13483,Hinaki Yano
13534,Hina Kino
13534,Hinaki Yano
13534,Fairouz Ai
13534,Saya Aizawa
13379,Jun Fukuyama
13380,DIALOGUE+
13381,Sou
13461,BAND-MAID
13387,MOSHIMO
13388,Riria.
13389,Kashitarou Itou
13390,Miyuki Nakajima
13392,Riria.
13460,Kashitarou Itou
13393,Irohanihohetto AyaFubuMi
13394,Kaori Maeda
13535,Rikako Aida
13395,Polkadot Stingray
13396,pachae
13397,Mili
13398,LIPxLIP
13399,saji
13400,Miho Okasaki
13403,TRUE
13404,Arika
13405,SHISHAMO
13406,Satou.
13407,XIIX
13408,Humbreaders
13409,Mao Uesugi
13466,Yoshino Nanjou
13768,THE SIXTH LIE
13410,&TEAM
13411,&TEAM
13412,Ikue Ootani
13414,Asaka
13473,Kiminone
13415,ALI
13416,BREIMEN
13417,Ave Mujica
13418,Ave Mujica
13540,Ave Mujica
13419,ASTERISM
13420,22/7
13421,Cider Girl
13422,Mao Ichimichi
13422,Kazuhiko Inoue
13541,Mao Ichimichi
13541,Kazuhiko Inoue
13423,Yoshiki Fukuyama
13423,AKINO from bless4
13424,AKINO from bless4
13429,INI
13503,Marcy
13430,Asian Kung-Fu Generation
13431,Sokoninaru
13432,Rico Sasaki
13433,Kaede Higuchi
13433,Kanae
13434,Lilas Ikuta
13435,Dai Hirai
13572,Mrs. GREEN APPLE
13573,Omoinotake
13436,310
13437,Akari Nanawo
13438,GARNiDELiA
13439,Hina Tachibana
13442,Vaundy
13443,Conton Candy
13514,Vaundy
13445,Rie Kitagawa
13446,Rie Takahashi
13446,Saori Hayami
13446,Yui Horie
13448,Kenshi Yonezu
13449,neguse.
13450,BLUE ENCOUNT
13451,Botchi Boromaru
13452,L.E.I.
13453,Yuki Tanaka
13658,Yuki Tanaka
13703,Yuki Tanaka
13456,Masayoshi Ooishi
13457,Akari Kitou
13458,Rentarou Family
13459,Lynn
13459,Rie Takahashi
13459,Amane Shindou
13459,Kanon Takao
13500,Lynn
13500,Rie Takahashi
13500,Suzuko Mimori
13500,Amane Shindou
13500,Kanon Takao
13462,Masaaki Endou
13463,Mamoru Miyano
13467,Mayu Maeshima
13468,sajou no hana
13471,Mika Nakashima
13472,Anonymouz
13477,UniteUp!
13478,LEGIT
13496,PROTOSTAR
13511,JAXX/JAXX
13545,Anela
13546,PROTOSTAR
13560,UniteUp!
13561,Five Bitter from UniteUp!
13694,Sweet Six from UniteUp!
13479,Hikaru Makishima
13480,Aya Uchida
13485,Nijigasaki Gakuen School Idol Doukoukai
13486,Nijigasaki Gakuen School Idol Doukoukai
13487,Nijigasaki Gakuen School Idol Doukoukai
13488,Nijigasaki Gakuen School Idol Doukoukai
13489,Nijigasaki Gakuen School Idol Doukoukai
13490,Nijigasaki Gakuen School Idol Doukoukai
13491,Nijigasaki Gakuen School Idol Doukoukai
13492,Kaori Maeda
13494,Aika Kobayashi
13494,Aina Suzuki
13494,Youko Hikasa
13494,Shuka Saitou
13494,Kanako Takatsuki
13494,Nanaka Suwa
13494,Anju Inami
13494,Rikako Aida
13494,Arisa Komiya
13494,Ai Furihata
13495,SPYAIR
13497,Akane Kumada
13497,Chihaya Yoshitake
13497,Ami Ishii
13498,Natsumi Takamori
13498,Minami Takahashi
13498,Misato Matsuoka
13778,Yoshino Nanjou
13778,Natsumi Takamori
13778,Minami Takahashi
13778,Miharu Hanai
13778,Misato Matsuoka
13945,Yoshino Nanjou
13945,Natsumi Takamori
13945,Minami Takahashi
13945,Miharu Hanai
13945,Misato Matsuoka
13946,Yoshino Nanjou
13946,Natsumi Takamori
13946,Minami Takahashi
13946,Miharu Hanai
13946,Misato Matsuoka
13499,Chiaki Satou
13512,Wataten☆5
13513,Wataten☆5
13517,Kessoku Band
13518,Kessoku Band
13519,Kessoku Band
13520,Kessoku Band
13536,Kis-My-Ft2
13537,Hina Aoki
13542,Mr.Children
13558,Tasuku Hatanaka
13558,Chiaki Kobayashi
13562,MeseMoa.
13606,LOT SPiRiTS
13563,GENIC
13564,Maaya Uchida
13564,Ikumi Hasegawa
13564,Fairouz Ai
13564,Mayu Sagara
13564,Momoko Seto
13717,GENIC
13718,Seiya Matsumuro
13565,Marika Itou
13566,Masami Okui
13566,Bonjour Suzuki
13624,Makoto Furukawa
13567,KALA
13568,seiza
13569,SixTONES
13570,Shytaupe
13571,HaKoniwalily
13571,HoneyWorks
13633,Hina Tachibana
13574,V.W.P
13575,MIYAVI
13576,Ziyoou-vachi
13577,Umeda Cypher
13579,Who-ya Extended
13653,ASCA
13729,J'Nique Nicole
13580,Kento Nakajima
13581,BILLY BOO
13582,Suiyoubi no Campanella
13664,mekakushe
13714,mekakushe
13715,mekakushe
13583,ulma sound junction
13584,Nowlu
13585,Yorushika
13586,Nagi Yanagi
13587,BLUE ENCOUNT
13588,otoha
13733,Kairi Yagi⚡Denon Yuugi
13591,Takanori Nishikawa
13592,FLOW
13593,Yuuma Uchida
13594,Gran★MyStar
13595,YOASOBI
13636,Aooo
13731,Hashimero
13732,yutori
13781,Who-ya Extended
13782,ALI
13596,Yuuji Ueda
13597,SawanoHiroyuki[nZk]
13597,Rei
13641,SennaRin
13704,Eliana
13951,SawanoHiroyuki[nZk]
13951,SennaRin
13951,Rei
13598,Serena Kouzuki
13599,Brave Mental Orchestra
13600,Cö shu Nie
13600,HYDE
13601,Ryugujo
13602,[Alexandros]
13603,Tomoyo Takayanagi
13604,Shuugo Nakamura
13605,Megumi Ogata
13607,Konomi Suzuki
13637,Konomi Suzuki
13880,Konomi Suzuki
13881,Aimi Tanaka
13881,Konomi Kohara
13897,Runa Mizutani
13608,harmoe
13713,Sizuk
13713,Harutya
13609,Zutto Mayonaka de Ii no ni.
13610,shallm
13611,Kocchi no Kento
13612,yutori
13613,Nana Mizuki
13671,Yuuma Uchida
13705,Sora Amamiya
13705,Shizuka Ishigami
13614,HoneyWorks
13614,KAF
13615,Sizuk
13616,EbuHosu Players
13740,Tasuku Hatanaka
13741,Hiro Shimono
13742,Hidenobu Kiuchi
13743,Nobuhiko Okamoto
13744,Yuuichirou Umehara
13617,NACHERRY
13642,Shiunji-ke no Kodomotachi
13618,Maaya Sakamoto
13619,Aoi Teshima
13620,Suisei Hoshimachi
13655,Kenshi Yonezu
13716,TM NETWORK
13724,Maria Miki
13621,aiko
13654,aiko
13702,Romi Park
13622,P-maru-sama.
13622,Minori Fujidera
13623,Cho Tokimeki ♡ Sendenbu
13625,Riria.
13626,WON
13627,Saba Sister
13628,Etsuko Kozakura
13628,Harumi Momo
13734,ako
13735,Etsuko Kozakura
13735,Harumi Momo
13629,Saishu Mirai Shoujo
13630,Nagi Fujisaki
13631,yama
13632,9Lana
13634,BAND-MAID
13635,Little Glee Monster
13638,asmi
13661,Reira Ushio
13639,Yui Ogura
13640,Aguri Oonishi
13719,Aoi Yuuki
13643,Maebashi Witches
13644,Maebashi Witches
13645,Kana Hanazawa
13646,HaKoniwalily
13646,HoneyWorks
13647,bokula.
13648,sorato
13649,Anthos
13650,Anthos
13651,Hatenkou Fuufu
13652,Kecori
13656,Emi Noda
13657,STU48
13659,tota
13660,Laura day romance
13662,Cinephoto-bu
13663,halca
13665,NEE
13666,Hilcrhyme
13666,Ikumi Nakasone
13873,[Alexandros]
13874,FAKE TYPE.
13667,Wanuka
13668,Ms.OOJA
13669,Orange Range
13670,Fukurow note
13749,Tatsuya Kitani
13674,Orcheria
13675,Orcheria
13706,Azusa Tachibana
13867,Band Snatch
13958,Nana Mizuki
14045,Orcheria
14046,Orcheria
14120,Orcheria
14121,Orcheria
14238,Orcheria
14239,Orcheria
14249,Band Snatch
14250,Akari Kitou
14250,Miku Itou
13678,Nakano-ke no Itsutsugo
13679,Nakano-ke no Itsutsugo
13692,Bai Sha JAWS
13693,AK Liu Zhang
13695,Machico
13696,Ai Kayano
13696,Rie Takahashi
13696,Sora Amamiya
13697,Sumire Uesaka
13697,Yui Ogura
13697,Yuri Fujimoto
13697,Haruna Fukushima
13698,Eri Suzuki
13698,Minami Tsuda
13698,Minori Suzuki
13698,Nozomi Yamamoto
13698,Sora Tokui
13698,Sumire Uesaka
13698,Yui Ogura
13698,Manaka Iwami
13698,Tomoyo Takayanagi
13698,Chisa Kimura
13698,Misaki Watada
13698,Kanna Nakamura
13698,Eriko Matsui
13698,Hitomi Sasaki
13698,Yukina Shutou
13698,Iori Saeki
13698,Yuu Sasahara
13698,Yuri Fujimoto
13698,Haruna Fukushima
13698,Saki Kousaka
13698,Sakura Kasuga
13701,Clémentine
13701,d!ego
13708,AiNA THE END
13709,Sayuri
13712,Maju Arai
13720,MEGU
13721,MEGU
13722,BaBe
13723,BaBe
13727,Keiko Lee
13728,Keiko Lee
13736,Kamasi Washington
13737,The Boo Radleys
13738,AiNA THE END
13739,WurtS
13745,Dannie May
13747,Cho Tokimeki ♡ Sendenbu
13748,Hitsujibungaku
13840,Hitsujibungaku
13751,ano
13752,Tele
13753,Tenrou-gun
13754,Tenrou-gun
13906,Miharu Hanai
13755,-Shintenchi Kaibyaku Shudan- Zigzag
13756,Chilli Beans.
13757,4s4ki
13831,Mahiru Coda
13758,Meiyo Densetsu
13759,Misaki
13760,Creepy Nuts
13761,Creepy Nuts
13762,Who-ya Extended
13763,9Lana
13764,『Yuika』
13765,PEDRO
13988,shallm
13989,Yurina Hirate
13766,Gakuto Kajiwara
13767,ChouCho
13769,V.W.P
13770,V.W.P
13885,Isekaijoucho
13886,Rim
13887,Harusaruhi
13888,Koko
13915,KAF
13916,Rim
13916,Koko
13917,Harusaruhi
13917,Isekaijoucho
13918,V.W.P
13919,V.W.P
13771,Haruka Shiraishi
13771,Hitomi Ueda
13771,Iori Saeki
13844,Yoshino
13772,Ami Maeshima
13773,Miho Okasaki
13774,Conton Candy
13775,Sora Amamiya
13892,Aya Yamane
13893,Konomi Kohara
13935,Touko Kirishima
13947,Reina Ueda
13968,Konomi Kohara
13968,Sora Amamiya
13968,Aya Yamane
13968,Reina Ueda
13776,Tatsuya Kitani
13777,Reira Ushio
13950,Hitomi Miyahara
13779,Furui Riho
13780,TOMOO
13956,Dámaso Pérez Prado
13957,Yuu Yamaguchi
13783,TWS
13783,Ayumu Imazu
13858,GLASGOW
13784,krage
13785,Myuk
13786,Mamiko Suzuki
13787,Kei Sugawara
13788,Nanahira
13789,Shounan no Kaze
13789,Atarashii Gakkou no Leaders
13790,May'n
13790,SEAMO
13791,Akari Nanawo
13852,Philosophy no Dance
13792,Sally Amaki
13792,Reo Osanai
13793,Sally Amaki
13794,Xilinnayi Gao
13795,Araki
13865,Chihiro Yonekura
13796,Rei Yasuda
13797,Hana Hope
13798,BRADIO
13799,Aina Aiba
13800,Taiiku Okazaki
13801,Kana Hanazawa
13801,Tomokazu Sugita
13802,Oisicle Melonpan
13803,Yoshino Aoyama
13803,Hiyori Miyazaki
13804,Rico Sasaki
13805,Takuma Terashima
13806,THE YELLOW MONKEY
13807,WANIMA
13808,TEMPEST
13809,Miyu Kaneko
13810,Ryushen
13819,Vell
13819,Noa
13811,syudou
13859,Aile The Shota
13859,Mirin Sheeno
13812,Yuu Sasahara
13843,Yuu Sasahara
13813,Masayoshi Ooishi
13814,Akari Kitou
13815,ClariS
13816,Regal Lily
13817,asmi
13818,22/7
13820,DA PUMP
13821,Hitomi from Atarayo
13821,Matsuno-ke 6 Kyoudai
13822,Mayu Maeshima
13823,Ellie Goulding
13824,MADKID
13862,Chiai Fujikawa
13825,Nichiyoubi no MAISONdes
13826,Yurina Amami
13828,m-flo
13828,Adee A.
13868,TeddyLoid
13868,Taku Takahashi
13868,Ashley
13868,E.V.P
13829,Reina Washio
13830,Nonpy
13832,OSHIKIKEIGO
13833,DXTEEN
13834,imase
13835,NOA
13836,KANA-BOON
13837,otoha
13838,ReoNa
13839,Hana Itoki
13841,Spira Spica
13842,PiKi
13845,Paledusk
13846,DUSTCELL
14029,Mori Calliope
14030,Karanoah
13847,Vaundy
13848,TOOBOE
13849,THE ORAL CIGARETTES
13866,BAND-MAID
13986,Chougakusei
13987,eill
13850,Kroi
13851,go!go!vanillas
13853,Haikara Rouman-dan
13854,Bankara Shineitai
13855,Nagano-ken Ikkokukan Koukou Bowling-bu
13856,Taiyou to Odore Tsukiyo ni Utae
13899,Yuuho Kitazawa
13900,Aira Yuuki
13901,Azami
13904,Tokura-ke no Hime-tachi
13905,Nagi Yanagi
12940,Linked Horizon
12941,Linked Horizon
12942,Ai Higuchi
13857,Naoto Inti Raymi
13860,Kaede Higuchi
13861,Nako Misaki
13863,CHANMINA
13864,Newspeak
13869,0C from CODE OF ZERO
13869,Cameron Earnshaw
13870,AYUKO SAITO
13871,Yuki Yumeno
13876,Rie Ayase
13875,Temarizawa Koukou A cappella-bu
13877,Ayumu Imazu
13878,LE SSERAFIM
13883,Aurora
13884,ONEREPUBLIC
13908,ONEREPUBLIC
13909,Aimer
13910,LiSA
13911,Shion
13912,Susumu Ueda
13913,Skirt
13914,Masayoshi Ooishi
13914,SPECIAL OTHERS
13977,HOKUTO
13936,Morfonica
13937,Poppin'Party
13938,Roselia
13939,MyGO!!!!!
13940,Morfonica
13941,"Hello, Happy World!"
13942,Pastel*Palettes
13943,Mugendai Mewtype
13944,RAISE A SUILEN
13953,Afterglow
13954,Ave Mujica
13959,Keina Suda
13960,Daiki Yamashita
13960,Tasuku Hatanaka
13961,FANTASTICS
13962,iScream
13963,Ado
14115,Ado
13964,Kubota Toshinobu
13965,Kubota Toshinobu
13966,Kaya
13967,Utahime Dream All Stars
13969,Yoshino
13970,Reina Ueda
14072,Fairouz Ai
14122,Yui Ishikawa
13971,Nornis
13972,Nakigoto
13973,Uru
14019,Hana Hope
14020,Hana Hope
13974,Ayane Sakura
13974,Miku Itou
13974,Aimi
13974,Rico Sasaki
13974,Aina Aiba
13974,Hina Youmiya
13974,Ami Maeshima
13974,Raychell
13974,Amane Shindou
13974,Arale
13975,angela
13976,Ami Maeshima
13978,TRiDENT
13979,TRiDENT
13980,AVAM
13981,Shunichi Toki
13982,CHiCO
13982,HoneyWorks
13983,Shiyui
13984,Karubi Akami
13985,Lam Kohana
13990,Mega Shinnosuke
13991,Saba Sister
13992,yama
13993,Soushi Sakiyama
13994,Myuk
14049,Conton Candy
13995,MADKID
13996,Ai Tomioka
14571,iLiFE!
14572,YENA
14573,KISS OF LIFE
13997,Kujira
13998,KAFUNÉ
13999,Porno Graffitti
14031,BUMP OF CHICKEN
14000,Perfume
14002,10-FEET
14003,Tomoyo Takayanagi
14003,Naomi Oozora
14004,Hashimero
14005,Sangatsu no Phantasia
14006,Harutya
14007,Nao Touyama
14073,Nao Touyama
14073,Ami Koshimizu
14008,Kishida Kyoudan & The Akeboshi Rockets
14009,Yuka Nagase
14010,Sizuk
14010,AYAME
14011,Akari Kitou
14012,Tei
14106,Nowlu
14013,Kiro Akiyama
14014,aruma
14015,Suiyoubi no Campanella
14016,nishina
14017,GANG PARADE
14018,Yuuma Uchida
14021,ZAQ
14022,KAF
14023,Kiyono Yasuno
14024,i☆Ris
14025,Caho
14026,Yui Nishio
14027,TeddyLoid
14027,Shigeru Matsuzaki
14027,TOPHAMHAT-KYO
14028,TeddyLoid
14028,Ryoji Tokito
14032,VESPERBELL
14033,BONNIE PINK
14125,VESPERBELL
14034,Spitz
14035,Lilas Ikuta
14036,JAM Project
14036,BABYMETAL
14037,Makoto Furukawa
14038,HaKoniwalily
14038,HoneyWorks
14039,Nagi Yanagi
14039,Sizuk
14040,Galileo Galilei
14041,ChoQMay
14042,MIYAVI
14043,"Fear, and Loathing in Las Vegas"
14044,Shiori Sasaki
14047,Cent Chihiro Chittiii
14048,chelmico
14050,H△G
14051,Minami Tanaka
14051,H△G
14052,KID PHENOMENON
14053,Zerofrom
14054,Nao Touyama
14055,Nao Touyama
14056,Katsuyuki Konishi
14057,Nao Touyama
14057,Katsuyuki Konishi
14058,CHiCO
14058,HoneyWorks
14059,You Kamiyama
14060,Kenshi Yonezu
14061,Kenshi Yonezu
14061,Hikaru Utada
14064,Kucci
14065,Cider Girl
14066,BE:FIRST
14067,ELSEE
14068,SI-VIS
14069,SI-VIS
14070,Botchi Boromaru
14071,LONGMAN
14076,Miku Hatsune
14077,Leo/need
14077,MORE MORE JUMP!
14077,Vivid BAD SQUAD
14077,Wonderlands×Showtime
14077,"25-ji, Nightcord de."
14077,VIRTUAL SINGERS
14100,Kodai Matsuura
14101,Haku.
14102,Motohiro Hata
14103,Wanuka
14104,Ikuko
14105,Da Capo
14107,UtaGe!
14108,Palette Parade
14109,Aoi Yuuki
14109,Satoshi Hino
14109,Yuusuke Kobayashi
14109,Jun Fukushima
14110,Konomi Suzuki
14110,Kashitarou Itou
14111,Ikimonogakari
14112,Sora Tomonari
14113,Minami
14114,Masatoshi Ono
14116,Night Ravens
14117,Natsuki Hanae
14117,Chiaki Kobayashi
14117,Tatsuyuki Kobayashi
14117,Ryouta Suzuki
14117,Seiichirou Yamashita
14118,TeddyLoid
14118,MAISONdes
14118,Giga
14118,Kobo Kanaeru
14118,Teto Kasane
14119,Ling Tosite Sigure
14123,Da-iCE
14124,YZERR
14126,Masayuki Suzuki
14126,Aoi Koga
14127,Aoi Koga
14130,Official HIGE DANdism
14131,F/ACE
14172,F/ACE
14132,Towa Tokoyami
14167,Nowlu
14134,ALI
14134,Awich
14221,Ken Yokoyama
14135,GRANRODEO
14208,Takuma Terashima
14136,YOASOBI
14137,YOASOBI
14138,TOMOO
14139,Bialystocks
14140,Yuu.
14141,Natsumi Kiyoura
14142,SUPER★DRAGON
14143,Azusa Tachibana
14144,Isekaijoucho
14145,katagiri
14145,KOHTA YAMAMOTO
14146,Yuu Serizawa
14146,HoneyWorks
14146,Sae Hiratsuka
14146,Rin Kusumi
14146,Yuuki Yamamoto
14147,Hikari Kodama
14148,Surii
14149,Shytaupe
14150,Yuu Serizawa
14150,MOTSU
14151,Himika Akaneya
14152,HoneyWorks
14152,Hanon
14227,HoneyWorks
14227,Kotoha
14153,Sou
14224,Watashi Kobayashi
14154,Rosu
14155,Ms.OOJA
14289,Ms.OOJA
14290,Rosu
14156,King Gnu
14157,jo0ji
14158,Suisei Hoshimachi
14207,Soala
14263,Momoko Seto
14159,Kaori Ishihara
14160,Ayaka Oohashi
14160,Misaki Kuno
14160,Akio Ootsuka
14286,Ayaka Oohashi
14286,Misaki Kuno
14161,kobore
14222,MORISAKI WIN
14162,Yoshino
14223,Hiyori Omiya
14252,Iori Noguchi
14252,Momo Sakurai
14252,Aimi Ozawa
14163,blank paper
14226,ONE OR EIGHT
14164,Rei Nakashima
14165,Nonoka Oobuchi
14261,Nonoka Oobuchi
14169,Dris Day
14211,Chiai Fujikawa
14170,Hikaru Makishima
14171,Hina Suguta
14173,YU-KA
14173,Reina Washio
14229,Yukari Tamura
14174,Kaori Ishihara
14225,Mao Abe
14175,Akari Kitou
14176,Kana Hanazawa
14177,PassCode
14178,Yuki Tanaka
14179,ME:I
14180,berry meet
14181,Takanori Nishikawa
14214,Survive Said The Prophet
14251,Survive Said The Prophet
14251,Masato
14443,Diggy-MO`
14182,ano
14183,FOMARE
14184,Atarayo
14230,Kaya
14185,ENHYPEN
14186,ENHYPEN
14217,ENHYPEN
14187,Sizuk
14187,AYAME
14188,TAO
14188,SAK
14189,Haru Igarashi
14190,Miyu Kaneko
14191,Masayoshi Ooishi
14192,Maria Naganawa
14192,Saori Oonishi
14192,Sora Amamiya
14192,Rui Tanabe
14253,Rui Tanabe
14193,TOOBOE
14194,Mulasaki Ima
14195,UNISON SQUARE GARDEN
14196,UNISON SQUARE GARDEN
14197,Noa
14198,PAS TASTA
14198,Eriko Hashimoto
14199,Isekaijoucho
14200,Azusa Tachibana
14200,TAO
14200,SAK
14201,Ryosuke Yamada
14202,Soushi Sakiyama
14203,Ayahi Takagaki
14203,Yu Shirota
14204,Ayahi Takagaki
14204,Yu Shirota
14205,Tatsuya Kitani
14205,BABYMETAL
14206,Ziyoou-vachi
14209,ILLIT
14210,『Yuika』
14212,B-Komachi
14213,CHANMINA
14231,natori
14215,Mrs. GREEN APPLE
14216,milet
14278,milet
14218,yosugala
14219,Porno Graffitti
14220,You Ooizumi
14228,SPYAIR
14279,SPYAIR
14232,NIKO NIKO TAN TAN
14233,EXILE TAKAHIRO
14234,Ami Ishii
14235,Akane Kumada
14235,Yuuka Masui
14684,Akane Kumada
14684,Yuuka Masui
14725,Chihaya Yoshitake
14725,Yuuka Masui
14236,HANA
14237,Conton Candy
14240,Xiao Yuan
14241,Official HIGE DANdism
14242,ako
14243,Komaru Kurikoma
14244,TOMOO
14244,BREIMEN
14245,Rikon Densetsu
14246,THE ORAL CIGARETTES
14247,Ayumu Imazu
14248,haruka nakamura
14248,urara
14255,V.W.P
14256,RealRomantic
14257,Hina Aoki
14260,Megumi Takamoto
14281,Orangestar
14312,Orangestar
14282,Daruma Rollin'
14283,Tetsuya Takahashi
14284,Eir Aoi
14285,ZAQ
14287,Novelbright
14288,Polkadot Stingray
14291,Masayoshi Ooishi
14292,Manaka Iwami
14379,Manaka Iwami
14454,Haruka Shiraishi
14454,Kenshou Ono
14454,Manaka Iwami
14454,Taku Yashiro
14454,Taito Ban
14455,Manaka Iwami
14293,Eir Aoi
14294,CiON
14485,Eir Aoi
14486,Daoko
14487,Azusa Tadokoro
14295,Ami Maeshima
14338,Aimi
14444,Aimi
14444,Yuuto Uemura
14296,Keisuke Kuwata
14360,Keisuke Kuwata
14297,(K)NoW_NAME
14298,(K)NoW_NAME
14299,SIX LOUNGE
14300,22/7
14301,Vivarush
14302,FUWAMOCO
14303,majiko
14304,ARCANA PROJECT
14305,Eve
14305,suis
14306,Nakamura Hak
14420,Nakamura Hak
14442,Nakamura Hak
14308,SEVENTEEN
14309,765 MILLION ALLSTARS
14310,Aya Suzaki
14310,Shino Shimoji
14311,Yui Hizuki
14313,Ryushen
14314,Phantom Siita
14315,Asaka
14316,HoneyWorks
14316,Airi Suzuki
14317,Yoshino
14318,Kento Nakajima
14318,Yasuyuki Okamura
14319,Kouzou Murashita
14320,Bubblegum Brothers
14321,Scha Dara Parr
14321,Kenji Ozawa
14403,Barbee Boys
14404,Yasuha
14405,PRINCESS PRINCESS
14406,Seikima II
14322,osage
14332,MEminor
14323,reGretGirl
14324,Koresawa
14325,yonige
14326,Sayumi Suzushiro
14361,Miyu Tomita
14362,Minako Kotobuki
14374,Yurina Amami
14402,Yoshino Aoyama
14441,Maki Kawase
14449,Fujifabric
14327,Shytaupe
14328,asmi
14329,Konomi Suzuki
14329,Ashnikko
14339,MYTH & ROID
14339,TK from Ling tosite sigure
14448,Rie Takahashi
14748,Konomi Suzuki
14330,CHiCO
14330,HoneyWorks
14331,PompadollS
14333,ASH DA HERO
14340,Shiyui
14334,ASCA
14337,Spira Spica
14560,Akari Nanao
14561,Shouko Nakagawa
14335,i-dle
14336,sunsoogirl
14457,Yuu Serizawa
14341,Sophià la Mode
14342,Mugendai Mewtype
14343,Chou Ten-chan
14344,Tatsuya Kitani
14345,Chou Ten-chan
14380,Rina Kawaguchi
14456,KOTOKO
14346,Daoko
14347,Marika Kouno
14347,Yuu Sasahara
14347,Yurie Igoma
14348,Airi Miyakawa
14349,RLOEVO
14350,Faulieu.
14351,Aogiri Koukou
14352,ILLIT
14353,Lulu to Lilly
14354,Onegai Kanae-tai
14355,Iginari Touhoku San
14356,Tajigen Seigyo Kikou Yodaka
14357,Shion Wakayama
14358,Shuukatsu Club
14359,shallm
14363,Mayu Maeshima
14364,sajou no hana
14365,Maaya Uchida
14366,miko
14367,Retroriron
14368,Garakuta
14369,Sakurazaka46
14370,Pilaf Alien
14371,Emi Nitta
14371,Eriko Kawakami
14371,Minori Toyonaga
14371,Kurumi Yano
14372,Hime Hashimura
14373,Ireisu
14375,Vaundy
14376,yama
14511,Masanori Otoda
14512,Kei Sugawara
14377,Yorushika
14378,Lucky Kilimanjaro
14536,Kroi
14537,muque
14381,Sora Amamiya
14382,Nakigoto
14383,Asian Kung-Fu Generation
14384,BURNOUT SYNDROMES
14385,Little Glee Monster
14386,Erika Ikuta
14597,Kana Nishino
14598,adieu
14387,Mirai Skirt*
14388,Miyu Irino
14389,JYOCHO
14390,Penthouse
14391,CANDY TUNE
14595,Abunoumaru Class
14392,Galileo Galilei
14393,Manami Kakudo
14394,aespa
14395,RIIZE
14396,Yurina Hirate
14397,AKASAKI
14400,Skirt to ODD Foot Works
14401,ako
14407,eill
14408,Sizuk
14409,NEE
14410,niina
14411,tuki.
14412,Ai Higuchi
14413,Lilas Ikuta
14414,Kis-My-Ft2
14415,TRUE
14669,20th Century
14670,Reina Ueda
14416,Baby Canta
14417,SUPER★DRAGON
14418,Tatsuya Kitani
14419,Leina
14423,sweet ARMS
14424,Kayoko Tsumita
14424,Risako Murai
14424,Midori Tsukimiya
14436,sweet ARMS
14439,sweet ARMS
14440,Kaori Sadohara
14445,MARIA
14446,AKB48
14447,Delta Goodrem
14450,Hana Hope
14451,Mika Nakashima
14452,Choutokkyuu
14453,『Yuika』
14538,Yuiko Oohara
14539,Mika Nakashima
14663,Yuiko Oohara
14690,Yuiko Oohara
14726,Yuiko Oohara
14466,Kaya
14467,Utahime Dream All Stars
14458,Rumi Ookubo
14458,Yume Miyamoto
14459,Shuugo Nakamura
14470,Nakuru Aitsuki
14470,Itsuki Natsume
14471,Yukimura.
14472,Omoinotake
14473,Omoinotake
14474,Minami Tsuda
14474,Mutsumi Tamura
14474,Momoka Terasawa
14474,Masaki Terasoma
14475,REIRIE
14683,Masaaki Endou
14479,Kenshou Ono
14482,Mugendai Mewtype
14483,Mugendai Mewtype
14460,FLOW
14478,TrySail
14480,SPYAIR
14481,ReoNa
14476,Wasureranneyo
14477,Necry Talkie
14723,Necry Talkie
14724,Wasureranneyo
14461,Macaroni Enpitsu
14462,hockrockb
14575,METANICK
14576,HaKoniwalily
14576,HoneyWorks
14577,sajou no hana
14578,MEISHOHIKOKAI
14484,Kaya
14579,CROWN HEAD
14580,Tatsuya Kitani
14581,Regal Lily
14582,DISH//
14583,Reira Ushio
14491,Romanha Marshmallow
14492,ChoQMay
14493,ORCALAND
14494,KOTOKO
14509,PelleK
14510,DIALOGUE+
14465,suis
14496,shallm
14505,SiM
14506,I Don't Like Mondays.
14507,THE JET BOY BANGERZ
14508,WOLF HOWL HARMONY
14497,SEKAI NO OWARI
14498,Ziyoou-vachi
14495,NOMELON NOLEMON
14596,Aooo
14503,ClariS
14504,Ikusaburo Yamazaki
14555,Nana Mizuki
14556,Hina Aoki
14499,syudou
14499,Yusei Yagi (FANTASTICS)
14500,Marine Houshou
14501,Riria.
14502,sorato
14601,angela
14602,Ami Maeshima
14513,SWEET STEADY
14514,Uketsu
14520,7co
14521,Mega Shinnosuke
14609,Genin wa Jibun ni Aru.
14610,emunimini
14515,Redhair Rosy
14516,Inner Journey
14517,Rentarou Family
14518,Rentarou Family
14727,Kaede Hondo
14727,Maria Naganawa
14727,Miyu Tomita
14727,Ayaka Asai
14727,Asami Seto
14614,Luna Goami
14615,Ginger Root
14687,Meiji Ishin Denki Shoujo Gakudan
14527,Ikimonogakari
14612,Hana Hope
14519,Yui Sakakibara
14611,Miyuki Hashimoto
14586,The Canbellz
14587,Itsuka Saisei
14587,Dr. Washington
14522,BUDDiiS
14523,ClaWn
14524,Motohiro Hata
14525,Yui Sakurai
14528,Yui Ogura
14529,Aguri Oonishi
14548,Momoiro Clover Z
14549,i☆Ris
14530,INUWASI
14531,Onkan Lemonade
14532,DIALOGUE+
14533,harmoe
14534,FUNKY MONKEY BΛBY'S
14535,MAMESHiBA NO TAiGUN
14540,HANABIE.
14648,halca
14543,ReoNa
14649,sajou no hana
14691,Yui Ishikawa
14691,Asami Seto
14550,neNna
14541,King Gnu
14542,millennium parade
14714,Astha Zylah
14546,Dannie May
14547,Karanoah
14544,Haku.
14545,KI_EN
14551,Hiroki Nanami
14656,Miisha Shimizu
14749,Nana Mizuki
14750,Ryu Matsuyama
14750,Yuuko Andou
14552,Mayu Maeshima
14653,MYTH & ROID
14651,MYTH & ROID
14652,Aoi Yuuki
14557,Souma Saitou
14557,Youhei Azakami
14559,Lia
14658,AVAM
14562,Ando
14563,MEISHOHIKOKAI
14566,Yuuri
14567,otoha
14584,Unicorn
14585,BLUE ENCOUNT
14564,QWER
14565,QWER
14574,Leo Ieiri
14659,Ai Tomioka
14463,Zutto Mayonaka de Ii no ni.
14464,imase
14568,Zutto Mayonaka de Ii no ni.
14569,imase
14599,Masayoshi Ooishi
14600,Maaya Uchida
14608,milet
14667,Rokudenashi
14657,Fuurin
14671,jo0ji
14672,9Lana
14693,9Lana
14660,Kento Nakajima
14661,Botchi Boromaru
14661,Nao Kosaka
14661,Youko Shougenji
14661,Kaho Fujishima
14468,ALI
14468,ZORN
14469,Mulasaki Ima
14488,HOKUTO
14489,Maaya Uchida
14490,eill
14662,SUPER★DRAGON
14553,Aza
14558,Mamezou Gasshou-dan
14570,Yuuki Kaji
14570,TAMAchan
14593,B'z
14594,Rainy.
14604,Leia Kato
14604,Rina
14605,Aimer
14616,IyamA
14617,Chiai Fujikawa
14619,Franchouchou
14627,TRUE
14631,fhána
14632,Sachiko Kobayashi
14634,Kumi Kouda
14635,Moeka Koizumi
14636,Nijigasaki Gakuen School Idol Doukoukai
14637,Nijigasaki Gakuen School Idol Doukoukai
14638,Nijigasaki Gakuen School Idol Doukoukai
14639,Nijigasaki Gakuen School Idol Doukoukai
14640,Nijigasaki Gakuen School Idol Doukoukai
14641,Nijigasaki Gakuen School Idol Doukoukai
14642,Nijigasaki Gakuen School Idol Doukoukai
14650,Yorushika
14654,Hasunosora Jogakuin School Idol Club
14655,Hasunosora Jogakuin School Idol Club
14664,Kyouko
14665,Sukima Switch
14666,LINKL PLANET
14668,Sora Tomonari
14677,Myka Morton
14678,TOGENASHI TOGEARI
14679,TOGENASHI TOGEARI
14680,TOGENASHI TOGEARI
14681,TOGENASHI TOGEARI
14682,Momo Sakura
14685,Girls Archives.
14686,Kouki Uchiyama
14686,Seiran Kobayashi
14688,Mori Calliope
14689,Mariko Nagai
14694,Hiroko Kasahara
14696,FictionJunction
14697,Hikaru Utada
14698,Hikaru Utada
14703,Chihaya Yoshitake
14703,Yuuka Masui
14706,TRUE
14706,Kitauji Koukou Suisougaku-bu
14712,Runze Yang
14713,Fanka
14707,DOUDOU
14710,Chen Li
14711,DOUDOU
14716,Chieko Kawabe
14717,MAKI
14718,Mai Mizuhashi
14719,Mugendai Mewtype
14720,Saori Hayami
14721,Saori Hayami
14721,Yuuko Natsuyoshi
14722,Yuuko Natsuyoshi
14722,ryo
14728,FZMZ
14729,HANABIE.
14730,Yorushika
14732,WANIMA
14733,ONE OR EIGHT
14734,Kroi
14735,Yuuki Chiba
14736,Re:name
14737,TAO
14738,Rico Sasaki
14739,Akuru Yoru no Hitsuji
14740,Aosu
14741,Junichi Suwabe
14741,Hidenobu Kiuchi
14742,Aina Suzuki
14743,Aina Suzuki
14744,Juice=Juice
14745,tsukioukanata
14746,Suspended 4th
14747,Chakura
14751,Mai Kuraki
