tema_id,anime_id,tipo,slug,cancion
1549,1,OP,OP1,Edge
1550,1,OP,OP2,Senyaichiya
1551,1,OP,OP3,Kimi ga Ita Monogatari
1552,1,OP,OP4,Kioku
2422,2,OP,OP1,Silly-go-Round
2423,2,ED,ED1,Boukoku Kakusei - Catharsis
1553,3,OP,OP1,Obsession
1554,3,ED,ED1,Yasashii Yoake
1768,4,OP,OP1,New World
1769,4,ED,ED1,Emerald Green
3413,5,OP,OP1,Aka no Kakera
3414,5,ED,ED1,Hitomi no Kotae
9397,6,OP,OP1,Anti world
9398,6,OP,OP2,Dear My MAJIHA Sisters
9399,6,ED,ED1,Carpe Diem
3254,7,OP,OP1,Arrival of Tears
3255,7,ED,ED1,Sequentia
6936,8,OP,OP1,Sweet Sensation
6937,8,ED,ED1,Cotona MODE
6547,9,OP,OP1,"Ano ne, Kimi dake ni"
6548,9,ED,ED1,Yuuki no Tsubasa
7452,10,OP,OP1,Red Doors feat. Yoshikazu Mera
7453,10,ED,ED1,Wonderland
7454,10,ED,ED2,Break The Doors feat. Aina The End (BiSH)
7455,10,ED,ED3,Yume Koibana
7456,10,ED,ED4,ANGELNOIR
7457,10,ED,ED5,Plumeria
7458,10,ED,ED6,Yukue Shirezu
7459,10,ED,ED7,too late
7460,10,ED,ED8,Sora no Oto
7461,10,ED,ED9,Tsubasa
7462,10,ED,ED10,Factor Word
7463,10,ED,ED11,Salvation
7464,10,ED,ED12,Hakuchou wa Nemuru feat. Yoshikazu Mera
7465,10,ED,ED13,if
9713,11,OP,OP1,Mahi
9714,11,ED,ED1,Undulation
9945,12,OP,OP1,Muzui
9946,12,ED,ED1,Sora no Emerald
9947,12,ED,ED2,One of them
9948,12,ED,ED3,Ikiru Koto ni Naru ni Naritai
9949,12,ED,ED4,Yume no Fune
9950,12,ED,ED5,Yuutousei ja Tsumaranai
9951,12,ED,ED6,Jinsei wa Waltz
9952,12,ED,ED7,Kanjou Muyouron
9953,12,ED,ED8,Moonlight
9954,12,ED,ED9,Kodoku wa Kirai ja Nai
9564,13,OP,OP1,Muzui
9565,13,ED,ED1,Kamisama ni Yubi wo Sasareta Bokutachi
8537,14,ED,ED1,Reunion
164,15,OP,OP1,Genki da Shite yo
165,15,ED,ED1,Mitsu Ami Hippatte
6549,16,OP,OP1,Answer
6550,16,OP,OP2,Sayonara Bystander
6551,16,ED,ED1,Fighter
6552,16,ED,ED2,Nyaa Shougi Ondo
6553,16,ED,ED3,orion
7202,17,OP,OP1,Flag wo Tatero
7203,17,OP,OP2,Haru ga Kite Bokura
7204,17,ED,ED1,Kafune
7205,17,ED,ED2,I AM STANDING
4200,18,OP,OP1,Koi no Doutei
4201,18,ED,ED1,learn together
8302,19,OP,OP1,Daiji na Koto
8303,19,ED,ED1,HiDE the BLUE
9241,20,OP,OP1,Futari nara
9242,20,ED,ED1,Hagan
9243,20,ED,ED2,Daiji na Koto
9060,21,OP,OP1,Ark
9061,21,ED,ED1,WISH
9955,22,OP,OP1,From The Seeds
9956,22,ED,ED1,Synchro
9957,22,ED,ED2,Ikite Yuku
6769,23,OP,OP1,Signal
6770,23,ED,ED1,Rain or Shine
4202,24,OP,OP1,Morning Arch
4203,24,ED,ED1,Humming Girl
4204,24,ED,ED2,Harukaze no Kagaku
8538,25,OP,OP1,A.I.C.O.
8539,25,ED,ED1,Michi no Kanata
9400,26,OP,OP1,Circle of Seasons
9401,26,ED,ED1,ZERO LIMIT
9402,26,ED,ED2,Thawing
9403,26,ED,ED3,MANKAI☆Kaika Sengen
9958,27,OP,OP1,Act! Addict! Actors!
9959,27,ED,ED1,Home
9960,27,ED,ED2,Orange Heart
2216,28,OP,OP1,Open Your Mind ~Chiisana Hane Hirogete~
2217,28,ED,ED1,Negai
2218,28,ED,ED2,WING
2424,29,OP,OP1,Shiawase no Iro
2425,29,ED,ED1,Bokura no Kiseki
2426,29,ED,ED2,Koibito Doshi
2597,30,OP,OP1,Ai no Hoshi
2598,30,ED,ED1,Hanamuke no Melody
9715,31,OP,OP1,Happy Boshuu-chuu
1555,32,OP,OP1,Treat or Goblins
1556,32,ED,ED1,Anata no kokoro ni
6459,33,OP,OP1,Absolute Soul
6460,33,ED,ED1,Believe×Believe
6461,33,ED,ED2,Apple Tea no Aji
6462,33,ED,ED3,2/2
7809,34,OP,OP1,Shadow and Truth
7810,34,ED,ED1,Pale Moon ga Yureteru
7811,34,ED,ED2,Our Place
9961,35,ED,ED1,Our Place
4681,36,OP,OP1,Chase the world
4682,36,OP,OP2,Burst The Gravity
4683,36,ED,ED1,→unfinished→
4684,36,ED,ED2,Unite
4574,37,OP,OP1,Chase the world
4575,37,OP,OP2,Burst The Gravity
4576,37,ED,ED1,→unfinished→
4577,37,ED,ED2,Unite
4685,38,OP,OP1,Acchi de Kocchi de
4686,38,ED,ED1,Te wo Gyu Shite ne
34,39,OP,OP1,Ace wo Nerae!
35,39,ED,ED1,Shiroi Tennis Court de
36,40,OP,OP1,Mabushii Kisetsu ni
37,40,ED,ED1,Haruka na Yume
7466,41,OP,OP1,Chou Tenkai Kami Daioh
7467,41,OP,OP2,Jounetsu☆Fruit
7468,41,ED,ED1,Hi no Ataru Basho (Misaki Main Version)
7469,41,ED,ED2,Hi no Ataru Basho (Kanon Main Version)
7470,41,ED,ED3,Hi no Ataru Basho (An Main Version)
7471,41,ED,ED4,Hi no Ataru Basho (Yuuki Main Version)
7472,41,ED,ED5,Hi no Ataru Basho (Hatsuri Main Version)
7473,41,ED,ED6,Hi no Ataru Basho (Mikan Main Version)
7474,41,ED,ED7,Hi no Ataru Basho (Genki Main Version)
7475,41,ED,ED9,Hi no Ataru Basho (Mana Main Version)
7476,41,ED,ED10,Hi no Ataru Basho (Hinanectar Version)
7477,41,ED,ED11,Hi no Ataru Basho (Special Version)
12104,41,ED,ED8,Hi no Ataru Basho (Misaki Main Version)
7101,42,OP,OP1,Golden Life
7102,42,ED,ED1,Toumei na Yozora
6771,43,OP,OP1,Cerulean Squash
6772,43,ED,ED1,Field Trip!!
8739,44,OP,OP1,Titania
8740,44,ED,ED1,INAZUMA SHOCK Sakutasuke Ver.
8741,44,ED,ED2,INAZUMA SHOCK
8742,44,ED,ED3,INAZUMA SHOCK Kashoubu Ver.
8743,44,ED,ED4,Toki no Neiro ~Tenshou Gakuen Kouka~
9404,45,OP,OP1,Kimi ni Aeta Hi
9405,45,ED,ED1,Kimi no Tonari de
8744,46,OP,OP1,Soul Flag
8745,46,ED,ED1,White-Collar Elegy
2733,47,OP,OP1,Afro Theme
2734,47,ED,ED1,Afro Outro
3521,48,OP,OP1,Brother's Keeper
3522,48,ED,ED1,Number One Samurai
3523,48,ED,ED2,Bloody Samurai
496,49,OP,OP1,Dreams
497,49,OP,OP2,Resolution
498,49,ED,ED1,Human Touch
499,49,ED,ED2,Human Touch - Japanese Version
500,49,ED,ED3,Gin-Iro Horizon
8137,50,OP,OP1,prima dynamis
8138,50,ED,ED1,Tsugihagi
8746,51,OP,OP1,Happy Go Ducky!
8747,51,OP,OP2,Nevermind
8748,51,OP,OP3,Humming Bird
8749,51,OP,OP4,Rebirth
8750,51,ED,ED1,Tsubasa
8751,51,ED,ED2,Over
8752,51,ED,ED3,Hikari Sasu Hou e
8753,51,ED,ED4,Taiyou Runner
7478,52,OP,OP1,Zenryoku☆Summer!
7479,52,ED,ED1,Odore! Kyu-kyoku Tetsugaku
5409,53,ED,ED1,Aishiterutte Sagebimasho!!
5410,53,ED,ED2,"Kimi to Mita Hana, Kimi to Mita Sora"
5411,53,ED,ED3,Kimi no Mama de!
5412,53,ED,ED4,Katayaburi Science
5413,53,ED,ED5,Ima Koko ni Iru
5414,53,ED,ED6,Trouble Girls
5415,53,ED,ED7,Best Party
5416,53,ED,ED8,Momo Namiki
501,54,OP,OP1,Yumemiru Ai Tenshi
1557,55,OP,OP1,Towa no Hana
1558,55,ED,ED1,Namo Shirenu Hana
1559,55,ED,ED2,Akai Hana
1560,55,ED,ED3,I'll Be Home
1639,56,OP,OP1,Takaramono
1640,56,ED,ED1,I Do!
1641,56,ED,ED2,Presence
502,57,OP,OP1,Silent City
503,57,OP,OP2,Manatsu no Seiza
504,57,ED,ED1,More Natural
505,57,ED,ED2,Dance With Me Tonight
506,58,OP,OP1,Ao no Cross
507,58,ED,ED1,"Aa, Jinsei Taete Hana mo Saku"
4427,59,OP,OP1,Signalize!
4428,59,OP,OP2,Diamond Happy
4429,59,OP,OP3,KIRA☆Power
4430,59,OP,OP4,SHINING LINE*
4431,59,OP,OP5,Du-Du-Wa DO IT!!
4432,59,OP,OP6,Lovely Party Collection
4433,59,OP,OP7,START DASH SENSATION
4434,59,ED,ED1,Calendar Girl
4435,59,ED,ED2,Hirari / Hitori / Kirari
4436,59,ED,ED4,Original Star☆彡
4437,59,ED,ED5,Precious
4438,59,ED,ED6,Good morning my dream
4439,59,ED,ED7,Chuchu Ballerina
4440,59,ED,ED8,lucky train!
8304,60,OP,OP1,Arigato⇄Daijoubu
8305,60,OP,OP2,Soko ni Shikanai Mono
8306,60,ED,ED1,Believe it
8307,60,ED,ED2,Pride
9062,61,OP,OP1,Hitori ja Nai!
9063,61,ED,ED1,Be star
5417,62,ED,ED1,Aikatsu! Ending Medley ~PandaBoY MIX~
6773,63,ED,ED1,START DASH SENSATION
8754,64,OP,OP1,Kimi no Entrance
8755,64,ED,ED1,Idol Katsudou! On Parade ver.
8756,64,ED,ED2,So Beautiful Story
8757,64,ED,ED3,Good morning my dream
8758,64,ED,ED4,Chuchu Ballerina
8759,64,ED,ED5,Calendar Girl
8760,64,ED,ED6,Original Star☆彡
8761,64,ED,ED7,Precious
8762,64,ED,ED8,Alice Blue no Kiss ~Another Color~
8763,64,ED,ED9,lucky train!
8764,64,ED,ED10,Pride
8765,64,ED,ED11,Hirari / Hitori / Kirari
8766,64,ED,ED12,Mori no Hikari no Pirouette
8767,64,ED,ED13,Be star
8768,64,ED,ED14,Bon Bon Voyage!
8769,64,ED,ED15,episode Solo
8770,64,ED,ED16,Believe it
6938,65,OP,OP1,Start Line!
6939,65,OP,OP2,"1, 2, Sing for You!"
6940,65,OP,OP3,Star Jet!
6941,65,OP,OP4,Stardom!
6942,65,OP,OP5,MUSIC of DREAM!!!
6943,65,ED,ED1,episode Solo
6944,65,ED,ED2,So Beautiful Story
6945,65,ED,ED3,Bon Bon Voyage!
6946,65,ED,ED4,Mori no Hikari no Pirouette
6774,66,ED,ED1,Start Line!
2219,67,OP,OP1,Tori no Uta
2220,67,ED,ED1,Farewell Song
2427,68,OP,OP1,Chain
2428,68,ED,ED1,Sky-2-High
6013,69,OP,OP1,
6014,69,ED,ED1,
1958,70,OP,OP1,sunny side up
1959,70,ED,ED1,Nennen Saisai
5170,71,OP,OP1,Kani☆Do-Luck!
5171,71,ED,ED1,Ichigo Ichie
1333,72,OP,OP1,Futari no Prologue
1334,72,ED,ED1,Orange
7103,73,OP,OP1,Yoru wa Nemureru kai?
7104,73,ED,ED1,HOW CLOSE YOU ARE
6554,74,OP,OP1,Boku wa Boku de Atte
6555,74,OP,OP2,The end of escape
6556,74,ED,ED1,"Koutei no Sumi ni Futari, Kaze ga Fuite Ima Nara Ieru ka na"
508,75,OP,OP1,B.B.B. (Be Bad Boy)
509,75,OP,OP2,Love Affair
510,75,ED,ED1,You
511,75,ED,ED2,Rouge ni Naritai
6158,76,OP,OP1,Yasashii Kibou
6159,76,ED,ED1,Kizuna ni Nosete
7105,77,OP,OP1,Sono Koe ga Chizu ni Nar
7106,77,ED,ED1,Page ~Kimi to Tsuzuru Monogatari~
38,78,OP,OP1,Kikoeru Kashira (I Wonder if You hear)
39,78,ED,ED1,Samenai Yume
2111,79,OP,OP1,Nesshou!! Rabuge Night Fever
2112,79,ED,ED1,Ton Dol Baby
166,80,OP,OP1,WHAT IS LOVE
167,80,ED,ED1,ANGEL
168,81,OP,OP1,Pure Stone
169,81,ED,ED1,Push!
170,81,ED,ED2,Rock Candy
5576,82,OP,OP1,Skyreach
5577,82,OP,OP2,LIAR MASK
5578,82,ED,ED1,"Konna Sekai, Shiritakunakatta."
5579,82,ED,ED2,Tsuki Akari
2936,83,OP,OP1,Hatsukoi Parachute
2937,83,ED,ED1,Sweet Gift
2938,83,ED,ED2,Confusion...
2939,83,ED,ED3,Shoujo Test wa Muzukashii
2940,83,ED,ED4,Akane-Iro hometown
2941,83,ED,ED5,Cherry pink mystery
2942,83,ED,ED6,Make a miracle!
2943,83,ED,ED7,Love Diving
2944,83,ED,ED8,Chu.chu.ru. no Yakusoku
2945,83,ED,ED9,Mezamenai wish...
3415,84,OP,OP1,Hatsukoi Parachute
3416,84,ED,ED1,Watashi to Kare no Jijou
7947,85,OP,OP1,Soranetarium
7948,85,ED,ED1,Kowarekake no Radio
5418,86,OP,OP1,Akatsuki no Yona
5419,86,OP,OP2,Akatsuki no Hana
5420,86,ED,ED1,Yoru
5421,86,ED,ED2,Akatsuki
6160,87,ED,ED1,Egao no Rensa
6161,87,ED,ED2,Akatsuki
512,88,OP,OP1,Kimi-iro Omoi
513,88,ED,ED1,Egao ga Sukidakara
514,88,ED,ED2,Chacha ni Omakase
515,88,ED,ED3,Youkoso Magical School e
4687,89,OP,OP1,Kibou ni Tsuite
4688,89,ED,ED1,Yume wa Nandomo Umarekawaru
4689,89,ED,ED2,Sasae
4690,89,ED,ED3,Niji no Ressha
5303,90,OP,OP1,Aruji Naki Sono Koe
5304,90,ED,ED1,Kono Namida wo Kimi ni Sasagu
5305,90,ED,ED2,Kibou ni Tsuite
5306,90,ED,ED3,Aruji Naki Sono Koe
3707,91,ED,ED1,Tnx! -Thanks!-
7812,92,OP,OP1,Ikken Rakuchaku Goyoujin
7813,92,ED,ED1,B Ambitious!
7814,92,ED,ED2,Rira Mirai
7815,92,ED,ED3,Sanki Tousen!
7816,92,ED,ED4,Sanki Tousen!
7817,92,ED,ED5,Chou Hannou Girl
7818,92,ED,ED6,Kokoro no Memory
7819,92,ED,ED7,Koi ni Shinzan!
7820,92,ED,ED8,Fighting☆Dramatic
7821,92,ED,ED9,Sekai Jyuu no AKIHABARA de
7822,92,ED,ED10,Kuufuku kara Yarinaose!
7823,92,ED,ED11,DIVE TO LIVE
8308,93,OP,OP1,Koi no Balloon
8309,93,OP,OP2,We☆Pace!!
5172,94,OP,OP1,Aku no Hana -Kasuga Takao-
5173,94,OP,OP2,Aku no Hana -Nakamura Sawa-
5174,94,OP,OP3,Aku no Hana -Saeki Nanako-
5175,94,OP,OP4,Aku no Hana -Gunma Ken Kiryuu Shi-
5176,94,ED,ED1,Hana -a last flower-
5177,94,ED,ED2,Hana -a last flower- Ver.Z
5178,94,ED,ED3,Hana
5179,94,ED,ED4,Hana -a last flower- Ver.X
9406,95,OP,OP1,STEAL!!
9407,95,ED,ED1,Ready
5705,96,OP,OP1,Soushou Innocence
5706,96,ED,ED1,Paradox
5707,96,ED,ED2,"Kinou, Kyou, Ashita"
5708,96,ED,ED3,Concentration
5709,96,ED,ED4,Across The Fate
5710,96,ED,ED5,Doutte koto nai Sympathy
5711,96,ED,ED6,Poison Me
5712,96,ED,ED7,Suzukaze
5713,96,ED,ED8,Mayonaka no Toubou
5714,96,ED,ED9,Tenshi No Smile♥
5715,96,ED,ED10,Inochi no Karakuri
5716,96,ED,ED11,Survival
5717,96,ED,ED12,QUEEN
5422,97,OP,OP1,Soushou Innocence
5423,97,ED,ED1,The Last Party
5580,98,OP,OP1,heavenly blue
5581,98,ED,ED1,A/Z
5582,98,ED,ED2,aLIEz
6463,99,OP,OP1,&Z
6464,99,ED,ED1,GENESIS
6465,99,ED,ED2,Harmonious
9716,100,ED,ED1,Kizuna
8310,101,OP,OP1,A or A!?
8311,101,ED,ED1,LONELY ALICE
7628,102,OP,OP1,Wonder Drive
7629,102,ED,ED1,Chant
1335,103,OP,OP1,Flower Psychedelic~type YURI~
1336,103,OP,OP2,Flower Psychedelic~type KUMI~
1337,103,OP,OP3,Flower Psychedelic~type KASUMI~
1338,103,ED,ED1,rebirth
6557,104,OP,OP1,Flower
6558,104,OP,OP2,Seija no Koushin
6559,104,ED,ED1,Zenryoku Shounen produced by Tamio Okuda
6560,104,ED,ED2,No Side
3102,105,OP,OP1,Tameiki no Hashi
3103,105,ED,ED1,Sayonara no Omajinai
40,106,OP,OP1,Oshiete
41,106,ED,ED1,Mattete Goran
6775,107,OP,OP1,Harebare Fanfare
6776,107,ED,ED1,Maybe
2113,108,OP,OP1,Afurete Yuku no wa Kono Kimochi
2114,108,ED,ED1,Happy days
2553,109,OP,OP1,Amaenaide yo!!
2554,109,ED,ED1,Lonesome Traveler
3708,110,OP,OP1,i Love
3709,110,OP,OP2,Kimi no Mama de
3710,110,ED,ED1,Kimi no Hitomi ni Koishiteru
3711,110,ED,ED2,Kitto Ashita wa
3712,110,ED,ED3,Anata Shika Mienai
3713,110,ED,ED4,Koi wa Mizu-iro
3714,110,ED,ED5,Koi wa Aserazu
3715,110,ED,ED6,Nageki no Tenshi
3716,110,ED,ED7,Koi no Yukue
4811,111,OP,OP1,Check My Soul
4812,111,ED,ED1,Kokuhaku
4205,112,OP,OP1,Kimi no Mama de
4206,112,ED,ED1,Suteki na Aru Hi
5424,113,OP,OP1,Extra Magic Hour
5425,113,ED,ED1,Elementario de Aimashou
8312,114,ED,ED1,Sweet Punishment
6777,115,OP,OP1,Million Clouds
6778,115,ED,ED1,Futari Shoujo
8313,116,OP,OP1,Crosswalk
8314,116,ED,ED1,"Hello, Hello"
3104,117,OP,OP1,Casting Dice
3105,117,ED,ED1,Namae no Nai Michi
7206,118,OP,OP1,Aratanaru Makuake no Tame no Makuake ni yoru Kyoushikyoku ~Kimi ga Ireba Oretachi mo Egao Mugendai~
7207,118,ED,ED1,Rainy cocoa
9244,119,OP,OP1,Colorful Passage
5307,120,OP,OP1,Zoetrope
5308,120,ED,ED1,Recall
5309,120,ED,ED2,Hoshiboshi no Wataridori
6779,121,OP,OP1,Love is MY RAIL
6780,121,ED,ED1,Link with U
3795,122,OP,OP1,"My Soul, Your Beats!"
3796,122,OP,OP2,"My Soul, Your Beats!"
3797,122,ED,ED1,Brave Song
3798,122,ED,ED2,Ichiban no Takaramono ~Yui final ver.~
3799,122,ED,ED3,Ichiban no Takaramono
516,123,OP,OP1,Korogaruishi no You ni
517,123,ED,ED1,Wasurenaide
8139,124,OP,OP1,Braver
8140,124,ED,ED1,Upside Down
7630,125,OP,OP1,Sunny Side Up
8141,126,OP,OP1,Let Him Go!
8771,127,OP,OP1,Jinji de Qingchun
9408,128,OP,OP1,Come on youth
7949,129,OP,OP1,Jump Up↑ Yell!!
7950,129,ED,ED1,One for All
7208,130,OP,OP1,Aikotoba
7209,130,ED,ED1,Good Luck Lilac
7210,130,ED,ED2,Aikotoba
42,131,OP,OP1,Ketsudan
43,131,ED,ED1,Otoko Bushi
6015,132,ED,ED1,Vital☆Exercise
6561,133,ED,ED1,Cheer for you♪♬
6947,134,OP,OP1,PUNCH☆MIND☆HAPPINESS
6948,134,ED,ED1,Ashita de Ii kara
4207,135,OP,OP1,Aoi Shiori
4208,135,ED,ED1,Dear Love
4209,135,ED,ED2,secret base ~Kimi ga Kureta Mono~ (10 years after ver.)
4210,135,ED,ED3,Still...
4211,135,OP,OP1-NoitaminA,Circle Game
4813,136,OP,OP1,sign
4814,136,ED,ED1,Vidro Moyou
4815,137,OP,OP1,Kyoumu Densen
4816,137,ED,ED1,anamnesis
6466,138,OP,OP1,Seishun Satsubatsu-ron
6467,138,OP,OP2,Jiriki Hongan Revolution
6468,138,ED,ED1,"Hello, shooting-star"
7107,139,OP,OP1,QUESTION
7108,139,OP,OP2,Bye Bye Yesterday
7109,139,ED,ED1,Kaketa Tsuki
7110,139,ED,ED2,Mata Kimi ni Aeru Hi
6562,140,ED,ED1,Shigyou no Bell
3256,141,OP,OP1,Poo
3257,141,ED,ED1,Chuai mad noi
3258,141,ED,ED2,Clap your Sunday!
5583,142,OP,OP1,Sekai wa Koi ni Ochiteiru
5584,142,ED,ED1,Blue
4212,143,OP,OP1,CORE PRIDE
4213,143,OP,OP2,IN MY WORLD
4214,143,ED,ED1,Take off
4215,143,ED,ED2,Wired Life
7824,144,OP,OP1,Itteki no Eikyou
7825,144,ED,ED1,Kono Te de
7111,145,OP,OP1,Contrail ~Kiseki~
7112,145,ED,ED1,a-gain
7113,145,ED,ED2,Kimi Toita Sora
6563,146,ED,ED1,Kimi koso Ao Oni
6162,147,OP,OP1,The Bravest Destiny
6163,147,ED,ED1,Gunjou Survival
6164,147,ED,ED2,Tick Tack
3259,148,ED,ED1,We Say Hello
3371,149,OP,OP1,Aoi Hana
3372,149,ED,ED1,Centifolia
4441,150,OP,OP1,retrospective world
4442,150,ED,ED1,0 to 1 no Hana
4880,151,OP,OP1,Savior of Song
4881,151,ED,ED1,Blue Field
4882,151,ED,ED2,Innocent Blue
4883,151,ED,ED3,Our Story
171,152,OP,OP1,Melos no You ni —Lonely Way—
172,152,ED,ED1,Go-Fun Dake no Wagamama
173,152,ED,ED2,La Rose Rouge
174,153,OP,OP1,Melos no You ni —Lonely Way—
175,153,ED,ED1,Go-Fun Dake no Wagamama
176,153,ED,ED2,La Rose Rouge
518,154,ED,ED1,ONE DAY AT A TIME
9621,155,OP,OP1,I got it!
9622,155,ED,ED1,I'm Nobody
4817,156,OP,OP1,Kimi no Shinwa ~ Aquarion Dai Ni Shou
4818,156,OP,OP2,Paradoxical ZOO
4819,156,ED,ED1,Gekkou Symphonia
4820,156,ED,ED2,Yunoha no Mori
4821,156,ED,ED4,ZERO
6165,157,OP,OP1,Yamadaire darlin'
6166,157,OP,OP2,Yoake no Logos
6167,157,ED,ED1,Je Je t'aime Communication
6168,157,ED,ED2,Hontou no Koe wo Anata ni Azuketakute
2555,158,ED,ED1,EXEC_HYMME_MOISKYRIE/.
8922,159,OP,OP1,Otome-domo yo
8923,159,ED,ED1,Yume Cinderella
9064,160,ED,ED1,Renai☆Sensation
3800,161,OP,OP1,Venus to Jesus
3801,161,OP,OP2,Title nante Jibun de Kangaenasaina
3802,161,ED,ED1,Sakasama Bridge
3591,162,OP,OP1,COSMOS vs ALIEN
3592,162,OP,OP2,"Kou-sama☆Go! Summer! ~Iya, Iku no wa Kinsei Dakara~"
3593,162,ED,ED1,Akai Coat
3594,162,ED,ED2,Sakasama Bridge
5180,163,OP,OP1,GENESIS ARIA
5181,163,ED,ED1,The Misfit Go
5182,163,ED,ED2,Utsukushii Sebone
4443,164,ED,ED1,Arata naru Sekai
4578,165,OP,OP1,Magenta Another Sky
4579,165,ED,ED1,Pieces of Treasure
177,166,OP,OP1,How Far to Paradise
178,166,OP,OP2,Kanashimi no Destiny
179,166,ED,ED1,Sabaku no Illusion
180,166,ED,ED2,So Long My Love
4822,167,OP,OP1,Higher Ground
9623,168,OP,OP1,Hoshi ga Hajimaru
9624,168,OP,OP2,SCATTER
9625,168,ED,ED1,Ameagari no Sakamichi
9626,168,ED,ED2,Goal Line
9627,168,ED,ED3,LIAR
2063,169,OP,OP1,Undine
2064,169,OP,OP2,Undine -forest mix-
2065,169,ED,ED1,Rainbow
6016,170,OP,OP1,Undine
6017,170,OP,OP2,Euphoria
6018,170,OP,OP3,Spirale
6019,170,ED,ED1,Piacere
2429,171,OP,OP1,Euphoria
2430,171,OP,OP2,Undine
2431,171,OP,OP3,Euphoria ~Hikigatari~
2432,171,ED,ED1,Natsumachi
2433,171,ED,ED2,Smile Again
2434,171,ED,ED3,Rainbow
3205,172,OP,OP1,Spirale
3206,172,ED,ED1,Kin no Nami Sen no Nami
3207,172,ED,ED2,Undine
2599,173,OP,OP1,Nanairo no Sora wo
2600,173,ED,ED1,"Ashita, Yuugure Made"
8924,174,OP,OP1,FLARE
8925,174,ED,ED1,Hajime no Uta
9962,175,OP,OP1,Burn it up
9963,175,ED,ED1,Celebrate Good Time
6283,176,OP,OP1,"Boku no Kotoba de wa nai, Kore wa Bokutachi no Kotoba"
6284,176,OP,OP2,Uzu to Uzu
6285,176,ED,ED1,Lapis Lazuli
6286,176,ED,ED2,One Light
6781,177,OP,OP1,Tsubasa
6782,177,ED,ED1,blaze
9628,178,OP,OP1,Clover
9629,178,ED,ED1,Hare Moyou
4691,179,ED,ED1,happy☆lucky
8315,180,ED,ED1,Asu e no Tobira
9630,181,OP,OP1,Mirai no Mukashi Banashi
9631,181,ED,ED1,Kioku no Mukou
2245,182,OP,OP1,Hikari no Kisetsu
2246,182,ED,ED1,Sweet Home Song
44,183,OP,OP1,Ashita no Joe
45,183,ED,ED1,Joe no Komoriuta
46,183,ED,ED2,Rikiishi Toru no Theme
181,184,OP,OP1,Kizudarake no Eikou
182,184,OP,OP2,MID NIGHT BLUES
183,184,ED,ED1,Hateshinaki Yami no Kanata ni
184,184,ED,ED2,Hateshinaki Yami no Kanata ni
1770,185,OP,OP1,Nadja!!
1771,185,ED,ED1,"Que Sera, Sera"
9245,186,ED,ED1,Ashita Sekai ga Owaru toshitemo
8142,187,OP,OP1,Suripisu
8143,187,ED,ED1,Inkya Impulse
3717,188,OP,OP1,Now loading... SKY!!
3718,188,ED,ED1,Kokoro no Madobe Nite
3719,188,ED,ED2,Now loading... SKY!!
3720,188,ED,ED3,Omoide ga Jama wo Suru
3721,188,ED,ED4,Happy Sunshine
3722,188,ED,ED5,Oira wa Sabishii Space Man
8772,189,OP,OP1,Share the light
8773,189,ED,ED1,Ijin-tachi no Jikan
9409,190,OP,OP1,Sacred world
9410,190,ED,ED1,Edel Lilie
9411,190,ED,ED2,Heart+Heart
9412,190,ED,ED3,GROWING*
9413,190,ED,ED4,Mabataki
4216,191,OP,OP1,Tenshi no CLOVER
4217,191,ED,ED1,Manatsu no Photograph
47,192,OP,OP1,Astroganger
48,192,ED,ED1,Susume! Astroganger
3524,193,OP,OP1,Egao no Riyuu
3525,193,ED,ED1,Life and Proud
3417,194,OP,OP1,Spiral
3418,194,ED,ED1,Link
3260,195,OP,OP1,Alternative
3261,195,ED,ED1,Kanata no Delight
3262,195,ED,ED2,Kirafuwa
7631,196,OP,OP1,Kaidoku Funou
7632,196,ED,ED1,Hikari no Hajimari
49,197,OP,OP1,Attack No. 1
50,197,ED,ED1,Bon Bo Bon
185,198,OP,OP1,Dunbine Tobu
186,198,ED,ED1,Mieru Darou Byston Well
6949,199,ED,ED1,Aware! Warera ga Sekai no Chuushin
6950,199,ED,ED2,Meisaku! Kessaku! Masterpiece!
6951,199,ED,ED3,Eburi Meisaku is Aware
6952,199,ED,ED4,Mago no Dai made
6953,199,ED,ED5,Meisaku toka Yutemasu Keredo
6954,199,ED,ED6,Oyoso-san
6955,199,ED,ED7,Sayonara Yellow
10322,199,ED,ED8,Arara Rerere Rururira
10656,199,ED,ED9,Meisaku Journey
3208,200,OP,OP1,Cloudier Sky
3209,200,ED,ED1,Kagaribi
2556,201,OP,OP1,HEAT ISLAND
2557,201,ED,ED1,Haru no Katami
1561,202,OP,OP1,Soramimi Cake
1562,202,ED,ED1,Raspberry Heaven
8774,203,OP,OP1,graphite/diamond
8775,203,ED,ED1,Hikari no Michishirube
9717,204,ED,ED1,Longing for!
9718,204,ED,ED2,Mahiruiro Siesta
3803,205,OP,OP1,Oshiete A to Z
3804,205,ED,ED1,Hadashi no Princess
6783,206,OP,OP1,Kodou*Ambitious
6784,206,ED,ED1,Hoshi to Tsuki no Sentence
9246,207,OP,OP1,Zecchou*Emotion
9247,207,ED,ED1,Hikari to Kage no Toki Musubu
9248,207,ED,ED2,Hikari to Kage no Toki Musubu
9249,207,ED,ED3,Hikari to Kage no Toki Musubu
9250,207,ED,ED4,Hikari to Kage no Toki Musubu
9251,207,ED,ED5,Hikari to Kage no Toki Musubu
8540,208,ED,ED1,The Perfect World
51,209,OP,OP1,Babel Nisei
52,209,ED,ED1,Seigi no Chounouryoku Shounen
5718,210,OP,OP1,Believe in yourself
5719,210,ED,ED1,Baby Steps
8776,211,ED,ED1,Live and let die
8777,211,ED,ED2,Inochi Hamu Tamashii
8778,211,ED,ED3,Inochi Hamu Tamashii (requiem ver.)
8779,211,ED,ED4,The next new world that no one knows (blood stained ver.)
2692,212,OP,OP1,Gun's & Roses
2693,212,ED,ED1,Calling
9719,213,OP,OP1,dawn
9720,213,ED,ED1,Sekai no Hate
10138,213,OP,OP2,Kodou
10139,213,ED,ED2,United Sparrows
8144,214,OP,OP1,Gokudoll Music
8145,214,OP,OP2,Gokudoll Music
8146,214,ED,ED1,Hoshi no Katachi
8147,214,ED,ED2,Hoshi no Katachi
3877,215,OP,OP1,Perfect-area complete!
3878,215,ED,ED1,Baka Go Home
3879,215,ED,ED2,Hare Tokidoki Egao
4345,216,OP,OP1,Renai Koujou committee
4346,216,ED,ED1,Getsuyou wa Kirai
4080,217,OP,OP1,Kimi + Nazo + Watashi de JUMP!!
4081,217,ED,ED1,Eureka Baby
4082,217,ED,ED2,Baka to Koshitsu to Kodokumeshi
4083,217,ED,ED3,Hi-Ho!!
3373,218,OP,OP1,staple stable
3374,218,OP,OP2,Kaerimichi
3375,218,OP,OP3,Ambivalent World
3376,218,OP,OP4,Ren'ai Circulation
3377,218,OP,OP5,Sugar Sweet Nightmare
3378,218,ED,ED1,Kimi no Shiranai Monogatari
8316,219,OP,OP1,BEASTFUL
8317,219,OP,OP2,The Gong of Knockout
8318,219,ED,ED1,RESOLVE
8319,219,ED,ED2,BEAUTIFUL BEAST
9632,220,OP,OP1,Jounetsu wa Oboeteiru
9633,220,ED,ED1,DEAD STROKE
9634,221,OP,OP1,PLANET HERO
9635,221,ED,ED1,Go! Bakugan Blow!
9636,221,ED,ED2,Higher and Higher
11259,221,ED,ED3,DAN!GAN! Dreamer
2735,222,OP,OP1,Number One Battle Brawlers
2736,222,OP,OP2,Puruchi Infinite Generation
9065,223,OP,OP1,Jounetsu Jamboree
9066,223,ED,ED1,Be my story
9067,223,ED,ED2,Sayonara no Houteishiki
3595,224,OP,OP1,Blue Bird
3596,224,ED,ED1,BAKUROCK ~Mirai no Rinkakusen~
3597,224,ED,ED2,Genjitsu to Iu Na no Kaibutsu to Tatakau Mono-tachi
3964,225,OP,OP1,Dream of Life
3965,225,ED,ED1,monochrome rainbow
3966,225,ED,ED2,Parallel=
4444,226,OP,OP1,Moshimo no Hanashi
4445,226,OP,OP2,23:40
4446,226,ED,ED1,Pride on Everyday
4447,226,ED,ED2,Yume Sketch
7951,227,OP,OP1,Spiral Maze
7952,227,ED,ED1,Harukanaru Tabi
7953,227,ED,ED2,Part of Me
9068,228,OP,OP1,Brave Rejection
9069,228,ED,ED1,Aoki Honoo
5310,229,OP,OP1,RanTiKi
5311,229,ED,ED1,Zarathustra
2247,230,OP,OP1,Kouya Ruten
2248,230,ED,ED1,Ai no Tsurugi
5585,231,OP,OP1,Jack
5586,231,ED,ED1,Zecchou DAYBREAK
6956,232,OP,OP1,FEEL×ALIVE
6957,232,ED,ED1,Voon! Voon! Ride On!
6958,232,ED,ED2,Voon! Voon! Ride On!
6959,232,ED,ED3,Voon! Voon! Ride On!
6960,233,ED,ED1,Baikubu Kanyuu no Uta ～Mou Konna Norimono Iyada～
1960,234,OP,OP1,Loosey
1961,234,ED,ED1,Under the Sky
519,235,OP,OP1,Brave Heart
520,235,ED,ED1,My name is Car Boy
521,235,ED,ED2,Bokura no FREEDOM
7954,236,OP,OP1,Bakutsuri Soul
7955,236,ED,ED1,Yuujou ZABOOOON!!
7211,237,ED,ED1,Tenohira o Taiyou ni
8780,238,ED,ED1,Te to Te to Te
2249,239,OP,OP1,Face of Fact-RESOLUTION Ver.-
2250,239,ED,ED1,undelete
7480,240,OP,OP1,"10% roll, 10% romance"
7481,240,OP,OP2,Invisible Sensation
7482,240,ED,ED1,Maybe the next waltz
7483,240,ED,ED2,Swing heart direction
2601,241,OP,OP1,BAMBOO BEAT
2602,241,ED,ED1,STAR RISE
8148,242,OP,OP1,found & lost
8149,242,OP,OP2,FREEDOM
8150,242,ED,ED1,Prayer X
8151,242,ED,ED2,RED
6785,243,ED,ED1,Lucky Holiday
7826,244,OP,OP1,Tokimeki Experience!
7827,244,ED,ED1,Don't be afraid
7828,244,ED,ED2,Kira Kira datoka Yume datoka ~Sing Girls~
12170,244,ED,ED3,Yumemiru Sunflower
9252,245,OP,OP1,Kizuna Music♪
9253,245,OP,OP2,BRAVE JEWEL
9254,245,ED,ED1,Safe and Sound
9255,245,ED,ED2,Jumpin'
9964,246,OP,OP1,Initial
9965,246,ED,ED1,Yume wo Uchinuku Shunkan ni!
9966,246,ED,ED2,FIRE BIRD
9967,246,ED,ED3,Yume wo Uchinuku Shunkan ni!
8152,247,ED,ED1,Picotto! Papitto!! Garupa Piko!!!
9637,248,ED,ED1,Oomori Icchou! Garupa☆Pico
7484,249,OP,OP1,Tokimeki Experience!
7485,249,ED,ED1,Nesshoku Starmine
5587,250,OP,OP1,Rashisa
5588,250,ED,ED1,Innocence
2251,251,OP,OP1,Bartender
2252,251,ED,ED1,Hajimari no Hito
2148,252,OP,OP1,Kouga Ninpouchou
2149,252,ED,ED1,Hime Murasaki
2150,252,ED,ED2,Wild Eyes
8541,253,OP,OP1,Ouka Ninpouchou
8542,253,ED,ED1,HOT BLOOD
8543,253,ED,ED2,Suiren
3419,254,OP,OP1,nO limiT
3420,254,OP,OP2,Boku ga Boku no Mama
3421,254,ED,ED1,free
3422,254,ED,ED2,Running On
3423,254,ED,ED3,Futari no Yakusoku
3424,254,ED,ED4,Hoshiwatari
6786,255,OP,OP1,Itsuka no Jibun
6787,255,ED,ED1,"Ashita, Haru ga Kitara"
6788,255,ED,ED2,Wakamono no Subete
522,256,OP,OP1,Tsubasa (Wings)
7486,257,OP,OP1,Hoshi no Kizuna
7487,257,ED,ED1,Melody Ring
7488,257,ED,ED2,Gravity
1642,258,OP,OP1,suddenly
1643,258,ED,ED1,Pure enough
8781,259,OP,OP1,Wild Side
8782,259,ED,ED1,Le zoo
8783,259,ED,ED2,Nemureru Honoo
8784,259,ED,ED3,Marble
8785,259,ED,ED4,Tsuki ni Ukabu Monogatari
9721,260,OP,OP1,Kaibutsu
9722,260,ED,ED1,Yasashii Suisei
8544,261,OP,OP1,Error
8545,261,OP,OP2,Truth.
8546,261,ED,ED1,PRIMALove
8547,261,ED,ED2,Shapeless
1785,262,OP,OP1,Hit in the USA
1786,262,ED,ED1,My World Down
1787,262,ED,ED2,Moon on the Water
1788,262,ED,ED3,Slip Out
4347,263,OP,OP1,Dadada
4348,263,OP,OP2,"Hajimaru no wa, Sayonara"
4349,263,OP,OP3,Hey!!!
4350,263,OP,OP4,Baby U!
4351,263,OP,OP5,Only you- Kimi tono Kizuna -
4352,263,ED,ED1,Answer
4353,263,ED,ED2,Tsuyogari
4354,263,ED,ED3,Nanairo Namida
4355,263,ED,ED4,Papepipu♪ Papipepu♪ Papepipupo♪
4356,263,ED,ED5,Shojo Traveler
7956,264,OP,OP1,Pink Lemonade
7957,264,ED,ED1,Akumade Koi Wazurai
1789,265,OP,OP2,Wish Men
8926,266,OP,OP1,Uchuu no Kioku
8927,266,ED,ED1,Iru Imi
9414,267,ED,ED1,unforever
3967,268,OP,OP1,LIVE for LIFE ~Ookamitachi no Yoru~
3968,268,OP,OP2,Treasure
3969,268,ED,ED1,Egao no Housoku
9256,269,OP,OP1,Wonderland Girl
9257,269,ED,ED1,Shabon -Sonata ver.-
9258,269,ED,ED2,Shabon -Fina ver.-
9259,269,ED,ED3,Shabon -Kanon ver.-
9260,269,ED,ED4,Shabon -Serena ver.-
9261,269,ED,ED5,Shabon -Kyaro ver.-
9262,269,ED,ED6,Shabon -Cier ver.-
9263,269,ED,ED7,Shabon -Colorful Pastrale ver.-
6564,270,ED,ED1,Love! Library
523,271,OP,OP1,Tell Me Why
524,271,ED,ED1,Waiting So Long
6789,272,OP,OP1,Inferno
6790,272,ED,ED1,Meimoku no Kanata
6791,272,ED,ED2,Meimoku no Kanata English ver.
6792,272,ED,ED3,Ash Crow
7633,273,OP,OP1,Sacrifice
7634,273,ED,ED1,Issai wa Monogatari
4823,274,OP,OP1,Aria
4824,274,ED,ED1,Blood and Guts
4692,275,OP,OP1,Aria
4693,275,ED,ED1,Suite 'Blood and Guts'
5312,276,OP,OP1,Aria
5313,276,ED,ED1,breakthrough
5314,276,ED,ED2,L'Avenement Closing Credits
6961,277,OP,OP1,Burst Finish!
6962,277,ED,ED1,Believe
9070,278,OP,OP1,GATTI'N'ROLL!!
9071,278,ED,ED1,GATTI'N'ROLL!! (Instrumental)
7635,279,OP,OP1,Evolution Burst!
7636,279,ED,ED1,Bey-ercise
7637,279,ED,ED2,Bey-ercise 2
8320,280,OP,OP1,Chouzetsu Muteki Blader!
8321,280,ED,ED1,BEY-POP
8322,280,ED,ED2,BEY-POP SWING
9638,281,OP,OP1,Sparking Revolution
9639,281,ED,ED1,Sparking Revolution (Instrumental)
6020,282,ED,ED1,Geki
6963,283,OP,OP1,DISORDER
6964,283,ED,ED1,Kobore Sekai Oware
1,284,OP,OP1,Big X
6169,285,ED,ED1,
8323,286,OP,OP1,Zettai Saikou ☆Happy Kiss☆
8324,286,ED,ED1,Warera Kitakaki Etherstein!!
6469,287,OP,OP1,Zettai Muteki☆Fallin' LOVE☆
6470,287,ED,ED1,I miss you no 3 meters
6793,288,OP,OP1,Futten Toppa☆LOVE IS POWER☆
6794,288,ED,ED1,Anata wa Haruka Ittousei
4580,289,OP,OP1,Make My Day!
4581,289,ED,ED1,Koi Boudou
2558,290,OP,OP1,Iroha
2559,290,ED,ED1,Binchou Ondo
9072,291,ED,ED1,THE SHOW
525,292,OP,OP1,Moonlight Densetsu
526,292,ED,ED1,Heart Moving
527,292,ED,ED2,Princess Moon
528,292,OP,OP1-EN,Sailor Moon Theme
5589,293,OP,OP1,MOON PRIDE
5590,293,ED,ED1,Gekkou
6965,294,OP,OP1,New Moon ni Koishite
6966,294,OP,OP2,New Moon ni Koishite
6967,294,OP,OP3,New Moon ni Koishite
6968,294,ED,ED1,eternal eternity
6969,294,ED,ED2,Otome no Susume
6970,294,ED,ED3,Eien ga Futari wo Kakeru
529,295,OP,OP1,Moonlight Densetsu
530,295,ED,ED1,Otome no Policy
531,296,OP,OP1,Moonlight Densetsu
532,296,ED,ED1,Moon Revenge
533,297,OP,OP1,Moonlight Densetsu
534,297,ED,ED1,Otome no Policy
535,297,ED,ED2,Tuxedo Mirage
536,298,OP,OP1,Moonlight Densetsu
537,298,ED,ED1,Moonlight Destiny
538,299,OP,OP1,Sailor Star Song
539,299,ED,ED1,Kaze mo Sora mo Kitto...
540,299,ED,ED2,Moonlight Densetsu
541,300,OP,OP1,Moonlight Densetsu
542,300,ED,ED1,Watashi-tachi ni Naritakute
543,300,ED,ED2,Rashiku Ikimasho
544,301,ED,ED1,Rashiku Ikimasho
545,302,OP,OP1,Moonlight Densetsu
546,302,ED,ED1,Morning Moon de Aimashou
6971,303,OP,OP1,Dream Climber
6565,304,OP,OP1,Galaxy Party ~Uchuu no Mannaka de Party Shiyou!~
6566,304,ED,ED1,Zettaiteki Seiten Aozora
2253,305,OP,OP1,Ashita no Kioku
2254,305,ED,ED1,Shinkirou
5720,306,OP,OP1,black bullet
5721,306,ED,ED1,Tokohana
5722,306,ED,ED2,Wasurenai Tame ni
5723,306,ED,ED3,Wasurenai Tame ni for lotus
2066,307,OP,OP1,Daia no Hana
2067,307,ED,ED1,Namidaboshi
2068,307,ED,ED2,Kutsuzure
7212,308,OP,OP1,Haruka Mirai
7213,308,OP,OP2,PAiNT it BLACK
7214,308,OP,OP3,Black Rover
7215,308,OP,OP4,Guess Who Is Back
7216,308,OP,OP5,Gamushara
7217,308,OP,OP6,Rakugaki Page
7218,308,OP,OP7,JUSTadICE
7219,308,OP,OP8,sky&blue
7220,308,OP,OP9,RiGHT NOW
7221,308,OP,OP10,Black Catcher
7222,308,OP,OP11,Stories
7223,308,OP,OP12,Eien ni Hikare
7224,308,OP,OP13,Grandeur
7225,308,ED,ED1,Aoi Honoo
7226,308,ED,ED2,Amazing Dreams
7227,308,ED,ED3,Black to the dreamlight
7228,308,ED,ED4,four
7229,308,ED,ED5,four
7230,308,ED,ED6,Tenjou Tenge
7231,308,ED,ED7,My Song My Days
7232,308,ED,ED8,Hana ga Saku Michi
7233,308,ED,ED9,against the gods
7234,308,ED,ED10,Jinsei wa Senjou da
7235,308,ED,ED11,New Page
7236,308,ED,ED12,Answer
7237,308,ED,ED13,A Walk
7238,308,ED,ED14,BEAUTIFUL
8786,309,ED,ED1,BLACKFOX
2435,310,OP,OP1,Destiny -Taiyou no Hana-
2436,310,ED,ED1,careless breath
2437,310,ED,ED2,Silence whispers
2438,311,OP,OP1,Red Fraction
2439,311,ED,ED1,Don't Look Behind
3805,312,OP,OP1,Red Fraction IO Drive mix
3806,312,ED,ED1,When Johnny Comes Marching Home
3807,312,ED,ED2,This Moment: Prayer in the Light
2255,313,OP,OP1,Red Fraction
2256,313,ED,ED1,Don't Look Behind
2257,313,ED,ED2,The World of Midnight
2258,313,ED,ED3,Peach Headz Addiction
4825,314,OP,OP1,Black★Rock Shooter
4826,314,ED,ED1,Bokura no Ashiato
5724,315,OP,OP1,Sayonara Usotsuki
5725,315,ED,ED1,RAINBOW
3054,316,OP,OP1,Akai Usagi
3055,316,ED,ED1,wants
4884,317,OP,OP1,BLUE BLAZE
4885,317,ED,ED1,REINCARNATION BLUE
4886,317,ED,ED2,synonym
1790,318,OP,OP1,*~Asterisk
1791,318,OP,OP2,D-tecnolife
1792,318,OP,OP3,Ichirin no Hana
1793,318,OP,OP4,"Tonight, Tonight, Tonight"
1794,318,OP,OP5,Rolling Star
1795,318,OP,OP6,ALONES
1796,318,OP,OP7,After Dark
1797,318,OP,OP8,CHU-BURA
1798,318,OP,OP9,Velonica
1799,318,OP,OP10,Shoujo S
1800,318,OP,OP11,Anima Rossa
1801,318,OP,OP12,chAngE
1802,318,OP,OP13,Ranbu no Melody
1803,318,OP,OP14,BLUE
1804,318,OP,OP15,HARUKAZE
1805,318,ED,ED1,Life is Like a Boat
1806,318,ED,ED2,Thank You!!
1807,318,ED,ED3,Houkiboshi
1808,318,ED,ED4,Happy People
1809,318,ED,ED5,Life
1810,318,ED,ED6,My Pace
1811,318,ED,ED7,Hanabi
1812,318,ED,ED8,MOVIN!!
1813,318,ED,ED9,Baby It's You
1814,318,ED,ED10,Sakura Biyori
1815,318,ED,ED11,Tsumasaki
1816,318,ED,ED12,Daidai
1817,318,ED,ED13,Tane wo Maku Hibi
1818,318,ED,ED14,Kansha
1819,318,ED,ED15,Orange
1820,318,ED,ED16,Gallop
1821,318,ED,ED17,Hitohira no Hanabira
1822,318,ED,ED18,Sky Chord ~Otona ni Naru Kimi he~
1823,318,ED,ED19,"Kimi wo Mamotte, Kimi wo Aishite"
1824,318,ED,ED20,Mad Surfer
1825,318,ED,ED21,Sakurabito
1826,318,ED,ED22,Tabidatsu Kimi e
1827,318,ED,ED23,Stay Beautiful
1828,318,ED,ED24,Echoes
1829,318,ED,ED25,Last Moment
1830,318,ED,ED26,Song for...
1831,318,ED,ED27,Aoi Tori
1832,318,ED,ED28,Haruka Kanata
1833,318,ED,ED29,Re:pray
1834,318,ED,ED30,Mask
7239,319,OP,OP1,Bon Appétit♡S
7240,319,ED,ED1,Detarame na Minus to Plus ni Okeru Blend Kou
7241,319,ED,ED2,Bon Appétit♡S -All staff ver.-
2069,320,OP,OP1,Aozora no Namida
2070,320,OP,OP2,SEASON'S CALL
2071,320,OP,OP3,Colors of the Heart
2072,320,OP,OP4,Raion
2073,320,ED,ED1,Kataritsugu koto
2074,320,ED,ED2,CRY NO MORE
2075,320,ED,ED3,This Love
2076,320,ED,ED4,Brand New Map
4084,321,OP,OP1,spiral
4085,321,ED,ED1,Junketsu Paradox
5036,322,OP,OP1,ViViD
5037,322,ED,ED1,BLOODY HOLIC
6567,323,OP,OP1,Atae ga Kyoumei -NENTEN-
6568,323,ED,ED1,quiet squall
2737,324,OP,OP1,FRIEND
2738,324,OP,OP2,Mune ni Kibou o
2739,324,ED,ED1,Fly So High
2740,324,ED,ED2,Kokoro
2741,324,ED,ED3,HANA
2742,324,ED,ED4,Sepia
2603,325,OP,OP1,BLUE
2604,325,ED,ED1,Tsubomi -blue dreams
547,326,OP,OP1,Carnival Babel
548,326,ED,ED1,Touch and Go
9640,327,OP,OP1,Ready to
9641,327,ED,ED1,NIGHT RUNNING
1644,328,OP,OP1,Wild Challenger
1645,328,OP,OP2,Baka Survivor
1646,328,ED,ED1,Shiawase
1647,328,ED,ED2,Kirai Tune
1648,328,ED,ED3,H.P.S.J.
7114,329,OP,OP1,Re:Re:
7115,329,ED,ED1,Sore wa Chiisana Hikari no You na
6972,330,OP,OP1,The Day
6973,330,ED,ED1,HEROES
7638,331,OP,OP1,Peace Sign
7639,331,OP,OP2,Sora ni Utaeba
7640,331,ED,ED1,"Dakara, Hitori Janai"
7641,331,ED,ED2,Datte Atashi no Hero.
8325,332,OP,OP1,ODD FUTURE
8326,332,OP,OP2,Make My Story
8327,332,ED,ED1,Update
8328,332,ED,ED2,Long Hope Philia <TV Limited.>
8787,333,OP,OP1,Polaris
8788,333,OP,OP2,Star Marker
8789,333,ED,ED1,Koukai no Uta
8790,333,ED,ED2,Shout Baby
8153,334,ED,ED1,Long Hope Philia
8791,335,ED,ED1,Higher Ground
7242,336,OP,OP1,Eien Labyrinth
7243,336,ED,ED1,Koi no Himitsu
9968,337,OP,OP1,Take mo' Chance
9969,337,ED,ED1,FREEDOM de Muda ni Muteki!!
3970,338,OP,OP1,Zannenkei Rinjinbu (Hoshi Futatsu Han)
3971,338,ED,ED1,Watashi no Kimochi
5315,339,OP,OP1,Be My Friend
5316,339,ED,ED1,Bokura no Tsubasa
4582,340,OP,OP1,Zannenkei Rinjinbu (Hoshi Futatsu Han)
4583,340,ED,ED1,Kimi wa Tomodachi
8792,341,OP,OP1,Kessen Zenya
8793,341,ED,ED1,Spirit
5726,342,OP,OP1,"Itsuka no, Ikutsuka no Kimi to no Sekai"
5727,342,ED,ED1,My Sweet Shelter
2743,343,OP,OP1,Uninstall
2744,343,ED,ED1,Little Bird
2745,343,ED,ED2,Vermillion
2221,344,OP,OP1,Bokusatsu Tenshi Dokuro-Chan
2222,344,ED,ED1,SURVIVE
2694,345,OP,OP1,Bokusatsu Tenshi Dokuro-Chan 2007
2695,345,ED,ED1,Bokusatsu Ondo de Dokuro-chan
9073,346,OP,OP1,Seishun Seminar
9074,346,ED,ED1,Never Give It Up!!
8794,347,OP,OP1,"Can now, Can now"
8795,347,ED,ED1,Houkago no Liberty
8796,347,ED,ED2,Kankei ≧ Houteishiki
1419,348,OP,OP1,Boku wa Gakeppuchi
1420,348,OP,OP2,Hop! Skip! Jump!
1421,348,ED,ED1,Chiisana koro no Chiisana Kioku
1422,348,ED,ED2,love letter
6974,349,ED,ED1,Bonobono Suru
9264,350,OP,OP1,shadowgraph
9265,350,ED,ED1,Whiteout
9266,350,ED,ED2,Sayonara
1242,351,OP,OP1,Yuudachi
1243,351,ED,ED1,Mirai-Seiki Maruhi Club
7642,352,OP,OP1,Baton Road
7643,352,OP,OP2,OVER
7644,352,OP,OP3,It's all in the game
7645,352,OP,OP4,Lonely Go!
7646,352,OP,OP5,Golden Time
7647,352,OP,OP6,Teenage Dream
7648,352,OP,OP7,Hajimatte Iku Takamatte Iku
7649,352,OP,OP8,BAKU
7650,352,ED,ED1,Dreamy Journey
7651,352,ED,ED2,Sayonara Moon Town
7652,352,ED,ED3,Boku wa Hashiri Tsuzukeru
7653,352,ED,ED4,Denshin Tamashii
7654,352,ED,ED5,Hana Tori Kaze Tsuki
7655,352,ED,ED6,Leica
7656,352,ED,ED7,Polaris
7657,352,ED,ED8,Tsuyogari LOSER
7658,352,ED,ED9,Ride or Die
7659,352,ED,ED10,Mikansei na Hikari-tachi
7660,352,ED,ED11,Wish on
7661,352,ED,ED12,Fireworks
7662,352,ED,ED13,Maybe I
7663,352,ED,ED14,Central
7664,352,ED,ED15,Answers
10115,352,ED,ED16,Kimi ga Ita Shirushi
10361,352,OP,OP9,Gamushara
10362,352,ED,ED17,Who are you?
10808,352,ED,ED18,Prologue
11063,352,OP,OP10,GOLD
11064,352,ED,ED19,VOLTAGE
11357,352,ED,ED20,Twilight Fuzz
11600,352,OP,OP11,Kirarirari
11601,352,ED,ED21,Bibouroku
11790,352,ED,ED22,Ladder
12031,352,OP,OP12,Shukuen
12032,352,ED,ED23,Mata ne
6170,353,ED,ED1,Diver
3056,354,OP,OP1,Shut Up And Explode
3057,354,OP,OP2,Back on my Feet
3058,354,ED,ED1,Vacancy
3059,354,ED,ED2,Over U
3060,354,ED,ED3,Just Breathe
549,355,OP,OP1,IN MY DREAM
550,355,ED,ED1,Ai no Field
4827,356,OP,OP1,Seirei Hirai
4828,356,ED,ED1,Adeosu
6569,357,OP,OP1,Ashita no Tsubasa
6570,357,ED,ED1,Little Wing ~Spirit of LINDBERG~
6571,357,ED,ED2,Little Wing ~Spirit of LINDBERG~
6572,357,ED,ED3,Little Wing ~Spirit of LINDBERG~
6573,357,ED,ED4,Little Wing ~Spirit of LINDBERG~
6574,357,ED,ED5,Little Wing ~Spirit of LINDBERG~
6575,357,ED,ED6,Little Wing ~Spirit of LINDBERG~
6576,357,ED,ED7,Little Wing ~Spirit of LINDBERG~
6577,357,ED,ED8,Little Wing ~Spirit of LINDBERG~
6578,357,ED,ED9,Little Wing ~Spirit of LINDBERG~
6579,357,ED,ED10,Little Wing ~Spirit of LINDBERG~
6580,357,ED,ED11,Little Wing ~Spirit of LINDBERG~
6581,357,ED,ED12,Little Wing ~Spirit of LINDBERG~
7489,358,OP,OP1,Ashita no Tsubasa
7490,358,ED,ED1,LITTLE WING ~Spirit of LINDBERG~
5728,359,OP,OP1,Junction heart
5729,359,ED,ED1,"Itoshiki Aragaiyo, Michibike Hikari e"
3808,360,OP,OP1,Fate
3809,360,ED,ED1,SERIOUS-AGE
3810,361,OP,OP1,Fate
3811,361,ED,ED1,SERIOUS-AGE
3723,362,OP,OP1,Fate
3724,362,ED,ED1,SERIOUS-AGE
3598,363,OP,OP1,Fate
3599,363,ED,ED1,SERIOUS-AGE
4357,364,OP,OP1,Fate
4358,364,ED,ED1,SERIOUS-AGE
4359,365,OP,OP1,Fate
4360,365,ED,ED1,Nageki no Oto
1198,366,OP,OP1,"Kaze no Ao, Umi no Midori"
1199,366,ED,ED1,Nijiiro no Takaramono
1200,366,ED,ED2,Nijiiro no Takaramono
5038,367,OP,OP1,BELOVED×SURVIVAL
5039,367,ED,ED1,14 to 1
4448,368,OP,OP1,"No pain, No game"
4449,368,OP,OP2,Exist
4450,368,ED,ED1,Aozora
7116,369,OP,OP1,Beat your Heart
7117,369,ED,ED1,ANGER/ANGER
6582,370,OP,OP1,"Reirou taru Junketsu wa 'Kouen' no Kairai o Hayarase, Gyouten ni Kirameku Akashi o Kizamu."
6583,370,ED,ED1,so beautiful ;- )
5877,371,OP,OP1,UNISONIA
5878,371,ED,ED1,Ano Sora ni Kaeru Mirai de
3812,372,OP,OP1,Musou Garden
3813,372,ED,ED1,Kotonoha
3814,372,ED,ED2,Aozora no Mukou
3815,372,ED,ED3,Hidamari Hakusho
6975,373,OP,OP1,Trash Candy
6976,373,ED,ED1,Namae wo Yobu yo
6584,374,OP,OP1,Reason Living
6585,374,ED,ED1,Kaze ga Fuku Machi
9075,375,OP,OP1,Setsuna no Ai
9076,375,ED,ED1,Lily
8548,376,OP,OP1,Deadly Drive
8549,376,ED,ED1,Bokura
9723,377,ED,ED1,Namae wo Yobu yo
10104,377,ED,ED2,Kaze ga Fuku Machi
9642,378,OP,OP1,Good-bye
9643,378,ED,ED1,Yabunonaka no Synthesis
9415,379,ED,ED1,Blowing
2033,380,OP,OP1,ACTION!~THEME FOR BURN-UP SCRAMBLE
2034,380,ED,ED1,0 or ∞ -Love or Unlimited-
8928,381,ED,ED1,Don't Stop Moving
8929,381,ED,ED1-Plus,Sudara Bushi
2259,382,OP,OP1,Makka na Chikai
2260,382,ED,ED1,Hoshi Akari
2261,382,ED,ED2,Itoshiki Sekai
4451,383,OP,OP1,Install x Dream
4452,383,ED,ED1,Taiyou no Sign
4086,384,OP,OP1,Labyrinth
4087,384,OP,OP2,Kokou no Katarushisu
7665,385,OP,OP1,Shocking Blue
7666,385,ED,ED1,DECIDE
8329,386,OP,OP1,Growth Arrow
8330,386,ED,ED1,Hidamari no Niwa ~Eternal Garden~
8331,386,ED,ED2,Equal
551,387,OP,OP1,Access wa Anata kara
2852,388,ED,ED1,"One more time, one more chance"
4218,389,OP,OP1,Matryoshka
4219,389,ED,ED1,RPG
3972,390,OP,OP1,Endless Story
3973,390,OP,OP2,Shirushi
3974,390,ED,ED1,Hana
3975,390,ED,ED2,Sympathy of Love
8332,391,OP,OP1,Re Netto
8333,391,OP,OP2,Paradigm Box
8334,391,ED,ED1,HYPNO
4584,392,OP,OP1,BRAVE BLADE!
4585,392,ED,ED1,Raise
3379,393,OP,OP1,mind as Judgment
3380,393,ED,ED1,My heaven
3106,394,ED,ED1,Koi no Katachi
3107,394,ED,ED2,Bring up...LOVE
3108,394,ED,ED3,romance
53,395,OP,OP1,Candy Candy
54,395,ED,ED1,Ashita ga Suki
8930,396,OP,OP1,Showdown
8931,396,ED,ED1,Regardless
2077,397,OP,OP1,Plastic Smile
2078,397,ED,ED1,NA NA IRO
5730,398,OP,OP1,Believers High
5731,398,OP,OP2,TOKYO Dreamer
5732,398,ED,ED1,Amethyst
5733,398,ED,ED2,The Glory Days
8335,399,OP,OP1,Start Dash!
8336,399,OP,OP2,Kizudarake no Ai
8337,399,ED,ED1,Moete Hero
8338,399,ED,ED2,Moete Hero
8339,399,ED,ED3,Moete Hero
8340,399,ED,ED4,Moete Hero
8341,399,ED,ED5,Moete Hero
8342,399,ED,ED6,Moete Hero
8343,399,ED,ED7,Moete Hero
8344,399,ED,ED8,Moete Hero
8345,399,ED,ED9,Moete Hero (Chuugakusei-hen Arrange)
8346,399,ED,ED10,Moete Hero (Chuugakusei-hen Arrange)
8347,399,ED,ED11,Moete Hero (Chuugakusei-hen Arrange)
8348,399,ED,ED12,Moete Hero (Chuugakusei-hen Arrange)
8349,399,ED,ED13,Moete Hero (Chuugakusei-hen Arrange)
8350,399,ED,ED14,Moete Hero (Chuugakusei-hen Arrange)
8351,399,ED,ED15,Moete Hero (Chuugakusei-hen Arrange)
8352,399,ED,ED16,Moete Hero (Chuugakusei-hen Arrange)
187,400,OP,OP1,Moete Hero
188,400,OP,OP2,Moete Hero
189,400,ED,ED1,Fuyu no Lion
190,400,ED,ED2,Tsubasa yo Hashire!
191,400,ED,ED3,Asu ni Mukatte Shoot
552,401,OP,OP1,Catch You Catch Me
553,401,OP,OP2,Tobira wo Akete
554,401,OP,OP3,Platinum
555,401,ED,ED1,Groovy!
556,401,ED,ED2,Honey
557,401,ED,ED3,Tobira wo Akete
558,401,ED,ED4,Fruits Candy
8550,402,OP,OP1,CLEAR
8551,402,OP,OP2,Rocket Beat
8552,402,ED,ED1,Jewelry
8553,402,ED,ED2,Rewind
4361,403,OP,OP1,Vanguard
4362,403,OP,OP2,Believe in my existence
4363,403,ED,ED1,Diamond Star☆
4364,403,ED,ED2,Smash Up!!
4365,403,ED,ED3,DREAM SHOOTER
4366,403,ED,ED4,Starting Again
4367,403,ED,ED5,Nakimushi TREASURES
8353,404,OP,OP1,Legendary
8354,404,OP,OP2,Destiny Calls
8355,404,ED,ED1,GIFT from THE FIGHT!!
8356,404,ED,ED2,Triangle Message
8357,404,ED,ED3,Mainichi Climax☆
8358,404,ED,ED4,UNSTOPPABLE
4694,405,OP,OP1,LIMIT BREAK
4695,405,ED,ED1,Jounetsu-ism
4696,405,ED,ED2,Fighting Growing Diary
4697,405,ED,ED3,Entry!
5426,406,OP,OP1,BREAK IT!
5427,406,OP,OP2,Generation
5428,406,ED,ED1,Dakara Genki for YOU
5429,406,ED,ED2,NEXT PHASE
5430,406,ED,ED3,flower
5431,406,ED,ED4,Mekurumeku Yuuki!
6021,407,OP,OP1,YAIBA
6022,407,ED,ED1,Don't Look Back
6586,408,OP,OP1,"Hello, Mr. Wonder land"
6587,408,OP,OP2,→Next Generation
6588,408,ED,ED1,Wing of Image
6589,408,ED,ED2,Are you ready to FIGHT
6590,408,ED,ED3,Pleasure Stride
6591,408,ED,ED4,Natsuninare!
6977,409,OP,OP1,SHOUT!
6978,409,ED,ED1,High Touch☆Memory
6979,409,ED,ED2,Promise You!!
7244,410,OP,OP1,Jou no Hana
7245,410,ED,ED1,-HEROIC ADVENT-
9644,411,OP,OP1,What-if Wonderland!!
9645,411,ED,ED1,Gonna be right
9646,411,ED,ED2,Horizontal Oath
5734,412,OP,OP1,V-ROAD
5735,412,OP,OP2,KNOCK ON YOUR GATE!
5736,412,ED,ED1,Get Up
5737,412,ED,ED2,Get back yourself
5317,413,OP,OP1,Vanguard Fight
5318,413,OP,OP2,Mugen∞REBIRTH
5319,413,OP,OP3,Break your spell
5320,413,ED,ED1,ENDLESS☆FIGHTER
5321,413,ED,ED2,Yume Yume Express
5322,413,ED,ED3,Ride on fight!
5323,413,ED,ED4,Fly away -Oozora e-
5432,414,OP,OP1,V-ROAD (symphony ver.)
5433,414,ED,ED1,Harmonia
8932,415,OP,OP1,Lead the way
8933,415,ED,ED1,Gift
8934,415,ED,ED2,Bokura no Turn
9077,416,OP,OP1,Invincible Fighter
9078,416,ED,ED1,Takin' my Heart
9079,416,ED,ED2,Mainichi Climax☆
4088,417,OP,OP1,Super☆Affection
4089,417,ED,ED1,Fellows
4090,417,ED,ED2,FINAL DEAD LANCER
9080,418,OP,OP1,Kiss Me
9081,418,OP,OP2,Polly Jean
9082,418,ED,ED1,Hold Me Now
9083,418,ED,ED2,Not Afraid
9084,418,ED,ED3,Endless
9085,418,ED,ED4,The Tower
9086,418,ED,ED5,Mother
559,419,OP,OP1,Casshern: Kaze no Bo`hyou
560,419,ED,ED1,Casshern: Kaze no Bo`hyou
561,419,ED,ED2,Stand Alone: Kare Hateta Kokoro ni
562,419,ED,ED3,In My Heart: Yume no Mama de
563,419,ED,ED4,Kibou Shigosen ~Horizon Blue~
2946,420,OP,OP1,Aoi Hana
2947,420,ED,ED1,Reason
2948,420,ED,ED2,Aoi Kage
2949,420,ED,ED3,Hikari to Kage
2950,420,ED,ED4,A Path
192,421,OP,OP1,Cat's Eye
193,421,OP,OP2,Derringer
194,421,ED,ED1,Dancing with the sunshine
195,421,ED,ED2,Hot Stuff
9087,422,ED,ED1,"#Love feat. Ann, gaku"
7491,423,OP,OP1,Oshiete Darwin
7492,423,ED,ED1,Edelweiss
7493,423,ED,ED2,Edelweiss (English Ver.)
7829,424,OP,OP1,MY LIBERATION
7830,424,ED,ED1,True Destiny
564,425,OP,OP1,Ima ga Sono Toki da
565,425,OP,OP2,Heats
566,425,ED,ED1,Yakusoku no Oka
567,425,ED,ED2,Hurry Up Dream
6171,426,OP,OP1,ISOtone
6172,426,ED,ED1,Delta Decision
7831,427,OP,OP1,Uncontrollable
7832,427,ED,ED1,Chaos Syndrome
7833,428,ED,ED1,Find the blue
2951,429,OP,OP1,F.D.D
2952,429,ED,ED1,Super Special
14259,429,ED,ED1-BD,D.P.
6173,430,OP,OP1,Bravely You
6174,430,ED,ED1,Yake Ochinai Tsubasa
6175,430,ED,ED2,Rakuen made
6592,431,OP,OP1,Kasoku Suru Trial
6593,431,ED,ED1,Welcome Future
6795,432,OP,OP1,Hajime no Ippo
6796,432,ED,ED1,LIMIT BREAKERS
3109,433,OP,OP1,Ouchi ga ichiban
568,434,OP,OP1,Yume Ippai
569,434,ED,ED1,Odoru Pompokorin
570,434,ED,ED2,Hashire Shoujikimono
1255,435,OP,OP1,Sugar Baby Love
1256,435,ED,ED1,Snow flower
1694,436,OP,OP1,Sugar Baby Love
1695,436,ED,ED1,Kokoro no Piano
3976,437,OP,OP1,YOUTHFUL
3977,437,ED,ED1,Soshite Ima
3978,437,ED,ED2,YOUTHFUL
5324,438,OP,OP1,STAR
5325,438,ED,ED1,Akanezora
5326,438,ED,ED2,YOUTHFUL
8797,439,OP,OP1,COLORFUL
8798,439,ED,ED1,Hitomebore
8154,440,ED,ED1,Chiisana Eiyuu
1393,441,OP,OP1,SAMURAI
1394,441,ED,ED1,Hana no Katachi
1395,442,OP,OP1,Mameshiba
1396,442,ED,ED1,Mameshiba
1397,442,ED,ED2,Sanctuary
1398,442,ED,ED3,Kuuki to Hoshi
1399,442,ED,ED4,Teresa
1400,442,ED,ED5,Bike
1401,442,ED,ED6,Early Bird
1402,442,ED,ED7,Saigo no Mameshiba
8155,443,OP,OP1,Danger in my Tsuugakuro
8156,443,ED,ED1,Nanairoad
7834,444,OP,OP1,Boku no Te ni Fureru na
4586,445,OP,OP1,Chitose Get You! no Uta
4587,445,OP,OP2,Chitose I Love You
1563,446,OP,OP1,Let Me Be With You
1564,446,ED,ED1,Raison d'être
1565,446,ED,ED2,Ningyohime
1566,446,ED,ED3,Katakoto no Koi
5327,447,ED,ED1,Giri Giri Saikyou Ai Mai Mii!
7835,448,OP,OP1,"Zenin Shuugou, Ai Mai Mii!!!"
55,449,OP,OP1,Chougattai Majutsu Robot Ginguiser
56,450,OP,OP1,Voltes V no Uta
57,450,ED,ED1,Chichi wo Motomete
58,451,OP,OP1,Combattler V no Theme
2035,452,OP,OP1,Chou Henshin! Cosprayer
2036,452,ED,ED1,Mirai e no Yakusoku
9088,453,OP,OP1,Soreyuke! Koigokoro
9089,453,ED,ED1,ONE
196,454,OP,OP1,Lonely Chaser
197,454,ED,ED1,Memory Lullaby
5040,455,OP,OP1,Dimension tripper!!!!
5041,455,ED,ED1,Neptune☆Sagashite
5042,455,ED,ED2,Go→Love & Peace
5043,455,ED,ED3,Ito
198,456,OP,OP1,Hoshi no Deja Vu
199,456,ED,ED1,Yakusoku
200,457,OP,OP1,Hyouryuu: Sky Hurricane
201,457,ED,ED1,Kokoro wa Gypsy
202,457,OP,OP1-Oversea,Hyouryuu: Sky Hurricane
203,457,ED,ED1-Oversea,Kokoro wa Gypsy
8799,458,OP,OP1,Hajimete no Kakumei!
8800,458,ED,ED1,dear my distance
204,459,OP,OP1,Ai yo Faraway
11563,459,OP,OP2,Honto no Kiss wo Okaeshi ni
11564,459,ED,ED1,Burning Love
11565,459,ED,ED2,SHADOWY DREAM
1423,460,OP,OP1,Nageki no Rosario
1424,460,ED,ED1,Wish
2037,461,OP,OP1,Kurenai no Kiba
2038,461,ED,ED1,LA♪LA♪BYE
205,462,OP,OP1,Don't Look Back
206,462,OP,OP2,Yoru wo Buttobase!
207,462,ED,ED1,Forever
208,462,ED,ED2,Tender
4453,463,OP,OP1,Let's Go
4454,463,ED,ED1,Strobe
4455,463,ED,ED2,ONE STEP
4456,463,ED,ED3,Happy Natsumatsuri
4588,464,OP,OP1,Love Letter from Nanika?
4589,464,ED,ED1,Singin` My Lu
1649,465,OP,OP1,Tsubasa wa Pleasure Line
1650,465,ED,ED1,Sayonara Solitaire
3526,466,OP,OP1,Brave your truth
3527,466,ED,ED1,Yasashii Uso
3528,466,ED,ED2,Yasashii Uso
3529,466,ED,ED3,Yasashii Uso
3530,466,ED,ED4,Yasashii Uso
3531,466,ED,ED5,Ai no Zuellni
3532,466,ED,ED6,Ai no Zuellni
3533,466,ED,ED7,Ai no Zuellni
3880,467,OP,OP1,Choose Bright!!
3881,467,ED,ED1,Shy Girls
3882,467,ED,ED2,We Know
8801,468,OP,OP1,Chuubyou Gekihatsu Boy
8802,468,ED,ED1,Here comes The SUN
571,469,OP,OP1,Sora
572,469,OP,OP2,Iki mo Dekinai: Now I Can Breath
573,469,OP,OP3,Kimi Sae Ireba
574,469,ED,ED1,Aoi Sora ni Deaeta
575,469,ED,ED2,Mineral
576,469,ED,ED3,Kaze no You ni Jiyuu: Free as the Wind
8157,470,OP,OP1,Sassou to Hashiru Tonegawa-kun
8158,470,ED,ED1,Oki Tegami
8159,470,ED,ED2,Kyougen Mawashi
4457,471,OP,OP1,Sparkling Daydream
4458,471,ED,ED1,INSIDE IDENTITY
4459,472,OP,OP1,Kimi e
4460,472,ED,ED1,Shikkoku ni Odoru Haou Bushi
8554,473,OP,OP1,Journey
8555,473,ED,ED1,Kokoro no Namae
5879,474,OP,OP1,VOICE
5880,474,ED,ED1,Van!shment Th!s World
4887,475,ED,ED1,Shinen ni Mau Senritsu Shanikusai
7667,476,ED,ED1,Kira! Mankai Smile
7668,476,ED,ED2,Etude wa 1kyoku dake
7669,476,ED,ED3,Mouretsu★Yonaoshi Guilty!
7670,476,ED,ED4,SUN♡FLOWER
7671,476,ED,ED5,Kirarin Robo no Theme
7246,477,ED,ED1,Blooming Days
7247,477,ED,ED2,Akimeite Ding Dong Dang!
7248,477,ED,ED3,Snow*Love
8160,478,ED,ED1,Itoshiisaa
8161,478,ED,ED2,Natsukko Ondo
8162,478,ED,ED3,Sayonara Aloha
8163,478,ED,ED4,Dreaming Star
9090,479,ED,ED1,Kyun Kyun Max
9091,479,ED,ED2,Max Beat
9092,479,ED,ED3,TAKAMARI☆CLIMAXXX!!!!!
9647,480,ED,ED1,Sing the Prologue♪
9648,480,ED,ED2,Haru Koi Frame
9649,480,ED,ED3,Watashi-iro no Prelude
9650,480,ED,ED4,Sekai Metsubou or KISS
9651,480,ED,ED5,Diamond Attention
9652,480,ED,ED6,Oyamatope♪
9653,480,ED,ED7,Dangan Survival
9654,480,ED,ED8,Shinobi 4.0 Ninja no Susume
9655,480,ED,ED9,"Kimi no Stage Ishou, Hontou wa..."
9656,480,ED,ED10,Priceless Donuts Cyu♡
9657,480,ED,ED11,Omoide ja Nai Kyou wo
9658,480,ED,ED12,Hatsuyume wo Anata to
9659,480,ED,ED13,Life is HaRMONY
9660,480,ED,ED14,Milky Mode
10150,480,ED,ED15,Utakata no Aeon
10151,480,ED,ED16,Mangan Jouju♪ Miko no Kamidanomi!
9267,481,OP,OP1,HEAT:Moment
9268,481,ED,ED1,Circle-Lets Friends!
8556,482,OP,OP1,Azalea
8557,482,ED,ED1,Dear Teardrop
209,483,OP,OP1,CITY HUNTER ~Ai yo Kienaide~
210,483,OP,OP2,Go Go Heaven
211,483,ED,ED1,Get Wild
212,484,OP,OP1,Angel Night
213,484,OP,OP2,Sara
214,484,ED,ED1,Super Girl -CITY HUNTER 2-
215,484,ED,ED2,Still Love Her
9269,485,OP,OP1,Mr. Cool
9270,485,ED,ED1,Get Wild
9271,485,ED,ED2,STILL LOVE HER (Ushinawareta Fuukei)
2605,486,OP,OP1,Megumeru ~cuckool mix 2007~
2606,486,ED,ED1,Dango Daikazoku
2953,487,OP,OP1,Toki wo Kizamu Uta
2954,487,ED,ED1,TORCH
2955,487,ED,ED2,Chiisana Te no Hira
3381,488,OP,OP1,Toki wo Kizamu Uta
3382,488,ED,ED1,Ana
2696,489,OP,OP1,Megumeru
2697,489,ED,ED1,Chiisana Te no Hira
6594,490,OP,OP1,ClassicaLoid: ClassicaLoid no Theme
6595,490,ED,ED1,"Jounetsu ni Tsuite Kataru Beki 2, 3, no Shinjitsu ~Denen yori~"
6596,490,ED,ED2,Ainekuraine Yoru no Music
6597,490,ED,ED3,Ai no Ya no Yume
6598,490,ED,ED4,Lullaby
6599,490,ED,ED5,Koutei no Bigaku
6600,490,ED,ED6,Yatterannai Kibun
6601,490,ED,ED7,Honoo no Requiem
6602,490,ED,ED8,Fool Love Rhapsody ~Hungarian Rhapsodies~
6603,490,ED,ED9,Rokugen no Monster ~From Kreutzer Sonata~
6604,490,ED,ED10,Yowa no Tsuki ~From Fantaisie-Impromptu~
6605,490,ED,ED11,Shalala Nayandetemo Kaiketsusen ~From The Nutcracker~
6606,490,ED,ED12,How to Win! ~From Toccata und Fuge in d-Moll~
6607,490,ED,ED13,Masu
6608,490,ED,ED14,"Aah, Endless Dream ~From A Maiden's Prayer~"
6609,490,ED,ED15,Boku wa Sousuke
6610,490,ED,ED16,4.A.M. Nocturne
6611,490,ED,ED17,Mikan Zombie March ~From Marcia Alla Turca~
6612,490,ED,ED18,Maryoku no Aria
6613,490,ED,ED19,Hakuchou Rock ~From Swan Lake~
6614,490,ED,ED20,Shippuu Dotou ~From Symphony No. 25 in G minor~
6615,490,ED,ED21,Schubert no Maoumichi
6616,490,ED,ED22,Houjou no Yume ~From Für Elise~
6617,490,ED,ED23,Funk Inazuma! ~From Suiten für Violoncello solo~
6618,490,ED,ED24,Subete wa Ai kara ~From Concerts avec plusieurs instruments~
7249,491,OP,OP1,ClassicaLoid ~ClassicaLoid no Theme~
7250,491,ED,ED1,Shuppatsu Shinkou!! Densetsu e ~From the New World Chapter 4~
7251,491,ED,ED2,Muteki no Sonata ~From The Symphony No. 7~
7252,491,ED,ED3,Love Game Daisakusen ~From Le nozze di Figaro~
7253,491,ED,ED4,Koinu no Carnival ~From Valse du Petit Chien~
7254,491,ED,ED5,Life is beautiful ~From The Great~
7255,491,ED,ED6,How to Win! ~From Toccata und Fuge in d-Moll~
7256,491,ED,ED7,Ai no Ya no Yume
7257,491,ED,ED8,Ainekuraine Yoru no Music
7258,491,ED,ED9,Song for the moon ~From Moonlight Sonana~
7259,491,ED,ED10,Ai no kane ~From La Campanella~
7260,491,ED,ED11,Salty Klasky
7261,491,ED,ED12,make the revolution ~Valkyrie no Kikou yori~
7262,491,ED,ED13,Dai Uchuu Ongaku Sanka No.9 ~From Sinfonie Nr. 9 d-moll op. 125~
7263,491,ED,ED14,GOING SWEET HOME ~From New World Chapter 2~
7264,491,ED,ED15,Houjou no Yume ~From Für Elise~
7265,491,ED,ED16,"Jounetsu ni Tsuite Kataru Beki 2, 3, no Shinjitsu ~Denen yori~"
7266,491,ED,ED17,Mephisto Sheriff ～From The Mephisto Waltzes～
7267,491,ED,ED18,Kakumei Sanka ～From Die Meistersinger von Nürnberg～
7268,491,ED,ED19,HAVE A NICE DAY! ～From Oboe Concerto～
7269,491,ED,ED20,Japanimation Eiyuu Polonaise
7270,491,ED,ED21,Ai dake ga Subete Janai!
7271,491,ED,ED22,Yami wo Kirisaku Hikari ~From Siegfried Funeral Music~
7272,491,ED,ED23,"Unmei, Kuzure Ochiru. ~From Symphony No. 5~"
6176,492,OP,OP1,Cobalt
6177,492,ED,ED1,Anemone
2746,493,OP,OP1,Raison D'être
2747,493,ED,ED1,Danzai no Hana~Guilty Sky
7494,494,OP,OP1,Clione no Akari
7495,494,ED,ED1,Sora wo Tobu Kaze
7672,495,OP,OP1,Clockwork Planet
7673,495,ED,ED1,Anti Clockwise
7674,496,OP,OP1,
7675,496,ED,ED1,cocolo
4590,497,ED,ED1,More Than Words
5044,498,ED,ED1,More Than Words
6287,499,ED,ED1,More Than Words
6178,500,ED,ED1,Arco
7118,501,ED,ED1,Arco
9272,502,OP,OP1,Kono Sekai de
9273,502,ED,ED1,Revive
2262,503,OP,OP1,COLORS
2263,503,OP,OP2,Kaidoku Funou
2264,503,OP,OP3,Hitomi no Tsubasa
2265,503,ED,ED1,Yuukyou Seishunka
2266,503,ED,ED2,Mosaic Kakera
7273,504,OP,OP1,COLORS
7274,504,ED,ED1,Nunnally
8558,505,OP,OP1,Yuukyou Seishunka
8559,505,ED,ED1,The Moon
8359,506,OP,OP1,WORLD END
8360,506,ED,ED1,NE:ONE
3110,507,OP,OP1,02~O-Two~
3111,507,OP,OP2,WORLD END
3112,507,ED,ED1,Shiawase Neiro
3113,507,ED,ED2,Waga Routashi Aku no Hana
4461,508,OP,OP1,DARK SHAME
4462,508,ED,ED1,Shiroi Karasu
7275,509,OP,OP1,kalmia
7276,509,ED,ED1,twinkle
3725,510,ED,ED1,Aozora
6023,511,OP,OP1,The Seed and the Sower
6024,511,ED,ED1,Oshiete Blue Sky
6025,511,ED,ED2,evolve
6026,511,ED,ED3,Hadashi no Mama Demo Kowakunai
6027,511,ED,ED4,Tsuioku no Kanata
6028,511,ED,ED5,Hitotsu ni Naritai
8361,512,OP,OP1,Memories
8362,512,ED,ED1,Namida wa Misenai
7958,513,OP,OP1,"Star light, Star bright"
7959,513,ED,ED1,Desires
7960,513,ED,ED2,Sailor Fuku to Kikanjuu
6029,514,OP,OP1,Katararezu Tomo
6030,514,ED,ED1,The Beginning
6980,515,OP,OP1,Wareru Doukoku
6981,515,ED,ED1,ALL-WAYS
6982,515,ED,ED2,THE LAST SONG
8935,516,OP,OP1,Rakuen Toshi
8936,516,ED,ED1,Connected
8937,517,OP,OP1,Rakuen Toshi
8938,517,ED,ED1,Nonfiction
4888,518,OP,OP1,ANGEL
4889,518,ED,ED1,Tooku Made
4890,518,ED,ED2,Bye Bye All Right
1339,519,OP,OP1,Kimi ni Smile
1340,519,OP,OP2,Miracle Power ~Stardust☆Version~
1341,519,ED,ED1,Twinkle☆Star
1342,519,ED,ED2,Hoshi no Parade☆
577,520,ED,ED1,Cosmic Fantasy
578,521,OP,OP1,Tank!
579,521,ED,ED1,The Real Folk Blues
580,521,ED,ED2,Space Lion
581,521,ED,ED3,Blue
1257,522,OP,OP1,Ask DNA
1258,522,ED,ED1,Gotta Knock a Little Harder
582,523,OP,OP1,Doubutsuen wa Taihen da
583,523,OP,OP2,Yume no END wa Itsumo Mezamashi!
584,523,OP,OP3,Ora wa Ninkimono
585,523,OP,OP4,Bakappo de GO!
586,523,OP,OP5,Nenjuu Muchuu 'I Want You'
587,523,OP,OP6,Tobe Tobe Onei-san
588,523,OP,OP7,Dame Dame no Uta
589,523,OP,OP8,PLEASURE
590,523,OP,OP9,Yuru Yuru de De-o!
591,523,OP,OP10,Yuru Yuru de De-o! 2007 Crayon Friends Version
592,523,OP,OP11,Hapi Hapi
593,523,OP,OP12,Hey baby!
594,523,OP,OP17,Muscat
595,523,OP,OP18,Superstar
596,523,ED,ED1,Uta wo Utaou
597,523,ED,ED2,Sunao ni Naritai
598,523,ED,ED3,DO-shite
599,523,ED,ED4,Shin-chan Ondo
600,523,ED,ED5,Party Join Us Daisakusen
601,523,ED,ED6,REGGAE
602,523,ED,ED7,Shin-chan Ondo ~Ora to Issho ni Odorouyo~
603,523,ED,ED8,BOYS BE BRAVE ~Shounen yo Yuuki wo Mote~
604,523,ED,ED9,Tsukiakari Funwari Ochitekuru Yoru
605,523,ED,ED10,Suki Suki♡My Girl
606,523,ED,ED11,Kyou wa Date
607,523,ED,ED12,Zentaiteki ni Daisuki Desu.
608,523,ED,ED13,Mama to no Oyakusoku Joukou no Uta
609,523,ED,ED14,Ari no Uta
14258,523,OP,OP19,Hacha Mecha Wacha Life!
5434,524,OP,OP1,Kindan no Resistance
5435,524,OP,OP2,Shinjitsu no Mokushiroku
5436,524,ED,ED1,Rinrei
5437,524,ED,ED2,Shuumatsu no Love Song
3979,525,OP,OP1,TRUTH
3980,525,ED,ED1,Tsubasa no Yukue
3425,526,OP,OP1,Summer Rain
3426,526,ED,ED1,Koi Kogarete Mita Yume
3427,526,ED,ED2,Orange Days
3428,526,ED,ED3,Moeru You na Koi Janai Kedo
3429,526,ED,ED4,Rehearsal
3430,526,ED,ED5,Koi Suru Otome
3114,527,OP,OP1,Never looking back
3115,527,ED,ED1,qué sera-sera
3116,527,ED,ED2,Kokoroyo Kaze ni Nare
59,528,OP,OP1,Cutey Honey
60,528,ED,ED1,Yogiri no Honey
610,529,OP,OP1,Cutey Honey
611,529,ED,ED1,Nakechau Hodo Setsunai Kedo
5328,530,OP,OP1,"Haruka, Nichijou no Naka de"
5329,530,ED,ED1,Prima Stella
8363,531,OP,OP1,Ai ga Nakucha Tatakaenai
8364,531,ED,ED1,SISTER
2,532,OP,OP1,Cyborg 009
3,532,ED,ED1,Tatakai Owatte
61,533,OP,OP1,Ta ga Tame ni
62,533,ED,ED1,Itsu no Hi ka
1259,534,OP,OP1,What's the justice?
1260,534,ED,ED1,genesis of next
1261,534,ED,ED2,STARTING FROM HERE
1262,534,ED,ED3,I do
6031,535,OP,OP1,Cyborg 009 ~Nine Cyborg Soldiers~
6032,535,ED,ED1,DEVILMIND ~Ai wa Chikara~
1696,536,OP,OP1,Sakura Saku Mirai Koi Yume
1697,536,ED,ED1,Mirai e no Melody
1698,536,ED,ED2,Utamaru Ekaki Uta
1699,536,ED,ED3,Sonzai
2607,537,OP,OP1,Sakura Kimi ni Emu
2608,537,ED,ED1,Yasashisa wa Ame no You ni
3117,538,OP,OP1,Sakura Amaneku Sekai
3118,538,ED,ED1,Bokutachi no Yukue
5330,539,OP,OP1,Sakura Happy Innovation
5331,539,ED,ED1,Aitai yo
5332,539,ED,ED2,Meguru
5333,539,ED,ED3,REFLECTION
2115,540,OP,OP1,Sakurairo no Kisetsu
2116,540,ED,ED1,Akatsuki ni Saku Uta
2117,540,ED,ED2,Kioku Love Letter
5881,541,OP,OP1,Stalemate!
5882,541,ED,ED1,Minna no Namae wo Irete Kudasai
2267,542,OP,OP1,INNOCENT SORROW
2268,542,OP,OP2,Brightdown
2269,542,OP,OP3,Doubt & Trust
2270,542,OP,OP4,Gekidou
2271,542,ED,ED1,Snow Kiss
2272,542,ED,ED2,Pride of Tomorrow
2273,542,ED,ED3,Yume no Tsuduki e
2274,542,ED,ED4,Antoinette Blue
2275,542,ED,ED5,Anata ga Koko ni Iru Riyuu
2276,542,ED,ED6,Wish
2277,542,ED,ED7,Regret
2278,542,ED,ED8,Changin'
6797,543,OP,OP1,"Key -bring it on, my Destiny-"
6798,543,ED,ED1,Lotus Pain
1718,544,OP,OP1,Byakuya ~ True Light
1719,544,ED,ED1,Yasashii gogo
1720,544,ED,ED2,Hajimari no hi
1721,544,ED,ED3,Caged Bird
1722,544,ED,ED4,Michishirube
9416,545,OP,OP1,Guru Guru DJ TURN!!
9417,545,ED,ED1,WOW WAR TONIGHT ~Toki ni wa Okose yo Movement~
9418,545,ED,ED2,Happy Music♪
7119,546,OP,OP1,Checkmate!?
7120,546,ED,ED1,Hey! Calorie Queen
8560,547,OP,OP1,OH MY Sugar Feeling!!
8561,547,ED,ED1,Okashi na Watashi to Hachimitsu no Kimi
2560,548,OP,OP1,Dai Mahou Touge
2561,548,ED,ED1,Hone Aru Kagiri Sakae Are!
63,549,OP,OP1,Daikuu Maryuu Gaiking
64,549,ED,ED1,Hoshizora no Gaiking
5438,550,OP,OP1,On my sheep
5439,550,ED,ED1,Aozora to Green Belt
4591,551,OP,OP1,Reason why XXX
4592,551,ED,ED1,Platinum 17
7961,552,OP,OP1,Fukanzen Monologue
7962,552,ED,ED1,Chuntaka!
8562,553,OP,OP1,DxDxD
8563,553,ED,ED1,Light & Shade
8564,553,ED,ED2,Promise
8565,553,ED,ED3,Treasure
4220,554,OP,OP1,1 Dream
4221,554,OP,OP2,Ishin Denshin
4222,554,ED,ED1,Boku no Chokinbako
4223,554,ED,ED2,Himitsu Kichi
3883,555,OP,OP1,Friends
3884,555,OP,OP2,Tsumeato
3885,555,ED,ED1,Tsumeato
6033,556,OP,OP1,Kakusei no Air
6034,556,ED,ED1,Mademoiselle
6179,557,ED,ED1,Let A Good Day
6180,557,ED,ED2,Gentle Mischief
6181,557,ED,ED3,Early Morning
6182,557,ED,ED4,Princess Durandal
5183,558,ED,ED4,Friends! Friends!
6799,559,OP,OP1,DEAD OR LIE
6800,559,ED,ED1,Recall THE END
6801,560,OP,OP1,Kami-iro Awase
6802,560,ED,ED1,Zettai Kibou Birthday
5045,561,OP,OP1,DANGANRONPA
5046,561,OP,OP2,Never Say Never
5047,561,ED,ED1,Zetsubousei: Hero Chiryouyaku
5048,561,ED,ED2,Saisei -rebuild- re:build ver
5440,562,ED,ED1,"Iikagen ni Shite, Anata"
5441,562,ED,ED2,Okusama no Blues
6288,563,ED,ED1,Yuruganu Futari ~Ai no Sanka~
6289,563,ED,ED2,Okusama no Blues
6290,563,ED,ED3,"Iikagen ni Shite, Anata (Acoustic ver.)"
5184,564,OP,OP1,Unmei no Ori
5185,564,ED,ED2,Kimi to Futari
4829,565,OP,OP1,Shiny tale
4830,565,ED,ED1,Bungaku Shoujo
4831,565,ED,ED2,Ohisama
4091,566,OP,OP1,Cras numquam scire
4092,566,ED,ED1,"yes, prisoner"
2748,567,OP,OP1,Howling
2749,567,OP,OP2,Kakusei Heroism ~The Hero without a Name~
2750,567,ED,ED1,Tsuki Akari
2751,567,ED,ED2,Dreams
3886,568,ED,ED1,Can you fly
3263,569,OP,OP1,Tsukiakari no Michishirube
3264,569,ED,ED1,From Dusk Till Dawn
8566,570,OP,OP1,KISS OF DEATH (Produced by HYDE)
8567,570,OP,OP2,KISS OF DEATH (Produced by HYDE) Remix ver.
8568,570,ED,ED1,Torikago
8569,570,ED,ED2,Manatsu no Setsuna
8570,570,ED,ED3,Beautiful World
8571,570,ED,ED4,Hitori
8572,570,ED,ED5,Escape
8573,570,ED,ED6,Darling
9970,571,OP,OP1,CHAIN
9971,571,ED,ED1,Alive
216,572,OP,OP1,Mitai Mono Mitai
217,572,ED,ED1,Seishun Dash!
5186,573,OP,OP1,Date A Live
5187,573,ED,ED1,Hatsukoi Winding Road
5188,573,ED,ED2,SAVE THE WORLD
5189,573,ED,ED3,SAVE MY HEART
5190,573,ED,ED4,Strawberry Rain
5738,574,OP,OP1,Trust in you
5739,574,ED,ED1,Day to Story
14428,574,ED,ED2,My Treasure
9274,575,OP,OP1,I swear
9275,575,ED,ED1,Last Promise
6803,576,OP,OP1,Wake We Up
6804,576,OP,OP2,Higher Climber
6805,576,ED,ED1,EVERLASTING DAYS
6806,576,ED,ED2,DAYS
4224,577,OP,OP1,One Reason
4225,577,ED,ED1,SHINY SHINY
8574,578,OP,OP1,Slide Ride
8575,578,ED,ED1,Suki no Skill
8576,578,ED,ED2,
2279,579,OP,OP1,THE WORLD
2280,579,OP,OP2,What's up people?
2281,579,ED,ED1,Alumina
2282,579,ED,ED2,Zetsubou Billy
2283,579,ED,ED3,Coda〜Death note
6471,580,OP,OP1,Flyers
6472,580,ED,ED1,Last Theater
1926,581,OP,OP1,Love Slave
1927,581,ED,ED1,Happy Cosmos
9566,582,OP,OP1,Theater of Life
9567,582,ED,ED1,Kioku no Hakobune
7836,583,OP,OP1,Original.
7837,583,ED,ED1,Fairy Tale
5442,584,OP,OP1,Kajirikake no Ringo
5443,584,ED,ED1,two-Dimension's Love
1343,585,OP,OP1,Diver #2100
1344,585,OP,OP2,SO DIVE!
1345,585,ED,ED1,TOGETHER
1346,585,ED,ED2,Fighters
2752,586,OP,OP1,Prism
2753,586,ED,ED1,Sora no Kakera
612,587,OP,OP1,Motto Motto Radical Fight!
613,587,ED,ED1,Ganbare! Otoko no Ko
614,587,ED,ED2,Namida no 5 Byoumai
615,587,ED,ED3,DREAMS
6291,588,OP,OP1,Youthful Dreamer
6292,588,OP,OP2,vivid brilliant door!
6293,588,ED,ED1,DREAMIN
6294,588,ED,ED2,MY ONLY ONE
4226,589,OP,OP1,Os-Uchuujin
4227,589,ED,ED1,Ruru
3534,590,ED,ED1,Taiyou
3535,590,ED,ED2,door
218,591,OP,OP1,Fukkatsu no Ideon
219,591,ED,ED1,Cosmos ni Kimi to
616,592,OP,OP1,Kaze no Mirai e
11276,592,ED,ED1,Hallelujah Papaya
11277,592,ED,ED2,Kaze no Mirai e (Gasshou Version)
3726,593,OP,OP1,LAMENT ~Yagate Yorokobi wo~
3727,593,OP,OP2,Last Inferno
3728,593,ED,ED1,Truth Of My Destiny
3729,593,ED,ED2,Hikari no Filament
617,594,OP,OP1,Mune ga Dokidoki
618,594,OP,OP2,Feel Your Heart
619,594,OP,OP3,Nazo
620,594,OP,OP4,Unmei no Roulette Mawashite
621,594,OP,OP5,Truth
622,594,OP,OP6,Girigiri Chop
623,594,OP,OP7,Mysterious Eyes
624,594,OP,OP8,"Koi wa Thrill, Shock, Suspense"
625,594,OP,OP9,Destiny
626,594,OP,OP10,Winter Bells
627,594,OP,OP11,I can't stop my love for you♥
628,594,OP,OP12,Kaze no Lalala
629,594,OP,OP13,Kimi to Yakusoku Shita Yasashii Ano Basho Made
630,594,OP,OP14,Start
631,594,OP,OP15,Hoshi no Kagayakiyo
632,594,OP,OP16,Growing of My heart
633,594,OP,OP17,Shoudou
634,594,OP,OP18,100 Mono Tobira
635,594,OP,OP19,Kumo ni Notte
636,594,OP,OP20,Namida no Yesterday
637,594,OP,OP21,Glorious Mind
638,594,OP,OP22,Ai wa Kurayami no Naka de
639,594,OP,OP23,Ichibyou goto ni Love for you
640,594,OP,OP24,MYSTERIOUS
641,594,OP,OP25,Revive
642,594,OP,OP26,Everlasting Luv
643,594,OP,OP27,MAGIC
644,594,OP,OP28,As the Dew
645,594,OP,OP29,SUMMER TIME GONE
646,594,OP,OP30,tear drops
647,594,OP,OP31,Don't Wanna Lie
648,594,OP,OP32,Misty Mystery
649,594,OP,OP33,Miss Mystery
650,594,OP,OP34,Kimi no Namida ni Konna ni Koi Shiteru
651,594,OP,OP35,TRY AGAIN
652,594,OP,OP36,Q&A
653,594,OP,OP37,Butterfly Core
654,594,OP,OP38,Greed
655,594,OP,OP39,Dynamite
656,594,OP,OP42,Hane
657,594,OP,OP46,Everything OK!!
658,594,OP,OP47,Countdown
659,594,OP,OP48,Timeline
660,594,OP,OP49,Barairo no Jinsei
661,594,OP,OP50,ANSWER
662,594,OP,OP51,Makka na Lip
663,594,OP,OP52,JUST BELIEVE YOU
664,594,ED,ED1,Step by Step
665,594,ED,ED56,Kamikaze Express
666,594,ED,ED57,Sadame
667,594,ED,ED58,Aozolighter
668,594,ED,ED59,Kimi to Koi no mama de Owarenai Itsumo Yume no mama ja Irarenai
669,594,ED,ED60,Sissy Sky
670,594,ED,ED61,Sukoshizutsu Sukoshizutsu
671,594,ED,ED62,Hoshiai
672,594,ED,ED63,Reboot
10100,594,OP,OP53,ZERO kara Hajimete
10290,594,ED,ED9,Secret of my heart
10620,594,ED,ED64,Veronica
10751,594,OP,OP54,YURA YURA
10965,594,ED,ED65,SWEET MOONLIGHT
11061,594,OP,OP55,SLEEPLESS
11449,594,ED,ED66,Karappo no Kokoro
11646,594,OP,OP56,SPARKLE
11773,594,ED,ED67,Playmaker feat. Yudai Ohno (from Da-iCE)
12166,594,ED,ED68,Kuufuku (starring VALSHE)
12192,594,OP,OP57,RAISE INSIGHT
12342,594,ED,ED69,...and Rescue Me
12623,594,OP,OP58,Unraveling Love ~Sukoshi no Yuuki~
13385,594,ED,ED70,YOU & I
13386,594,ED,ED71,Yume de Aimashou
13391,594,OP,OP59,But No Love
13441,594,ED,ED72,Shooting star
14588,594,ED,ED73,Fun! Fun! Fun!
14589,594,OP,OP60,Poker Face
14590,594,OP,OP61,Heaven Knows
14591,594,ED,ED74,TOWA ~Towa ni Kaze no Noru~
14592,594,ED,ED75,7 DAYS
14692,594,OP,OP62,Ai no FIRE
3061,595,OP,OP1,Satsugai
3062,595,ED,ED1,Amai Koibito
7963,596,OP,OP1,Devil☆Idol
7964,596,ED,ED1,Idol Nante Naranai
2698,597,OP,OP1,d.m.c
2699,597,ED,ED1,I'll be your home
5191,598,OP,OP1,Take Your Way
5192,598,ED,ED1,Be
5193,598,ED,ED2,Each and All
65,599,OP,OP1,Devilman no Uta
66,599,ED,ED1,Kyou mo Doko ka de Devilman
8577,600,OP,OP1,MAN HUMAN (DEVILMAN crybaby Ver.)
8578,600,ED,ED1,Konya Dake
8365,601,OP,OP1,Eclipse
8366,601,ED,ED1,Sotto Tokete Yuku You ni
7277,602,ED,ED1,Saihate no Yokan
4891,603,OP,OP1,Go EXCEED!!
4892,603,OP,OP2,Perfect HERO
4893,603,OP,OP3,Hashire! Mirai
4894,603,ED,ED1,Seek Diamonds
4895,603,ED,ED2,Glory!
4896,603,ED,ED3,Mirai e Tsunage
4897,603,ED,ED4,CLOUD NINE
4898,603,ED,ED5,PROMISED FIELD
4899,603,ED,ED6,FINAL VICTORY
9093,604,OP,OP1,Hajimari no Uta
9094,604,OP,OP2,Ryuusei no Howl
9095,604,OP,OP3,Go EXCEED!!
9096,604,ED,ED1,Golden After School
9097,604,ED,ED2,Kodou Escalation
9098,604,ED,ED3,Chance!
9099,604,ED,ED4,Everlasting Dream
6295,605,OP,OP1,Go EXCEED!!
6296,605,OP,OP2,Perfect HERO
6297,605,OP,OP3,Hashire! Mirai
6298,605,OP,OP4,HEROES
6299,605,OP,OP5,Sora ga Aozora de aru Tame ni
6300,605,ED,ED1,Glory!
6301,605,ED,ED2,CLOUD NINE
6302,605,ED,ED3,FINAL VICTORY
6303,605,ED,ED4,KIMERO!!
6304,605,ED,ED5,BLUE WINDING ROAD
6305,605,ED,ED6,BLOOM OF YOUTH
7278,606,OP,OP1,Kadenz
7279,606,ED,ED1,Opera
673,607,OP,OP1,Butter-Fly
674,607,ED,ED1,I wish
675,607,ED,ED2,keep on
676,607,OP,OP1-EN,Season 1 Opening Theme
9661,608,OP,OP1,Mikakunin Hikousen
9662,608,ED,ED1,Kuyashisa wa Tane
9663,608,ED,ED2,Q?
9664,608,ED,ED3,Mind game
9665,608,ED,ED4,Overseas Highway
10363,608,ED,ED5,Dreamers
1212,609,OP,OP1,Target ~Akai Shougeki~
1213,609,ED,ED1,Ashita wa Atashi no Kaze ga Fuku
1214,609,ED,ED2,Itsumo Itsudemo
1215,609,OP,OP1-EN,Season 2 Opening Theme
6035,610,OP,OP1,Butter-Fly～tri. Version～
7121,611,OP,OP1,Butter-Fly～tri. Version～
7122,611,ED,ED1,Seven～tri. Version～
1567,612,OP,OP1,FIRE!!
1568,612,ED,ED1,Innocent ~Mujaki na Mama de~
1569,612,ED,ED2,an Endless tale
1570,612,OP,OP1-EN,A World For Us All
2440,613,OP,OP1,Gou'ing!Going!My Soul!!
2441,613,OP,OP2,Hirari
2442,613,ED,ED1,One Star
2443,613,ED,ED2,Ryuusei
1347,614,OP,OP1,The Biggest Dreamer
1348,614,ED,ED1,My Tomorrow
1349,614,ED,ED2,Days -Aijou to Nichijou-
1350,614,OP,OP1-EN,Season 3 Opening Theme
6619,615,OP,OP1,DiVE!!
6620,615,OP,OP2,Gatchen!
6621,615,ED,ED1,Aoi Honoo no Syndrome
6622,615,ED,ED2,Ai
6623,615,ED,ED3,Little B
6624,615,ED,ED4,Perfect World
9276,616,OP,OP1,Here we go!
9277,616,ED,ED1,My Home
7123,617,OP,OP1,Genesis
7124,617,ED,ED1,Contrast
6807,618,OP,OP1,Genesis
220,619,OP,OP1,Ru-Ru-Ru-Russian Roulette
221,619,ED,ED1,Space Fantasy
677,620,OP,OP1,Kagirinai ANSWER
678,620,ED,ED1,Dai 2 Shou
679,621,OP,OP1,Thrill ni Koishite
680,621,ED,ED1,Kimi ga Daisuki
681,622,OP,OP1,Honki ni Shinaide
682,622,ED,ED1,Kokoro de Mitsumeteru
222,623,ED,ED1,Ai Everlasting
223,624,OP,OP1,BY YOURSELF
224,624,ED,ED1,Aki kara no Summer Time
225,625,OP,OP1,Safari Eyes
226,625,ED,ED1,pas de deux
7496,626,OP,OP1,Taiyou mo Hitoribocchi
7497,626,ED,ED1,NEW WORLD
1700,627,OP,OP1,Nine Inch Nails
1701,627,ED,ED1,Pump up!
2039,628,OP,OP1,Kiss Kiss Kiss
2040,628,ED,ED1,SORA
7125,629,OP,OP1,one-Me two-Hearts
7126,629,ED,ED1,CONTRAST
683,630,OP,OP1,Blurry Eyes
684,630,ED,ED1,Single Bed
4228,631,OP,OP1,Scarlet Knight
4229,631,ED,ED1,Presenter
4593,632,OP,OP1,FEARLESS HERO
4594,632,ED,ED1,Natsu no Yakusoku
6473,633,OP,OP1,No Limit
6474,633,ED,ED1,Stay With Me
9419,634,ED,ED1,DOGEZA! Do get that!
5334,635,OP,OP1,Happy Go Lucky! Dokidoki! Precure
5335,635,ED,ED1,Kono Sora no Mukou
5336,635,ED,ED2,Love Link
4900,636,OP,OP1,Happy Go Lucky! Dokidoki! Precure
4901,636,ED,ED1,Love Link
9568,637,OP,OP1,Wake Up Hx ERO! feat. Retto Enjou
9569,637,ED,ED1,lost emotion
9278,638,OP,OP1,Kawaki wo Ameku
9279,638,ED,ED1,Wagamama
9280,638,ED,ED2,Always
227,639,OP,OP1,Cherry Moon de Odorasete
228,639,ED,ED1,Hoshi no Orgel
5444,640,OP,OP1,Biran no Kaze
10567,640,OP,OP2,Ryuuten no Hi
10568,640,ED,ED1,ATTITUDE TO LIFE
8367,641,OP,OP1,Karakara na Kokoro
8368,641,ED,ED1,BJ
9972,642,OP,OP1,Welcome to Chaos
9973,642,ED,ED1,Who am I?
9974,642,ED,ED2,Night SURFING
9975,642,ED,ED3,D.D.D.D.
9976,642,ED,ED4,Strange Meat Pie
9977,642,ED,ED5,SECONDs FLY
9978,642,ED,ED6,404
9281,643,OP,OP1,Kaen
9282,643,OP,OP2,Dororo
9283,643,ED,ED1,Sayonara Gokko
9284,643,ED,ED2,Yamiyo
4,644,OP,OP1,Dororo no Uta
5,644,ED,ED1,Dororo no Uta
67,645,OP,OP1,Dororon Enma-kun
68,645,ED,ED1,Youkai ni Goyoujin
4230,646,OP,OP1,Tamashii Mera Mera Icchou °C!
7965,647,OP,OP1,Stereo to Monologue
7966,647,ED,ED1,Buntline Special
4093,648,ED,ED1,Wani to Shampoo
9285,649,OP,OP1,Unknown World
9286,649,ED,ED1,Kimi no Tonari Watashi no Basho
1351,650,OP,OP1,GO! GO! READY? GO?!
1352,650,ED,ED1,Dare Yori...
1353,650,ED,ED2,Kimi to no Mirai
229,651,OP,OP1,Waiwai World
230,651,OP,OP2,Waiwai Koushinkyoku
231,651,ED,ED1,Ara Ara Arale-chan
232,651,ED,ED2,Arale-chan Ondo
233,651,ED,ED3,Ichiban Hoshi Miitsuketa
234,651,ED,ED4,Anata ni Shinjitsuichiro
8939,652,OP,OP1,Good Morning World!
8940,652,OP,OP2,Sangenshoku
8941,652,ED,ED1,LIFE
8942,652,ED,ED2,Yume no You na
9724,653,OP,OP1,Rakuen
9725,653,ED,ED1,Koe?
235,654,OP,OP1,Makafushigi Adventure
236,654,ED,ED1,Romatikku Ageru Yo
237,654,OP,OP1-EN,Makafushigi Adventure
238,654,ED,ED1-EN,Romatikku Ageru Yo
685,655,OP,OP1,DAN DAN Kokoro Hikarete ku
686,655,ED,ED1,Hitori Ja Nai
687,655,ED,ED2,Don't you see!
8164,656,OP,OP1,Universe Mission Series Theme Song
3431,657,OP,OP1,Dragon Soul
3432,657,ED,ED1,Yeah! Break! Care! Break!
3433,657,ED,ED2,Kokoro no Hane
5740,658,OP,OP1,Kuu-Zen-Zetsu-Go
5741,658,ED,ED1,"Haikei, Tsuratsusutora"
5742,658,ED,ED2,Junjou
5743,658,ED,ED3,Oh Yeah!!!!!!!
5744,658,ED,ED4,GALAXY
5745,658,ED,ED5,Don't Let Me Down
6183,659,OP,OP1,Chouzetsu☆Dynamic!
6184,659,OP,OP2,Genkai Toppa x Survivor
6185,659,ED,ED1,Hello Hello Hello
6186,659,ED,ED2,Starring Star
6187,659,ED,ED3,Usubeni
6188,659,ED,ED4,Forever Dreaming
6189,659,ED,ED5,Yoka-Yoka Dance
6190,659,ED,ED6,Chaohan MUSIC
6191,659,ED,ED7,Aku no Tenshi to Seigi no Akuma
6192,659,ED,ED8,Boogie Back
6193,659,ED,ED9,Haruka
6194,659,ED,ED10,70cm Shihou no Madobe
6195,659,ED,ED11,LAGRIMA
7967,660,ED,ED1,Blizzard
239,661,OP,OP1,Cha-La Head-Cha-La
240,661,OP,OP2,We Gotta Power
241,661,ED,ED1,Dete Koi Tobikiri ZENKAI Power!
10289,661,ED,ED2,Boku-tachi wa Tenshi datta
4368,662,OP,OP1,Immoralist
4369,662,ED,ED1,Mirai Bowl
688,663,ED,ED1,Watashi no Tamagoyaki
689,664,OP,OP1,Yuusha yo Isoge!!
690,664,ED,ED1,"Kono Michi Waga Tabi (My Road, My Journey)"
9420,665,OP,OP1,Ikiru wo Suru
9421,665,ED,ED1,mother
10116,665,ED,ED2,Akashi
10752,665,OP,OP2,Bravest
10753,665,ED,ED3,Namae
11482,665,ED,ED4,Tobu Tori wa
2609,666,OP,OP1,perfect blue
5591,667,OP,OP1,SLIP ON THE PUMPS
5592,667,ED,ED1,BOWIE KNIFE
5593,667,ED,ED2,BY MY SIDE
5594,667,ED,ED3,Felt
5595,667,ED,ED4,Lullaby Blue
5596,667,ED,ED5,Soul Grace
6625,668,OP,OP1,PLEASURE FLAG
6626,668,ED,ED1,Shinai naru Yume e!
7498,669,OP,OP1,Yume no Kodou
7499,669,ED,ED1,ALL FOR SMILE!
7500,669,ED,ED2,ALL FOR SMILE!
6627,670,OP,OP1,Gospel Of The Throttle 狂奔REMIX ver.
6628,670,ED,ED1,Vermillion
6629,670,ED,ED2,Rurou no Zakuro
3119,671,OP,OP1,Swinging
3120,671,ED,ED1,Touchousha-tachi
3536,672,OP,OP1,Questions?
3537,672,ED,ED1,Mahoutsukai Desu Kedo.
691,673,OP,OP1,DUAL!
692,673,ED,ED1,Real
1425,674,OP,OP1-EN,
8369,675,OP,OP1,Jo☆Decki!!!
8370,675,OP,OP2,Uchouten Shooter
8371,675,ED,ED1,Kirari☆Yume Ondo
8372,675,ED,ED2,INAZUMA Jacket
8373,675,ED,ED3,CRY MAX!!
9100,676,OP,OP1,Chou Ten Fever
9101,676,OP,OP2,Gotcha!!
9102,676,OP,OP3,Teppen New Days
9103,676,ED,ED1,Kokoro no Canvas
9104,676,ED,ED2,Happy Days!!!
9105,676,ED,ED3,Curtain Call​ wo Yurashite
9106,676,ED,ED4,I'm Your Joker
1962,677,OP,OP1-EN,
6306,678,OP,OP1,Luv it!!
6307,678,ED,ED1,Kimi ga Kureta KISEKI
6308,678,ED,ED2,Love & Peace
6309,678,ED,ED3,JIBUN
8943,679,OP,OP1,Onegai Muscle
8944,679,ED,ED1,Macho a Name?
8945,679,ED,ED2,Snow Globe
6310,680,OP,OP1,Hey World
6311,680,ED,ED1,RIGHT LIGHT RISE
6312,680,ED,ED2,REALIZE ~Hajimari no Toki~
8946,681,OP,OP1,HELLO to DREAM
8947,681,ED,ED1,Sasayaka na Shukusai
9979,682,ED,ED1,Tropical☆Vacation
9422,683,OP,OP1,over and over
9423,683,ED,ED1,Evergreen
7676,684,OP,OP1,RE-ILLUSION
7677,684,ED,ED1,day by day
9287,685,ED,ED1,Onaji Sora no Shita de
6630,686,OP,OP1,Hey World
6631,686,ED,ED1,Kimi to Boku no 1-nichi
3887,687,OP,OP1,Uragiri no Yuuyake
3888,687,OP,OP2,Complication
3889,687,ED,ED1,Trust Me
3890,687,ED,ED2,Butterfly
7127,688,OP,OP1,Steppin' out
7128,688,ED,ED1,Joker ni Yoroshiku
6475,689,OP,OP1,HEADHUNT
6476,689,ED,ED1,NEVER SAY NEVER
6196,690,OP,OP1,Day you laugh
6197,690,ED,ED1,EXIT
7280,691,OP,OP1,p.s.i hate you♡xxx
7281,691,ED,ED1,because the sky...
7282,691,ED,ED2,Diamond Eyes
7283,691,ED,ED3,BACK 2 SQUARE 1
7284,691,ED,ED4,Accidental Date
693,692,OP,OP1,Chiisana Koi no Melody
694,693,OP,OP1,Burning Blue
4595,694,OP,OP1,Mirai-iro no Yakusoku
4596,694,ED,ED1,Chikyuu ni I love you
4597,694,ED,ED2,Delicate ni Suki Shite
4598,694,ED,ED3,Ultra Seven no Uta
4599,694,ED,ED4,Melos no You ni
4600,694,ED,ED5,Ai wo Torimodose!!!
4601,694,ED,ED6,Don't Look Back
4602,694,ED,ED7,Sayonara Jinrui
4603,694,ED,ED8,Kyoufu no Machi
4604,694,ED,ED9,Monkey Magic
4605,694,ED,ED10,Ai wa Boomerang ~KYOKO PARADISE mix~
2956,695,OP,OP1,ebullient future (English)
2957,695,OP,OP2,ebullient future (Instrumental)
2958,695,OP,OP3,ebullient future (English 2nd. Version)
2959,695,ED,ED1,Egao no Chikara
2960,695,ED,ED2,Negai no Kakera
2961,695,ED,ED3,ebullient future (English)
2962,695,ED,ED4,ebullient future (Japanese)
2963,695,ED,ED5,ever forever
2610,696,OP,OP1,euphoric field
2612,696,ED,ED1,I'm here
2613,696,ED,ED2,Kizamu Kisetsu
2614,696,ED,ED3,Sora no Yume
2615,696,ED,ED4,Yuukyuu no Tsubasa 07mix
9288,697,OP,OP1,Egao no Kanata
9289,697,ED,ED1,Kono Sekai ni Hanataba wo
6,698,OP,OP1,8 Man
7,698,ED,ED1,Eight Man (instrumental only)
2151,699,OP,OP1,Silhouette of a Breeze
2152,699,ED,ED1,Menuet for EMMA
9980,700,OP,OP1,Easy Breezy
9981,700,ED,ED1,Namae no Nai Ao
2754,701,OP,OP1,Hikari no Yukue
7838,702,OP,OP1,Our sympathy
7839,702,ED,ED1,Kimi no Koe ga....
695,703,OP,OP1,Round11
696,703,ED,ED1,Kiseki no Mukougawa e
1928,704,OP,OP1,LILIUM
1929,704,ED,ED1,be your girl
8579,705,OP,OP1,Apron Boy
8580,705,ED,ED1,Collage
6983,706,OP,OP1,Limit
6984,706,ED,ED1,go my way
6985,706,ED,ED2,Sekai wa Kawaru
9290,707,OP,OP1,Endoro~ru!
9291,707,ED,ED1,Wonder Caravan!
8948,708,OP,OP1,Inferno
8949,708,OP,OP2,MAYDAY feat. Ryo from CRYSTAL LAKE
8950,708,ED,ED1,veil
8951,708,ED,ED2,Nounai
9570,709,OP,OP1,SPARK-AGAIN
9571,709,OP,OP2,Torch of Liberty
9572,709,ED,ED1,ID
9573,709,ED,ED2,Desire
9574,709,ED,ED3,Inferno
7501,710,OP,OP1,Tong Ran
7502,710,OP,OP2,Wanshui Mountain
7503,710,ED,ED1,Zutto
7504,710,ED,ED2,Fourside Moonside
8952,711,OP,OP1,Stars' Ensemble!
8953,711,OP,OP2,Kiseki
8954,711,OP,OP3,Kiseki
8955,711,OP,OP4,Kiseki
8956,711,ED,ED1,1st SING-ALONG☆
8957,711,ED,ED2,IMMORAL WORLD
8958,711,ED,ED3,Made in Tokimeki♪
8959,711,ED,ED4,"Gekka Musou, Beni no Mai"
8960,711,ED,ED5,Mischievous Party Time!!
8961,711,ED,ED6,Hajimari no Fantasia
8962,711,ED,ED7,Meteor Scramble☆Ryuusei-tai!
8963,711,ED,ED8,Magic for your 'Switch'
8964,711,ED,ED9,Yukai Tsuukai That's Alright!
8965,711,ED,ED10,Kaisenka
8966,711,ED,ED11,Promise Swords
8967,711,ED,ED12,Awakening Myth
2153,712,OP,OP1,Forever...
2154,712,ED,ED1,Yakusoku
2562,713,OP,OP1,Kiri
2563,713,ED,ED1,Paranoid Android
7678,714,OP,OP1,Hitorigoto
7679,714,ED,ED1,adrenaline!!!
7680,714,ED,ED2,Natsuiro Koi Hanabi
9292,715,OP,OP1,Hitorigoto
9293,715,ED,ED1,adrenaline!!!
5746,716,OP,OP1,Asuiro
5747,716,ED,ED1,Fuyumidori
7505,717,OP,OP1,"Many colors, Many brights, Many more musics"
7506,717,ED,ED1,Kakokei to Mirai
6313,718,OP,OP1,Retry☆Rendezvous
6314,718,ED,ED1,blue moment
2155,719,OP,OP1,DAYS
2156,719,OP,OP2,Shounen Heart
2157,719,OP,OP3,Taiyou no Mannaka he
2158,719,OP,OP4,Sakura
2159,719,ED,ED1,Himitsu Kichi
2160,719,ED,ED2,Fly Away
2161,719,ED,ED3,Tip Taps Tip
2162,719,ED,ED4,Canvas
4698,720,OP,OP1,Escape
4699,720,OP,OP2,BRAVEBLUE
4700,720,ED,ED1,stand by me
4701,720,ED,ED2,Iolite
2700,721,ED,ED1,Beautiful World
3383,722,ED,ED1,Beautiful World -PLANiTb Acoustica Mix-
4463,723,ED,ED1,Sakura Nagashi
3891,724,ED,ED1,I have a dream
7285,725,OP,OP1,Soredemo Boku wa Ikite Iru
7286,725,ED,ED1,Hui Jia Di Lu
9726,726,OP,OP1,Rise Again
9727,726,ED,ED1,Diamonds Shine
1201,727,OP,OP1,Kaze ni Nare
1202,727,ED,ED1,Sniper
1203,727,ED,ED2,Akogi na Futari Tabidaze
2163,728,OP,OP1,Breakthrough
2164,728,OP,OP2,Innocence
2165,728,OP,OP3,Dang Dang
2166,728,OP,OP4,BLAZE LINE
2167,728,OP,OP5,Honoo no Runningback
2168,728,ED,ED1,BE FREE
2169,728,ED,ED2,Blaze Away
2170,728,ED,ED3,Goal
2171,728,ED,ED4,Run to Win
2172,728,ED,ED5,A day dreaming...
2173,728,ED,ED6,Flower
2174,728,ED,ED7,Song of Power
1651,729,OP,OP1,THE MEANING OF TRUTH
1652,729,ED,ED1,Resolution
9107,730,OP,OP1,KNOCK on the CORE
9108,730,ED,ED1,Ash-like Snow
8803,731,OP,OP1,STILL STANDING
8804,731,ED,ED1,Stay Gold
3265,732,OP,OP1,Snow Fairy
3266,732,OP,OP2,S.O.W. Sense of Wonder
3267,732,OP,OP3,ft.
3268,732,OP,OP4,R.P.G. ~Rockin' Playing Game
3269,732,OP,OP5,Egao No Mahou
3270,732,OP,OP6,Fiesta
3271,732,OP,OP7,Evidence
3272,732,OP,OP8,The Rock City Boy
3273,732,OP,OP9,Towa no Kizuna
3274,732,OP,OP10,I Wish
3275,732,OP,OP11,Hajimari no Sora
3276,732,OP,OP12,Tenohira
3277,732,OP,OP13,Breakthrough
3278,732,OP,OP14,Fairy Tail: Yakusoku no Hi
3279,732,ED,ED1,Kanpeki gu~no ne
3280,732,ED,ED2,Tsuioku Merry-Go-Round
3281,732,ED,ED3,"Gomen ne, Watashi."
3282,732,ED,ED4,Kimi ga Iru Kara
3283,732,ED,ED5,HOLY SHINE
3284,732,ED,ED6,Be As One
3285,732,ED,ED7,Lonely Person
3286,732,ED,ED8,Don't think.Feel !!!
3287,732,ED,ED9,Kono Te Nobashite
3288,732,ED,ED10,Boys be Ambitious !!
3289,732,ED,ED11,Glitter (Starving Trancer Remix)
3290,732,ED,ED12,YELL〜Kagayaku Tame no Mono〜
3291,732,ED,ED13,Kimi ga Kureta Mono
10291,732,ED,ED14,We're the stars
5748,733,OP,OP1,MASAYUME CHASING
5749,733,OP,OP2,STRIKE BACK
5750,733,OP,OP3,Mysterious Magic
5751,733,OP,OP4,BREAK OUT
5752,733,OP,OP5,Yume-iro Graffiti
5753,733,OP,OP6,NEVER-END TALE
5754,733,OP,OP7,Believe In Myself
5755,733,OP,OP8,Ashita wo Orase
5756,733,ED,ED1,Kimi to Kare to Boku to Kanojo to
5757,733,ED,ED2,Kokoro no Kagi
5758,733,ED,ED3,Kimi no Mirai
5759,733,ED,ED4,Don't let me down
5760,733,ED,ED5,Never ever
5761,733,ED,ED6,FOREVER HERE
5762,733,ED,ED7,Azayaka na Tabiji
5763,733,ED,ED8,Landscape
7968,734,OP,OP1,power of the dream
7969,734,OP,OP2,DOWN BY LAW
7970,734,OP,OP3,NO-LIMIT
7971,734,OP,OP4,MORE THAN LiKE
7972,734,ED,ED1,Endless Harmony
7973,734,ED,ED2,Pierce
7974,734,ED,ED3,Boku to Kimi no Lullaby
7975,734,ED,ED4,Exceed
7681,735,ED,ED1,WHAT YOU ARE
4231,736,OP,OP1,Eternal Fellows
4232,736,OP,OP2,BLOW AWAY
11107,736,ED,ED1,Nichijou Sanka
11108,736,ED,ED2,Happy Tale
5049,737,OP,OP1,Ima yo! Fantasista Doll
5050,737,ED,ED1,DAY by DAY
1835,738,OP,OP1,Voyage
1836,738,ED,ED1,Mizu no Madoromi
7507,739,OP,OP1,Eiyuu Unmei no Uta
7508,739,OP,OP2,ASH
7509,739,ED,ED1,Désir
7510,739,ED,ED2,KOE
8581,740,OP,OP1,Bright Burning Shout
8582,740,ED,ED1,Tsuki to Hanataba
6632,741,ED,ED1,Shikisai
8805,742,OP,OP1,Phantom Joke
8806,742,ED,ED1,Hoshi ga Furu Yume
8807,742,ED,ED2,Prover
8808,742,ED,ED3,Tell me
5051,743,OP,OP1,starlog
5052,743,ED,ED1,Prism Sympathy
5053,743,ED,ED2,Tsunagu Kizuna Tsutsumu Kodoku
5597,744,OP,OP1,moving soul
5598,744,ED,ED1,TWO BY TWO
6198,745,OP,OP1,Wonder Stella
6199,745,ED,ED1,Happening☆diary
6200,745,ED,ED2,Wishing diary
6808,746,OP,OP1,Asterism
6809,746,ED,ED1,WHIMSICAL WAYWARD WISH
6810,746,ED,ED2,cuddle
7511,747,ED,ED1,Kaleidoscope
9109,748,OP,OP1,Kaleid☆Festival!
9110,748,ED,ED1,After School Route
2564,749,OP,OP1,disillusion
2565,749,OP,OP2,Kirameku Namida wa Hoshi ni
2566,749,ED,ED1,Anata ga Ita Mori
2567,749,ED,ED2,Hikari
2568,749,ED,ED3,Kimi to no Ashita
3892,750,OP,OP1,disillusion -2010-
3893,750,ED,ED1,With...
3894,750,ED,ED2,Kumo no Kakera
7287,751,ED,ED1,Hana no Uta
9294,752,ED,ED1,I beg you
5445,753,OP,OP1,ideal white
5446,753,ED,ED1,believe
5447,753,ED,ED2,THIS ILLUSION
6326,754,OP,OP1,Brave Shine
6327,754,ED,ED1,ring your bell
6328,754,ED,ED2,ring your bell (in the silence)
6329,754,ED,ED3,Deep Slumber (UBW Version)
3981,755,OP,OP1,oath sign
3982,755,ED,ED1,MEMORIA
4702,756,OP,OP1,to the beginning
4703,756,ED,ED1,Sora wa Takaku Kaze wa Utau
4704,756,ED,ED2,Manten
4705,756,ED,ED3,to the beginning
3384,757,OP,OP1,CHARGE!
3385,757,ED,ED1,Onegai Sweetheart
9295,758,OP,OP1,Winners feat. Reol & Giga
9296,758,ED,ED1,N.U.L.L. feat. kradness (Ver. GGG)
1354,759,OP,OP1,BOY
1355,759,ED,ED1,Fairy Dance
1837,760,OP,OP1,Kimiiro Palette
1838,760,ED,ED1,"Love, Fate, Love"
1263,761,OP,OP1,Over the Fantasy
1264,761,ED,ED1,VIVID
1265,761,ED,ED2,Romancing Train
1216,762,ED,ED1,Ride On Shooting Star
8165,763,ED,ED1,Star overhead
8374,764,ED,ED1,spiky seeds
6633,765,OP,OP1,Serendipity
6634,765,ED,ED1,FLIP FLAP FLIP FLAP
6986,766,OP,OP1,Sharanran feat. 96 Neko
6987,766,ED,ED1,Nichijou no Mahou
6988,767,ED,ED1,Ashita mo Ashita
3600,768,OP,OP1,Kizunairo
3601,768,ED,ED1,I miss you -the origin-
3602,768,ED,ED2,I miss you Aoi to misuzu
3603,768,ED,ED3,I miss you (Gt. Ver. Misuzu to Aoi)
3604,768,ED,ED4,I miss you (Gt. Ver. Aoi to Misuzu)
3605,768,ED,ED5,I miss you Misuzu Solo
3606,768,ED,ED6,I miss you Aoi Solo
4370,769,OP,OP1,Harinezumi
4371,769,ED,ED1,Down By The Salley Gardens
4372,769,ED,ED2,Salley Garden
8809,770,ED,ED1,fragile
7682,771,OP,OP1,Tiny Tiny
7683,771,ED,ED1,FULLSCRATCH LOVE
7684,771,ED,ED2,FULLSCRATCH LOVE
7685,771,ED,ED3,FULLSCRATCH LOVE
7686,771,ED,ED4,FULLSCRATCH LOVE
7687,771,ED,ED5,FULLSCRATCH LOVE
7688,771,ED,ED6,FULLSCRATCH LOVE
7689,771,ED,ED7,FULLSCRATCH LOVE
7690,771,ED,ED8,FULLSCRATCH LOVE
7691,771,ED,ED9,FULLSCRATCH LOVE
7692,771,ED,ED10,FULLSCRATCH LOVE
7693,771,ED,ED11,FULLSCRATCH LOVE
7694,771,ED,ED12,Aogeba Itoshii Furufuru Days
9111,772,OP,OP1,Tiny Tiny
9112,772,ED,ED1,Kimi to Contrast
5599,773,ED,ED1,Sasayaki wa 'Crescendo'
5054,774,OP,OP1,Rage on
5055,774,ED,ED1,SPLASH FREE
5056,774,ED,ED2,EVER BLUE
8166,775,OP,OP1,Heading to Over
8167,775,ED,ED1,GOLD EVOLUTION
8168,775,ED,ED2,Blue Destination
5600,776,OP,OP1,Dried Up Youthful Fame
5601,776,ED,ED1,FUTURE FISH
5602,776,ED,ED2,Clear Blue Departure
7288,777,OP,OP1,FREE-STYLE SPIRIT
7289,777,ED,ED1,What Wonderful Days!!
2284,778,OP,OP1,This Is Love
4373,779,OP,OP1,Color
4374,779,ED,ED1,Kimi wo Mamoritai
4902,780,OP,OP1,AVENGE WORLD
4903,780,ED,ED1,Sekai wa Kizu wo Dakishimeru
3538,781,OP,OP1,Let's! Fresh Precure!
3539,781,OP,OP2,Let's! Fresh Precure! ~Hybrid ver.~
3540,781,ED,ED1,You Make Me Happy!
3541,781,ED,ED2,H@ppy Together!!!
3292,782,OP,OP1,Let's! Fresh Precure! (Hybrid Ver. for the Movie)
3293,782,ED,ED1,H@ppy Together!!! for the Movie
1312,783,OP,OP1,For Fruits Basket
1313,783,ED,ED1,Chiisana Inori
1314,783,ED,ED2,Serenade
9113,784,OP,OP1,Again
9114,784,OP,OP2,Chime
9115,784,ED,ED1,Lucky Ending
9116,784,ED,ED2,One Step Closer
9666,785,OP,OP1,Prism
9667,785,OP,OP2,HOME
9668,785,ED,ED1,ad meliora
9669,785,ED,ED2,Haseru Mirai
9670,785,ED,ED3,Eden
6811,786,ED,ED1,SEKAI wa Boy Meets Boy ♂
9671,787,OP,OP1,NAVIGATOR
9672,787,ED,ED1,Welcome My Friend
6812,788,OP,OP1,Tomodachi Meter
6813,788,ED,ED1,Tobira no Mukou
9297,789,OP,OP1,Long Time Traveler
9298,789,ED,ED1,1%
7695,790,OP,OP1,High School [ANIME SIDE] -Bootleg-
7696,790,OP,OP2,High School [ANIME SIDE] -Alternative-
7697,790,OP,OP3,Canaria [ANIME SIDE]
7698,790,OP,OP4,Noise
7699,790,ED,ED1,Allegro
1615,791,OP,OP1,Tomorrow
1616,791,ED,ED1,Karenai Hana
1702,792,OP,OP1,"Sore ga, Ai Deshou"
1703,792,ED,ED1,Kimi ni Fuku Kaze
8375,793,OP,OP1,Even...if
8376,793,OP,OP2,Even...if (English Ver.)
8377,793,ED,ED1,yes
8378,793,ED,ED2,yes (English Ver.)
8379,793,ED,ED3,Remained dream
8380,793,ED,ED4,Tomorrow
2118,794,OP,OP1,Minami Kaze
2119,794,ED,ED1,Mouichido Kimi ni Aitai
1571,795,OP,OP1,I ♥ U
1572,795,OP,OP2,Rock'n Roll Princess
1573,795,ED,ED1,New Future
1574,795,ED,ED2,Myself
1575,795,ED,ED3,Eternal Snow
1576,795,ED,ED4,Love Chronicle
1653,796,OP,OP1,Melissa
1654,796,OP,OP2,READY STEADY GO
1655,796,OP,OP3,UNDO
1656,796,OP,OP4,Rewrite
1657,796,ED,ED1,Kesenai Tsumi
1658,796,ED,ED2,Tobira no Mukou e
1659,796,ED,ED3,Motherland
1660,796,ED,ED4,I Will
3434,797,OP,OP1,again
3435,797,OP,OP2,Hologram
3436,797,OP,OP3,Golden Time Lover
3437,797,OP,OP4,Period
3438,797,OP,OP5,Rain
3439,797,ED,ED1,Uso
3440,797,ED,ED2,LET IT OUT
3441,797,ED,ED3,Tsunaida Te
3442,797,ED,ED4,Shunkan Sentimental
3443,797,ED,ED5,RAY OF LIGHT
8381,798,OP,OP1,Tomare no Susume
6635,799,OP,OP1,Shiokaze
6636,799,ED,ED1,I & I
697,800,OP,OP1,Popuri wa Nikoniko Genki
698,800,ED,ED1,Shiawase Hitotsu Futatsu...
6036,801,OP,OP1,Prism Max ~Heisei Ishin Full HD Remaster Han~
699,802,OP,OP1,Blue Water
700,802,ED,ED1,Yes! I Will
701,803,OP,OP1,Itooshii Hito no Tame ni
1839,804,OP,OP1,Habataku Mirai
1840,804,ED,ED1,Yawarakai Kaze no Naka de
5057,805,OP,OP1,Glory Glowin' ☆ Days
5058,805,ED,ED1,Seishun Beginner!
2041,806,OP,OP1,DANZEN! Futari wa Precure
2042,806,ED,ED1,Gecchuu! Rabu Rabu?!
2223,807,OP,OP1,DANZEN! Futari wa Precure (MaxHeart Ver)
2224,807,ED,ED1,Murimuri?! Ariari!! IN Jaa~nai?!
2225,807,ED,ED2,Wonder * Winter * Yattaa!!
2175,808,OP,OP1,DANZEN! Futari wa Precure (Max Heart Version)
2176,808,ED,ED1,Kokoro no Chikara
2079,809,OP,OP1,DANZEN! Futari wa Precure (Max Heart Version)
2080,809,ED,ED1,Gag 100kaibun Aishitekudasai
2569,810,OP,OP1,Makasete ★ Splash ☆ Star
2570,810,ED,ED1,Warau ga Kachi! de GO!
2571,810,ED,ED2,Ganbalance de Dance
2285,811,OP,OP1,Makasete ★ Splash ☆ Star
2286,811,ED,ED1,Ganbalance de Dance ~Saki & Mai Version~
1661,812,OP,OP1,Venus Say
1662,812,ED,ED1,Miagete Goran Yoru no Hoshi wo
5603,813,OP,OP1,Mirai Fanfare
5604,813,ED,ED1,Mirai Shoujo-tachi
5605,813,ED,ED2,Mirai Shoujo-tachi
5606,813,ED,ED3,Mirai Shoujo-tachi
5883,814,OP,OP1,Card of the Future
5884,814,OP,OP2,Buddy Buddy BAAAAAN!!
5885,814,ED,ED1,Buddy Buddy Fight!
5886,814,ED,ED3,Shiny Up!
6330,815,OP,OP1,Luminize
6331,815,ED,ED1,Buddy Lights
6989,816,OP,OP1,Chronograph
6990,816,ED,ED1,Waku☆Doki SHOOTER
10262,816,OP,OP2,DDD
10263,816,ED,ED2,Yume no Hikari-kun no Mirai
10264,816,ED,ED3,Unite (Live Forever)
8169,817,OP,OP1,Saa Ikou!
8170,817,ED,ED1,Buddy☆Funny Days
8171,817,ED,ED2,Niji no Yakusoku
702,818,OP,OP1,Identity Crisis
703,818,ED,ED1,WILD at HEART
704,818,ED,ED2,Adagio
705,819,OP,OP1,Pray
706,819,ED,ED1,POWER of LOVE
707,819,ED,ED2,Pray
708,820,OP,OP1,Wind is High
709,820,ED,ED1,Get Up!
710,820,ED,ED2,Brand New Dream
1841,821,OP,OP1,Kaze no Uta
1842,821,ED,ED1,Yuuhi no Iro dake
7840,822,OP,OP1,Climber's High!
7841,822,ED,ED1,Watashi no Sekai
7842,822,ED,ED2,Yuki Hanabi
7843,822,ED,ED3,Fair Wind
5764,823,OP,OP1,Tamashii RISES
5765,823,ED,ED1,UPON A STAR
2964,824,OP,OP1,Paradise Lost
2965,824,ED,ED1,Yume no Ashioto ga Kikoeru
7844,825,OP,OP1,Gabriel Drop Kick
7845,825,ED,ED1,Hallelujah☆Essaim
7846,825,ED,ED2,Gabriel no Kazoeuta
7976,826,OP,OP1,ISBN ~Inner Sound & Book's Narrative~
7977,826,ED,ED1,"Book-end, Happy-end"
6201,827,OP,OP1,Friend Shitai
6202,827,ED,ED1,Harmonize Clover
6203,827,ED,ED2,we took each other's hand
6204,827,ED,ED3,After Glow
6205,827,ED,ED4,Friend Shitai
1171,828,OP,OP1,Grow Up
1172,828,ED,ED1,sexy sexy
1843,829,OP,OP1,Pikapika no Taiyou
1844,829,ED,ED1,Shiawase no Niji
8583,830,OP,OP1,Endless happy world
8584,830,ED,ED1,Oshiete yo
7978,831,OP,OP1,"Hokore Kedakaki Utsukushiki, Ikizama wo"
7979,831,ED,ED1,Be Affected
6637,832,OP,OP1,GET!! Yume & DREAM
6638,832,ED,ED1,Shin Handsome Taisou de Zundokohoi
2444,833,OP,OP1,School Boys
2445,833,ED,ED1,Panorama
1356,834,OP,OP1,TAKE
1357,834,ED,ED1,begin
2853,835,OP,OP1,A Happy Life
2854,835,ED,ED1,Lucky & Happy
6037,836,OP,OP1,Brand-new World
6038,836,ED,ED1,Waiting for the rain
6991,837,OP,OP1,The Asterisk War
6992,837,ED,ED1,Ai no Uta -words of love-
6993,837,ED,ED2,Brand-new World
9673,838,OP,OP1,Kyouryuu Agemizawa☆
9674,838,ED,ED1,Peaceful Days
1358,839,OP,OP1,Galaxy Bang! Bang!
1359,839,ED,ED1,Horoscope Rhapsody
1426,840,OP,OP1,Galaxy Ba-ban-ga-Bang!
1427,840,OP,OP2,Angel UKKII
1428,840,ED,ED1,Angel Wasshoi!
1429,840,ED,ED2,DOTABATA*Angel Loop
1430,840,ED,ED3,In the Chaos
1930,841,OP,OP1,Angel Rock and Roll
1931,841,ED,ED1,Jelly Beans
1932,841,ED,ED2,FINAL FLIGHT
2287,842,OP,OP1,Uchuu de Koi wa ☆ Ru-run Run
2288,842,ED,ED1,Happy Flight
1617,843,OP,OP1,Yumemitai ANGEL-tai
1618,843,ED,ED1,Happy Question
4904,844,OP,OP1,Synchromanica
4905,844,ED,ED1,Innocent
2226,845,OP,OP1,Ragtime
2227,845,OP,OP2,Beautiful Life!
2228,845,ED,ED1,Omoisugoshi no Kounou
2229,845,ED,ED2,"Dakara, Watashi wa Utau"
2230,845,ED,ED3,Anything For You
69,846,OP,OP1,Gamba no Uta
70,846,ED,ED1,Boukensha-tachi no Ballad
7512,847,OP,OP1,GAMERS!
7513,847,ED,ED1,Fight on!
7514,847,ED,ED2,Koi no prologue＊
6206,848,OP,OP1,Renegade
6207,848,ED,ED1,Yoru no Kuni
1845,849,OP,OP1,We Were Lovers
1846,849,ED,ED1,You Won't See Me Coming
1963,850,OP,OP1,Super Shooter
1964,850,ED,ED1,Last Kiss
1933,851,OP,OP1,Super Shooter
1934,851,ED,ED1,Last Kiss
6639,852,ED,ED1,Ningen Video
6039,853,OP,OP2,Tsukihana
6040,853,ED,ED1,Kamon
6041,853,ED,ED2,Karen
5448,854,OP,OP1,Honoo no Kokuin: DIVINE FLAME
5449,854,OP,OP2,B.B.
5450,854,ED,ED1,CHIASTOLITE
5451,854,ED,ED2,FOCUS
7290,855,OP,OP1,EMG
7291,855,OP,OP2,HOWLING SWORD
7292,855,ED,ED1,Sophia
7293,855,ED,ED2,Promise
5059,856,OP,OP1,Crowds
5060,856,ED,ED1,INNOCENT NOTE
6208,857,OP,OP1,Insight
6209,857,ED,ED1,60 Oku no Tsubasa
6210,858,OP,OP1,GATE: Sore wa Akatsuki no you ni
6211,858,ED,ED1,Prism Communicate
7129,859,OP,OP1,GATE II: Sekai wo Koete
7130,859,ED,ED1,Itsudatte Communication
5607,860,ED,ED1,Ai ga Arukara!!
8585,861,OP,OP1,Mousou Teikoku Chikuouki
8586,861,ED,ED1,Duality
1173,862,OP,OP1,W-INFINITY
1174,862,ED,ED1,Countdown
1175,862,ED,ED2,Brand New Mermaid
8382,863,OP,OP1,Gegege no Kitarou
8383,863,ED,ED1,Kagami no Naka kara
8384,863,ED,ED2,Get A Note
8385,863,ED,ED3,"Mienkeredomo, Orunda yo"
8386,863,ED,ED4,No.999
8387,863,ED,ED5,RONDO
8388,863,ED,ED6,Ushimitsu Jamboree
8389,863,ED,ED7,Aru Wakenai no Sono Oku ni
8390,863,ED,ED8,A.M.D.K.J.
8,864,OP,OP1,Gegege no Kitarou
9,864,ED,ED1,Karan Koron no Uta
71,865,OP,OP1,Gegege no Kitaro
72,865,ED,ED1,Karan Koron no Uta
242,866,OP,OP1,Gegege no Kitaro
243,866,ED,ED1,Obake ga Ikuzo~!
9728,867,OP,OP1,Gekidol!
9729,867,OP,OP2,Toki no Tsubasa Chrono Geizer
9730,867,ED,ED1,Kizuna
9731,867,ED,ED2,Seifuku DOLL
9732,867,ED,ED3,Tokyo Lonely Girl
9733,867,ED,ED4,Dandelion Girl
1266,868,OP,OP1,CRUSH GEAR FIGHT!!
1267,868,ED,ED1,Ai da yo ne!! ~Gear wo Tsunagou~
5608,869,OP,OP1,Kimi ja Nakya Dame Mitai
5609,869,ED,ED1,Ura Omote Fortune
5061,870,OP,OP1,träumerei
5062,870,ED,ED1,-Mirage-
1360,871,OP,OP1,SHAFT DRIVE
1361,871,ED,ED1,BROKEN CAMERA
711,872,OP,OP1,Genki Bakuhatsu GANBARUGAA
712,872,ED,ED1,Ganbar Taisou
244,873,OP,OP1,Yukue-fumei no Heart-tachi
245,873,ED,ED1,Kaze to Bouquet no Serenade
1847,874,OP,OP1,Kujibiki Unbalance
1848,874,OP,OP2,My Pace Daioh
1849,874,ED,ED1,Biidama
2616,875,OP,OP1,disarm dreamer
2617,875,ED,ED1,Clubhouse Sandwich
2618,875,ED,ED2,Ai
2619,875,ED,ED3,Biidama
2620,875,ED,ED4,Clubhouse Sandwich (Instrumental Version)
5063,876,OP,OP1,"Genshi, Joshi wa, Taiyou Datta."
5064,876,ED,ED1,Aoku Yurete Iru
2289,877,OP,OP1,Seishun to shite
2290,877,ED,ED1,Biidama
4094,878,OP,OP1,Iro wa Nioedo Chirinuru wo
4095,878,OP,OP2,Tsuki ni Murakumo Hana ni Kaze
4096,878,OP,OP3,Kachou Fuugetsu
4097,878,OP,OP4,"Utakata, Ai no Mahoroba"
4098,878,ED,ED1,Opposite World
4099,878,ED,ED2,Hitori Shizuka
4100,878,ED,ED3,Yozakura ni Kimi wo Kakushite
4101,878,ED,ED4,Zangyou wa Nari Yamazu
4102,878,ED,ED5,Kono Hagakure
4103,878,ED,ED6,Tamashii no Katari ni Michibikarete
4104,878,ED,ED7,Kanousei no Keshin
4105,878,ED,ED8,Kyoumei Shinai Ai no Katachi
4106,878,ED,ED9,Tamerai no Yurikago
4107,878,ED,ED10,Terasareru Kurai no Shiawase
4108,878,ED,ED11,Otogibanashi no Karakuri wa
4109,878,ED,ED12,"Ima, Ta ga Tame no Kagari Hi e"
4110,878,ED,ED13,Getsurin ni Megurasa Reta Kioku
4111,878,ED,ED14,Hate Naki Kaze no Kiseki Sae: Ha
11490,878,ED,ED15,Niji ni Somaru Koi no Hana
11491,878,ED,ED16,Ashita Chiru Unmei nara
11492,878,ED,ED17,Kataritsugu Tamashii wa
1431,879,OP,OP1,Yuragu Koto Nai Ai
1432,879,OP,OP2,Barairo no Sekai
1433,879,ED,ED1,Ichibyo No Refrain
1434,879,ED,ED2,Namida no Hurricane
1435,879,ED,ED3,Mr. Déjà vu
1436,879,ED,ED4,Changin'
6640,880,ED,ED1,Otome no Tawawa
73,881,OP,OP1,Getter Robo!
74,881,ED,ED1,Gattai! Getter Robo
75,882,OP,OP1,Getter Robo!
76,882,ED,ED1,Fumetsu no Machine Getter Robo
713,883,OP,OP1,21sseiki Shounen
714,883,OP,OP2,Getter Robo Go
715,883,ED,ED1,Grievous Rain
716,883,ED,ED2,Tomodachi ni Naritai
717,884,OP,OP1,Making of a Cyborg
718,884,ED,ED1,Reincarnation
1965,885,OP,OP1,Kugutsuuta ura mite chiru [Making of a Cyborg]
6332,886,OP,OP1,Anata wo Tamotsu Mono
5194,887,OP,OP1,GHOST IN THE SHELL ARISE
5195,887,ED,ED1,Jibun ga Inai
4906,888,OP,OP1,GHOST IN THE SHELL ARISE
4907,888,ED,ED1,Soto wa Senjou da yo
5766,889,OP,OP1,GHOST IN THE SHELL ARISE
5767,889,ED,ED1,Heart Grenade
5610,890,OP,OP1,GHOST IN THE SHELL ARISE
5611,890,ED,ED1,Split Spirit
9675,891,OP,OP1,Fly with me
9676,891,ED,ED1,sustain++;
1437,892,OP,OP1,Inner Universe
1438,892,ED,ED1,Lithium Flower
1439,892,OP,OP1-TV,GET9
10669,892,ED,ED1-TV,I Do
2043,893,OP,OP1,Rise
2044,893,ED,ED1,Living Inside the Shell
2045,893,OP,OP1-TV,Christmas in the Silent Forest
2396,894,OP,OP1,player
2397,894,ED,ED1,date of rebirth
4375,895,OP,OP1,player
4376,895,ED,ED1,date of rebirth
719,896,OP,OP1,GHOST SWEEPER
720,896,ED,ED1,BELIEVE ME
6641,897,OP,OP1,Ketsui no Diamond
6642,897,OP,OP2,Bloom
6643,897,ED,ED1,Ima wa Mijikashi Yumemi yo Otome
6644,897,ED,ED2,Asu e no Tochuu de
3816,898,OP,OP1,My Story ~Mada Minu Ashita e~
3817,898,ED,ED1,Get tough!
3818,898,ED,ED2,
9575,899,OP,OP1,GIBIATE
9576,899,ED,ED1,ENDLESS ~Toki wo Koete~
7700,900,OP,OP1,Mamori Tsunagu
7701,900,ED,ED1,The Game
8587,901,OP,OP1,Mamori Tsunagu
8588,901,ED,ED1,Kimi Kimi Kimi
5065,902,OP,OP1,Kiss you
5066,902,ED,ED1,Hello Especially
5887,903,OP,OP1,LIFE
5888,903,ED,ED1,Oto no Naru Hou e→
2081,904,OP,OP1,Dual
246,905,OP,OP1,Skies of Love
247,905,OP,OP2,I am waiting for you
248,905,OP,OP3,Sea of the Stars
249,905,OP,OP4,Must Be Something
250,905,ED,ED1,Hikari no Hashi wo koete
251,905,ED,ED2,Tabidachi no Jyokyoku
252,905,ED,ED3,Kansou no Uta
253,905,ED,ED4,Uchuu no Kakehashi
8391,906,OP,OP1,Binary Star
8392,906,ED,ED1,WISH
8810,907,OP,OP1,Binary Star
8811,907,ED,ED1,Tranquility
721,908,OP,OP1,A Story of Time
722,908,ED,ED1,Our Trail
723,908,ED,ED2,The Promised Future
724,909,OP,OP1,Kid
254,910,OP,OP1,"HELLO, VIFAM"
255,910,ED,ED1,NEVER GIVE UP
5196,911,OP,OP1,Watashi wa Souzousuru
5197,911,OP,OP2,PROMPT
5198,911,ED,ED1,Sayonara tte Iu
5199,911,ED,ED2,Arigatou. Tadaima.
5200,911,ED,ED3,Bokutachi wa Ikiteiru
256,912,OP,OP1,Nagareboshi Gin
257,912,ED,ED1,TOMORROW
258,913,OP,OP1,Ginga Reppuu Baxinger
259,914,OP,OP1,Ginga Senpuu Braiger
260,915,OP,OP1,Ginga Shippuu Sasuraiger
77,916,OP,OP1,Ginga Tetsudou 999
78,916,ED,ED1,Aoi Chikyuu
4908,917,OP,OP1,tiny lamp
4909,917,ED,ED1,Gekkou STORY
2446,918,OP,OP1,Pray
2447,918,OP,OP2,Tooi Nioi
2448,918,OP,OP3,Giniro no Sora
2449,918,OP,OP4,Kasanaru Kage
2450,918,OP,OP5,DONTEN
2451,918,OP,OP6,Anata MAGIC
2452,918,OP,OP7,Stairway Generation
2453,918,OP,OP8,Light Infection
2454,918,ED,ED1,Fuusen Gum
2455,918,ED,ED2,MR.RAINDROP
2456,918,ED,ED3,Yuki no Tsubasa
2457,918,ED,ED4,Candy Line
2458,918,ED,ED5,Shura
2459,918,ED,ED6,Kiseki
2460,918,ED,ED7,SIGNAL
2461,918,ED,ED8,Speed of Flow
2462,918,ED,ED9,Sanagi
2463,918,ED,ED10,This World is yours
2464,918,ED,ED11,"Ai, Ai, Ai"
2465,918,ED,ED12,Kagayaita
2466,918,ED,ED13,Asa Answer
2467,918,ED,ED14,Wo Ai Ni
2468,918,ED,ED15,Wonderful Days
2469,918,ED,ED16,SAYONARA no Sora
2470,918,OP,OP1-YorinukiGintamaSan,Bakuchi Dancer
2471,918,OP,OP2-YorinukiGintamaSan,Kaze no Gotoku
2472,918,OP,OP3-YorinukiGintamaSan,Kanousei Girl
2473,918,OP,OP4-YorinukiGintamaSan,Katoniago
2474,918,ED,ED1-YorinukiGintamaSan,Bokutachi no Kisetsu
2475,918,ED,ED2-YorinukiGintamaSan,Wave
2476,918,ED,ED3-YorinukiGintamaSan,In My Life
2477,918,ED,ED4-YorinukiGintamaSan,Sakurane
4233,919,OP,OP1,Tougenkyou Alien
4234,919,OP,OP2,Dilemma
4235,919,OP,OP3,Wonderland
4236,919,ED,ED1,Samurai Heart (Some Like It Hot!!)
4237,919,ED,ED2,Balance Doll
4238,919,ED,ED3,Anagura
4239,919,ED,ED4,Nakama
4240,919,ED,ED5,Tougenkyou Alien
6333,920,OP,OP1,DAYxDAY
6334,920,OP,OP2,Pride Kakumei
6335,920,OP,OP3,Beautiful Days
6336,920,OP,OP4,Know Know Know
6337,920,ED,ED1,DESTINY
6338,920,ED,ED2,Saigomade II
6339,920,ED,ED3,Glorious Days
6340,920,ED,ED4,Acchi Muite
7847,921,OP,OP1,Kagerou
7848,921,ED,ED1,SILVER
4464,922,OP,OP1,LET'S GO OUT
4465,922,OP,OP2,Mantama
4466,922,OP,OP3,Sakura Mitsutsuki
4467,922,ED,ED1,Moonwalk
4468,922,ED,ED2,LET'S GO OUT
4469,922,ED,ED3,Expect
4470,922,ED,ED4,Sakura Mitsutsuki
3819,923,ED,ED1,Bokutachi no Kisetsu
3820,923,ED,ED2,Bakuchi Dancer
5067,924,ED,ED1,Genjou Destruction
5068,924,ED,ED2,Pray
7294,925,OP,OP1,VS
7295,925,ED,ED1,Hankou Seimei
8589,926,OP,OP1,Katte ni My Soul
8590,926,ED,ED1,Hanaichi Monme
8175,927,OP,OP1,I Wanna Be...
8176,927,ED,ED1,Hikari Shoumeiron
5452,928,OP,OP1,Tanoshiki Tokimeki
5453,928,ED,ED1,Hareru kanaa
5454,928,ED,ED2,Shinka-kei Girl
1935,929,OP,OP1,Going My Way
1936,929,ED,ED1,Koko ni Irukara...
4471,930,OP,OP1,DreamRiser
4472,930,ED,ED1,Enter Enter MISSION!
7296,931,OP,OP1,Grand symphony
7297,931,ED,ED1,Enter Enter MISSION! Saishuushou ver.
9117,932,OP,OP1,Grand symphony
9118,932,ED,ED1,Enter Enter MISSION! Saishuushou ver.
5612,933,ED,ED1,Enter Enter MISSION!
6042,934,OP,OP1,Senshadou Koushinkyoku
6043,934,ED,ED1,piece of youth
6994,935,ED,ED1,Enter Enter MISSION!
9982,936,ED,ED1,Enter Enter MISSION! Saishuushou ver.
9299,937,OP,OP1,Break the Blue!!
9300,937,ED,ED1,Colorful☆Wing
8968,938,OP,OP1,Kizuato
8969,938,ED,ED1,Marutsuke -Piano ver.-
8970,938,ED,ED2,Marutsuke
5337,939,OP,OP1,Mousou★Koukan Nikki
5338,939,ED,ED1,I wish ~Tokimeki no Mahou~
5339,939,ED,ED2,balance unbalance ~Hontou no Watashi~
5340,939,ED,ED3,Purely Sky ~Watashi Dake no Sora~
5341,939,ED,ED4,Hashiridasou!
7298,940,OP,OP1,GLAMOROUS
7299,940,ED,ED1,OVER
261,941,OP,OP1,Glass no Kamen
262,941,ED,ED1,Purple Light
2177,942,OP,OP1,Promise
2178,942,OP,OP2,zero
2179,942,ED,ED1,Yasashii Sayonara
2180,942,ED,ED2,Step One
2181,942,ED,ED3,Sunao ni Narenakute (I Couldn't Become True)
2182,942,ED,ED4,Hello Hello ～another star～
5613,943,OP,OP1,Natsu no Hi to Kimi no Koe
5614,943,ED,ED1,Toumei na Sekai
5615,943,ED,ED2,Natsu no Hi to Kimi no Koe
9677,944,OP,OP1,Altern-ate-
9678,944,ED,ED1,Ame to Taieki to Nioi
5889,945,OP,OP1,Kotoba Colorful
6477,946,OP,OP1,Miracle GO! Princess Precure
6478,946,ED,ED1,Dreaming☆Princess Precure
6479,946,ED,ED2,Yume wa Mirai e no Michi
6044,947,OP,OP1,Miracle Go! Princess Pretty Cure
6045,947,ED,ED1,KIRA KIRA
7980,948,OP,OP1,Rightfully
7981,948,ED,ED1,Gin no Kisei
7982,948,ED,ED2,Though Our Paths May Diverge
7983,948,ED,ED3,Within
9983,949,ED,ED1,Static
5768,950,OP,OP1,Daydream café
5769,950,ED,ED1,Poppin Jump♪
5770,950,ED,ED2,Nichijou Decoration
6046,951,OP,OP1,no poi!
6047,951,ED,ED1,Tokimeki Poporon♪
6048,951,ED,ED2,Nantonaku Mirai
7300,952,OP,OP1,Happiness Encore
7301,952,ED,ED1,Sekai ga Cafe ni Nacchatta
8971,953,ED,ED1,Gin no Spoon ~Blend of Memory~
9424,954,OP,OP1,Tenkuu Cafeteria
9425,954,ED,ED1,Nakayoshi! ○! Nakayoshi!
9426,954,ED,ED2,Yume < Utsutsu → Happy Time
6212,955,OP,OP1,Feed A
6213,955,ED,ED1,Kouhai Chi
2966,956,OP,OP1,Kuusou Rumba
2967,956,OP,OP2,Kuusou Rumba Rap
2968,956,ED,ED1,Marionette
2969,956,ED,ED2,Omamori
2183,957,OP,OP1,Koi Seyo Onnanoko
2184,957,ED,ED1,Guuzen Tenshi
2185,957,ED,ED2,Koi Suru Miracle
5771,958,OP,OP1,BRYNHILDR IN THE DARKNESS -Ver. EJECTED-
5772,958,OP,OP2,Virtue and Vice
5773,958,ED,ED1,Ichiban Boshi
2046,959,OP,OP1,Honto no Kotoba
2047,959,ED,ED1,Onoremichi
725,960,OP,OP1,Golden Boy
726,960,ED,ED1,Study A Go! Go
8393,961,OP,OP1,Winding Road
8394,961,ED,ED1,Hibana
7984,962,OP,OP1,Reimei
7985,962,ED,ED1,Tokeidai no Kane
9427,963,OP,OP1,Grey
9428,963,ED,ED1,Yuusetsu
4910,964,OP,OP1,Golden Time
4911,964,OP,OP2,The♡World's♡End
4912,964,ED,ED1,Sweet & Sweet CHERRY
4913,964,ED,ED2,Hanneikyuuteki ni Aishite yo♡
263,965,OP,OP1,Gosenzo-sama Banbanzai!
2621,966,OP,OP1,Yubikiri
2622,966,ED,ED1,Furefurepponpon!
4377,967,OP,OP1,Destin Histoire
4378,967,ED,ED1,Resuscitated Hope
4379,967,ED,ED2,unity
9301,968,OP,OP1,Gotoubun no Kimochi
9302,968,ED,ED1,Sign
9734,969,OP,OP1,Gotoubun no Katachi
9735,969,ED,ED1,Hatsukoi
10105,969,ED,ED2,Gotoubun no Kimochi
8972,970,OP,OP1,Tsuki wo Ou Mayonaka
8973,970,ED,ED1,Negai
8974,970,ED,ED2,Scenery
7702,971,OP,OP1,GO
7703,971,ED,ED1,Sora no Parade
8812,972,OP,OP1,Stay With Me
8813,972,ED,ED1,Ao
9984,973,OP,OP1,Stay With Me
9985,973,ED,ED1,Ao
8591,974,OP,OP1,starry
8592,974,OP,OP2,Rin
8593,974,ED,ED1,PLEDGE
8594,974,ED,ED2,Shoudou
8172,975,OP,OP1,Grand Blue
8173,975,ED,ED1,Konpeki no Alpine ~Nikenme ni Karaoke ni Haitta Oretachi no Tension Super MAX ver.~
8174,975,ED,ED2,Konpeki no Alpine ~Kaya Mizuki ver.~
1403,976,OP,OP1,Ai Believe
1404,976,ED,ED1,Reborn
1176,977,OP,OP1,SUPER DRIVE
1177,977,ED,ED1,Glaring Dream
79,978,OP,OP1,Ore wa Great Mazinger
9679,979,OP,OP1,G.P.
9680,979,ED,ED1,The Great Pretender
727,980,OP,OP1,Driver's High
728,980,OP,OP2,Hitori no Yoru
729,980,ED,ED1,Last Piece
730,980,ED,ED2,Shizuku
731,980,ED,ED3,CHERISHED MEMORIES
1704,981,OP,OP1,Guri Guri
1705,981,ED,ED1,Aozora
1440,982,OP,OP1,Green Green
1441,982,ED,ED1,Green Green
1850,983,OP,OP1,KOHAKU
1851,983,ED,ED1,Kanashimi ni Makenaide
1852,983,OP,OP1-TV,Akatsuki no Sora wo Kakeru
1853,983,ED,ED1-TV,Hana no Youni
9303,984,OP,OP1,Innocent Notes
9304,984,ED,ED1,Eiyuu no Shihen
9305,984,ED,ED2,Endless Notes
5455,985,OP,OP1,Rakuen no Tsubasa
5456,985,ED,ED1,Shuumatsu no Fractal
5457,985,ED,ED2,Eden's Song
5458,985,ED,ED3,Anata no Aishita Sekai
5459,985,ED,ED4,SKIP
5460,985,ED,ED5,Rainy veil
5461,985,ED,ED6,Sousei no Thanatos
6341,986,ED,ED1,Grimm
6342,987,OP,OP1,Setsuna no Kajitsu
6343,987,ED,ED1,Tasogare no Starlight
6344,987,ED,ED2,FISSION
6345,987,ED,ED3,Kimi wo Sagashi ni
6346,987,ED,ED4,Ceremony
9306,988,OP,OP1,Gensou no Ranbu
9307,988,ED,ED1,Sayonara no Wakusei
9429,989,OP,OP1,Gensou no Ranbu
9430,989,ED,ED1,Ryuurui Ruru Mama
80,990,OP,OP1,Tobe! Groizer X
81,990,ED,ED1,Go Go Groizer X
1268,991,OP,OP1,Butterfly Kiss
1269,991,ED,ED1,Kokaku no Yurikago
732,992,OP,OP1,GHOST SWEEPER
733,992,ED,ED1,My Jolly Days
5462,993,OP,OP1,Welcome!! DISCO Kemo Kemo Ke
5463,993,ED,ED1,This Merry-Go-Round Song
5464,993,ED,ED2,This Merry-Go-Round Song (Piano Version)
3983,994,OP,OP1,Euterpe
3984,994,OP,OP2,My Dearest
3985,994,OP,OP3,The Everlasting Guilty Crown
3986,994,ED,ED1,Departures ~Anata ni Okuru Ai no Uta~
3987,994,ED,ED2,Kokuhaku
3444,995,OP,OP1,Guin no Theme
3445,995,ED,ED1,Saga ~ This is my road
2120,996,OP,OP1,GUNXSWORD
2121,996,ED,ED1,A Rising Tide
8395,997,OP,OP1,Diver's High
8396,997,OP,OP2,Infinity
8397,997,ED,ED1,Ashita e
8398,997,ED,ED2,Start Dash
8814,998,OP,OP1,Re:RISE
8815,998,ED,ED1,MAGIC TIME
9681,999,OP,OP1,HATENA
9682,999,ED,ED1,Twinkle
9683,999,ED,ED2,Heartful
4914,1000,OP,OP1,Nibun no Ichi
4915,1000,OP,OP2,wimp ft. Lil'Fang (from FAKY)
4916,1000,ED,ED1,Imagination > Reality
4917,1000,ED,ED2,Hanpan Spirit
5465,1001,OP,OP1,Cerulean
5466,1001,OP,OP2,Just Fly Away
5467,1001,ED,ED1,Amazing The World
5468,1001,ED,ED2,Mayomayo Compass wa Iranai
5469,1002,OP,OP1,BLAZING
5470,1002,ED,ED1,G no Senkou
9986,1003,ED,ED1,G
1663,1004,OP,OP1,Family
1664,1004,ED,ED1,Akaneiro ga Moerutoki
9119,1005,OP,OP1,Dash&Daaash!!
9120,1005,ED,ED1,The Key
734,1006,ED,ED1,Cyborg Mermaid
1772,1007,OP,OP1,Shinjitsu no Tobira
1773,1007,ED,ED1,Yami wo Koete
1665,1008,OP,OP1,The Light Before We Land
1666,1008,ED,ED1,Dopo il Sogno ~Yume no Ato ni~
3210,1009,OP,OP1,Tatta Hitotsu no Omoi
11307,1009,ED,ED1,doll
11308,1009,ED,ED2,doll
11309,1009,ED,ED3,Scarborough Fair
6347,1010,OP,OP1,vanilla sky
6348,1010,ED,ED1,MIRAI
735,1011,OP,OP1,Gunsmith Cats Theme
736,1011,ED,ED1,Gunsmith Cats Ending Theme
9431,1012,ED,ED1,Kokuveen no Tsubasa
9432,1012,ED,ED2,Tiamat Magna
8399,1013,OP,OP1,Merigo feat. SKY-HI
8400,1013,ED,ED1,SHADOW MONSTER
7986,1014,OP,OP1,Merigo feat. SKY-HI
7987,1014,ED,ED1,SHADOW MONSTER
4241,1015,OP,OP1,Chase the Light!
10226,1015,ED,ED1,C Kara Hajimaru ABC
2623,1016,OP,OP1,Mirai wa Bokura no Te no Naka
2624,1016,ED,ED1,Makeinu-tachi no Requiem
6995,1017,OP,OP1,Gyakuten Winner
6996,1017,OP,OP2,Jinsei wa Subarashii
6997,1017,ED,ED1,Message
6998,1017,ED,ED2,Junai Chaos
7988,1018,OP,OP1,Never Lose
7989,1018,OP,OP2,Reason
7990,1018,ED,ED1,Starting Blue
7991,1018,ED,ED2,Beautiful Days
264,1019,OP,OP1,Binkan! Mechanic
265,1019,ED,ED1,Rival 360 Do ~Renai Hatten Kanou Sei 0~
9684,1020,OP,OP1,Jikuu no Mayoi Hito
9685,1020,ED,ED1,Tsukiakari no Monologue
9121,1021,OP,OP1,Etude
9122,1021,ED,ED1,Donna Toki mo.
2186,1022,OP,OP1,Dramatic
2187,1022,ED,ED1,Waltz
2188,1022,ED,ED2,Mistake
2398,1023,OP,OP1,Fugainaiya
2399,1023,ED,ED1,Split
6049,1024,OP,OP1,Touch Tap Baby
6050,1024,ED,ED1,Happy Days Refrain
6051,1024,ED,ED2,Progress Push Doll
6052,1024,ED,ED3,Reflect Realist Doll
6053,1024,ED,ED4,Hazy Lazy Doll
4606,1025,OP,OP1,Realization
4607,1025,ED,ED1,Ai no Sei de Nemurenai
7131,1026,OP,OP1,Knew day
7132,1026,ED,ED1,Harvest
1442,1027,OP,OP1,Free Bird
1443,1027,ED,ED1,Blue Flow
6999,1028,OP,OP1,High Free Spirits
7000,1028,ED,ED1,Ripple Effect
7302,1029,ED,ED1,Yume no Hate made
5774,1030,OP,OP1,Imagination
5775,1030,OP,OP2,Ah Yeah!!
5776,1030,ED,ED1,Tenchi Geshi
5777,1030,ED,ED2,LEO
6645,1031,OP,OP1,Hikari Are
6646,1031,ED,ED1,Mashi Mashi
6054,1032,OP,OP1,I'm A Believer
6055,1032,OP,OP2,Fly High!!
6056,1032,ED,ED1,Climber
6057,1032,ED,ED2,Hatsunetsu
9987,1033,OP,OP1,PHOENIX
9988,1033,ED,ED1,Kessen Spirit
9433,1034,OP,OP1,Toppakou
9434,1034,ED,ED1,One Day
9435,1034,ED,ED2,Imagination
4706,1035,OP,OP1,Taiyou Iwaku Moeyo Chaos
4707,1035,ED,ED1,Zutto Be with you
6349,1036,OP,OP1,Haiyore Once Nyagain
6350,1036,ED,ED1,Kitto Engage
5201,1037,OP,OP1,Koi wa Chaos wo Shimobenari
5202,1037,ED,ED1,Yotte S.O.S
5203,1037,ED,ED2,Wonder Nanda? Kataomoi
5204,1037,ED,ED3,Kiraina Wake Lychee
5205,1037,ED,ED4,"Sister, Friend, Lover"
5206,1037,ED,ED5,Ai Crusaders†Striver
5207,1037,ED,ED6,Kimi no Tonari de
266,1038,OP,OP1,Cross Fight
267,1038,OP,OP2,Cheap Thrills
268,1038,ED,ED1,Kokoro no Honesty
269,1038,ED,ED2,Who's Gonna Win
82,1039,OP,OP1,Hajime Ningen Gyatoruz
83,1039,ED,ED1,Yatsura no Ashioto no Ballad
1178,1040,OP,OP1,Under Star
1179,1040,OP,OP2,Inner Light
1180,1040,OP,OP3,Tumbling Dice
1181,1040,ED,ED1,Yuuzora no Kamihikouki
1182,1040,ED,ED2,360°
1183,1040,ED,ED3,Eternal Loop
3542,1041,OP,OP1,Hekireki
3543,1041,ED,ED1,8 AM
4918,1042,OP,OP1,Yakan Hikou
4919,1042,ED,ED1,Buchikome!!
7515,1043,OP,OP1,Hajimete no SEASON
7516,1043,ED,ED1,GAL-tic Love
7517,1043,ED,ED2,Hajimete no SEASON
3211,1044,OP,OP1,Mononoke Dance
3212,1044,ED,ED1,Snow Tears
1405,1045,OP,OP1,Hakaima Sadamitsu no Theme
1406,1045,OP,OP2,Otoko no Michi wa Kenka Michi
1407,1045,ED,ED1,Suki Datta Uta no Youni ~Like a favorite song~
8975,1046,OP,OP1,Hakata Mentai! Pirikarako-chan
8595,1047,OP,OP1,Stray
8596,1047,ED,ED1,DIRTY BULLET
5342,1048,OP,OP1,God FATE
5069,1049,OP,OP1,wonder fang
5070,1049,ED,ED1,Souai Calendula
9686,1050,ED,ED1,Tooku
8597,1051,OP,OP1,urar
8598,1051,ED,ED1,Harvest Moon Night
8599,1051,ED,ED2,Suitei no Rhythm
3821,1052,OP,OP1,Izayoi Namida
3822,1052,ED,ED1,Kimi no Kioku
3607,1053,OP,OP1,Maikaze
3608,1053,ED,ED1,Akane Sora ni Negafu
4608,1054,OP,OP1,reimei
4609,1054,ED,ED1,Hana no Atosaki
4112,1055,OP,OP1,Yume no Ukifune
9687,1056,OP,OP1,Satesu Hakushon
9688,1056,ED,ED1,Akubi wo Sureba
9689,1056,ED,ED2,Furefure
8600,1057,OP,OP1,Keep the Heat and Fire Yourself Up
8601,1057,OP,OP2,Treasure in Your Hands
8602,1057,ED,ED1,Madoi Mirai
8603,1057,ED,ED2,Mukei no Outline
5890,1058,OP,OP1,FLAT
5891,1058,ED,ED1,Hikari
84,1059,OP,OP1,Hana no Kakarichou
85,1059,ED,ED1,Aa! Hana no Kakarichou
737,1060,OP,OP1,Futsuu no Nichiyoubi ni
738,1060,ED,ED1,Kenka no Ato de...
739,1060,ED,ED2,Todoku ka na
1444,1061,OP,OP1,The One
1445,1061,ED,ED1,Drowning
3895,1062,OP,OP1,Aozora Triangle
3896,1062,ED,ED1,Egao Narebete
3897,1062,ED,ED2,Kigurumi Wakusei
3898,1062,ED,ED3,Kusa no Yubiwa Hana no Kanmuri
3899,1062,ED,ED4,Hatsudou!! Love Beam☆
3900,1062,ED,ED5,Ano ne Kiite ne
3901,1062,ED,ED6,Heart no Housoku
3902,1062,ED,ED7,Kuro Neko no Jazz
3903,1062,ED,ED8,Nadeshiko Romance
3904,1062,ED,ED9,Kokutou Drop
3905,1062,ED,ED10,Boku no Wasuremono
3906,1062,ED,ED11,"Yes, We Can!!"
3907,1062,ED,ED12,Sekai de Ichiban
5616,1063,OP,OP1,the last day of my adolescence
5617,1063,ED,ED1,Hana Ato: Shirushi
3446,1064,OP,OP1,Change
3447,1064,ED,ED1,One
4242,1065,OP,OP1,Hana no Iro
4243,1065,OP,OP2,Omokage Warp
4244,1065,ED,ED1,Hana no Iro
4245,1065,ED,ED2,Hazy
4246,1065,ED,ED3,Tsukikage to Buranko
4247,1065,ED,ED4,Yumeji
4248,1065,ED,ED5,Saibou Kioku
4249,1065,ED,ED6,Hanasaku Iroha
4250,1065,ED,ED7,Hi Leap
5343,1066,ED,ED1,Kagefumi
1362,1067,OP,OP1,Hanaukyo Maid-tai no Uta
1363,1067,ED,ED1,Sanshoku no Himitsu
1315,1068,OP,OP1,Hanaukyo Maid-tai no Uta
1316,1068,ED,ED1,Zankai no Jikan
5618,1069,OP,OP1,Hana wa Odore ya Irohaniho
5619,1069,ED,ED1,Hanayuki
5620,1069,ED,ED2,Hanayuki
2572,1070,OP,OP1,Aoi Koufuku
2573,1070,ED,ED1,Kioku no Kakera
1204,1071,OP,OP1,JUMP~MAYppai Dakishimete
1205,1071,ED,ED1,Honto no Kimochi
7849,1072,OP,OP1,One Hand Message
7850,1072,ED,ED1,Yume Miru Ame
6814,1073,OP,OP1,The LiBERTY
6815,1073,ED,ED1,HIDE-AND-SEEK
8177,1074,OP,OP1,Futari no Hane
8178,1074,ED,ED1,High Stepper
8179,1074,ED,ED2,High Stepper (Acoustic Ver.)
7992,1075,OP,OP1,Highlight
7993,1075,ED,ED1,KI-te MI-te HIT PARADE!
7994,1075,ED,ED2,Ito Utsukushiki Hikari no Naka de
9123,1076,OP,OP1,OPEN THE WORLDS
9124,1076,ED,ED1,PEARLY×PARTY
9436,1077,OP,OP1,NEW ERA
9437,1077,OP,OP2,BURN
9438,1077,ED,ED1,Break
9439,1077,ED,ED2,Kesshou
2291,1078,OP,OP1,Happiness!
2292,1078,ED,ED1,Magical★Generation
5892,1079,OP,OP1,Happiness Charge Precure!WOW!
5893,1079,ED,ED1,Precure Memory
5894,1079,ED,ED2,Party Has Come
5471,1080,OP,OP1,Happiness Charge Precure!WOW!
5472,1080,ED,ED1,Party Has Come
8180,1081,OP,OP1,One Room Sugar Life
8181,1081,ED,ED1,SWEET HURT
8182,1081,ED,ED2,Canary
1446,1082,OP,OP1,Kami-sama no Okuri mono ~Naked Angel~
1447,1082,ED,ED1,Shiawase Hiyori
5895,1083,ED,ED1,Harmonie
7133,1084,OP,OP1,Niji o Ametara
7134,1084,ED,ED1,Kuusou Triangle
7135,1084,ED,ED2,Hare no Hi Ni
8183,1085,OP,OP1,FLY two BLUE
8184,1085,OP,OP2,Mae wo Muite!
8185,1085,ED,ED1,Wish me luck!!!!
8186,1085,ED,ED2,Rise [Vocal version]
7995,1086,OP,OP1,Yume Fanfare
7996,1086,ED,ED1,Aikatsu Happy End
8816,1087,OP,OP1,Fight! Kemona Mask
8817,1087,ED,ED1,Anecdote
5208,1088,OP,OP1,ZERO!!
5209,1088,ED,ED1,Gekka
5210,1088,ED,ED2,Star Chart
5211,1088,ED,ED3,Tsumabiku Hitori
8604,1089,ED,ED1,KEEP YOUR HOPE ALIVE
8187,1090,ED,ED1,LOVE YOUR LIFE
8188,1091,OP,OP1,Mission! Ken・Kou・Dai・Ichi
8189,1091,ED,ED1,CheerS
9736,1092,OP,OP1,GO! GO! Saibou Fiesta
9737,1092,ED,ED1,Fight!!
9738,1093,OP,OP1,Hashire!
9739,1093,ED,ED1,Ue wo Muite Hakobou
9989,1094,OP,OP1,Magic Words
9990,1094,ED,ED1,Hikari-iro no Uta
3213,1095,OP,OP1,Heartbreaking Romance
3214,1095,ED,ED1,Te no Naka no Eien
3448,1096,OP,OP1,Future Stream
3449,1096,ED,ED1,Hatsukoi limited
3450,1096,ED,ED2,"Gensou no Basho, Sorezore no Michi no Ue"
3451,1096,ED,ED3,Sora ni Mau
6816,1097,OP,OP1,Innocent
6817,1097,ED,ED1,Kimi ni Sasageru Chinkonka
2755,1098,OP,OP1,Hayate no Gotoku!
2756,1098,OP,OP2,Shichiten Hakki ☆Shijou Shugi!
2757,1098,ED,ED1,Proof
2758,1098,ED,ED2,Get my way!
2759,1098,ED,ED3,Chasse
2760,1098,ED,ED4,Ko no Me Kaze
3452,1099,OP,OP1,Wonder Wind
3453,1099,OP,OP2,daily-daily Dream!!
3454,1099,ED,ED1,"Honjitsu, Mankai Watashi Iro!"
3455,1099,ED,ED2,Karakoi ~Dakara Shoujo wa Koi wo suru~
4473,1100,OP,OP1,CAN'T TAKE MY EYES OFF YOU
4474,1100,ED,ED1,Koi no Wana
4475,1100,ED,ED2,Yoki Shoujo no Tame no Pavane
4476,1100,ED,ED3,"Here I am, Here we are"
5212,1101,OP,OP1,Haru ULALA♡LOVE yo Koi!!!
5213,1101,ED,ED1,Heroine wa Koko ni Iru!
5214,1101,ED,ED2,Asterisk
5215,1101,ED,ED3,Isogaba Smile!
5216,1101,ED,ED4,Manmaru Kakurenbo
5217,1101,ED,ED5,Daikirai wa Koi no Hajimari
5218,1101,ED,ED6,Na no Kiss
5219,1101,ED,ED7,Tsuki no Inori
5220,1101,ED,ED8,Walkin'
5221,1101,ED,ED9,POKER FACE for all
5222,1101,ED,ED10,Yakusoku
5223,1101,ED,ED11,Suiyoubi no Sunday
5224,1101,ED,ED12,Invitation ~Kimi to Iru Basho de~
9991,1102,OP,OP1,Healin' Good♥Precure Touch!!
9992,1102,ED,ED1,Miracle-tto♥Link Ring!
9993,1102,ED,ED2,Everybody☆Healin' Good Day!
3908,1103,OP,OP1,Alright! Heartcatch Precure!
3909,1103,ED,ED1,Heartcatch ☆ Paradise!
3910,1103,ED,ED2,Song of Tomorrow
3609,1104,OP,OP1,Alright! Heartcatch Precure! for the Movie
3610,1104,ED,ED1,Tomorrow Song ~Ashita no Uta~ for the Movie
1448,1105,OP,OP1,Face
1449,1105,ED,ED1,Kokoro no Sukima
1450,1105,ED,ED2,Hikari
6058,1106,OP,OP1,One More Chance!!
6059,1106,OP,OP2,Never Gave Up
6060,1106,ED,ED1,Dear Brave
6061,1106,ED,ED2,Kawaranai Tsuyosa
740,1107,OP,OP1,Dai Kirai!
741,1107,ED,ED1,Futari Kiri de Ikou yo
742,1107,ED,ED2,Nengara Noutenki
6351,1108,OP,OP1,Yume-iro Parade!
6352,1108,OP,OP2,Kirameki-iro Summer Rainbow
6353,1108,ED,ED1,My Best Friends
8976,1109,OP,OP1,Opening Theme feat. AAAMYYY
8977,1109,ED,ED1,Shin Sekai
2970,1110,ED,ED1,BREATHE AGAIN
1270,1111,OP,OP1,Logos Naki World
1271,1111,ED,ED1,Shine
4251,1112,ED,ED1,Punctuation!
5225,1113,OP,OP1,Fantastic future
5226,1113,ED,ED1,Baby Sweet Berry Love
9994,1114,OP,OP1,Hentatsu
743,1115,OP,OP1,Ai (Chuuseishin)
744,1115,ED,ED1,Menchi Aishou no Bolero
745,1115,ED,ED2,Menchi Aishou no Bolero (Gyakuna)
2761,1116,OP,OP1,gravitation
2762,1116,ED,ED1,Azurite
3823,1117,OP,OP1,Roulette
3824,1117,OP,OP2,missing
3825,1117,ED,ED1,CALLING
3826,1117,ED,ED2,Boku no Te wa Kimi no Tame ni
9995,1118,ED,ED1,The Sunshower
6647,1119,OP,OP1,Houkago Nejimaki Dance
6648,1119,ED,ED1,Guuchoki Pantsu no Masayoshi-san
6649,1119,ED,ED2,Shakai no Rule
1966,1120,OP,OP1,'Hi no Tori' Opening Theme
1967,1120,ED,ED1,Hi no Tori
5473,1121,OP,OP1,SeHa Gagaganbacchau!!
5474,1121,ED,ED1,Wakai Chikara -SEGA HARD GIRLS MIX-
6354,1122,OP,OP1,DREAM SOLISTER
6355,1122,ED,ED1,Tutti!
6356,1122,ED,ED2,Ai wo Mitsuketa Basho
6357,1122,ED,ED3,DREAM SOLISTER ~Wind Orchestra ver.~
6650,1123,OP,OP1,Soundscape
6651,1123,ED,ED1,Vivace!
6652,1123,ED,ED2,Hibike! Euphonium (Asamoya ver.)
6653,1123,ED,ED3,Hibike! Euphonium (Last ver.)
9125,1124,ED,ED1,Blast!
1217,1125,OP,OP1,Hidamari no Ki ~Manazashi~
1218,1125,ED,ED1,Hikari no Mukou e
1219,1125,ED,ED2,High Dive
2855,1126,OP,OP1,Sketch Switch
2856,1126,ED,ED1,Mebae Drive
4920,1127,OP,OP1,Open☆Canvas
4921,1127,ED,ED1,Yume Gumo
4922,1127,ED,ED2,"Mata ne, Youkoso, Hidamarisou"
2625,1128,OP,OP1,Sketch Switch
2626,1128,ED,ED1,Mebae Drive
3911,1129,OP,OP1,Dekirukanatte☆☆☆
3912,1129,ED,ED1,"Sakura Sakura Saku ~Ano Hi Kimi wo matsu, Sora to Onajide~"
3063,1130,OP,OP1,Hatena de Wasshoi
3064,1130,ED,ED1,Ryuusei Record
4477,1131,OP,OP1,Open☆Canvas
4478,1131,ED,ED1,Yume Gumo
3988,1132,OP,OP1,"Kimagure, Jan-ken-pon"
3989,1132,ED,ED1,nora
4252,1133,OP,OP1,Scarlet Ballet
4253,1133,ED,ED1,Camellia no Hitomi
6062,1134,OP,OP1,Bull's Eye
6063,1134,ED,ED1,Pulse
3456,1135,OP,OP1,FALLING DOWN
3457,1135,ED,ED1,futuristic imagination
3294,1136,OP,OP1,invisible
3295,1136,ED,ED1,Light Prayer
3913,1137,OP,OP1,future nova
3914,1137,ED,ED1,after laughter
4832,1138,OP,OP1,Trip -innocent of D-
4833,1138,ED,ED1,STUDY x STUDY
6358,1139,OP,OP1,BLESS YoUr NAME
6359,1139,ED,ED1,Give Me Secret
6360,1139,ED,ED2,Oppai Dragon no Uta
8401,1140,OP,OP1,SWITCH
8402,1140,ED,ED1,Motenai Kuseni (｀；ω；´)
5071,1141,OP,OP1,Sympathy
5072,1141,OP,OP2,Gekijouron
5073,1141,ED,ED1,Houteishiki wa Kotaenai
5074,1141,ED,ED2,Lovely ♥ Devil
9996,1142,ED,ED1,Free Turn
8190,1143,OP,OP1,New Stranger
8191,1143,ED,ED1,Houkago Distraction
8818,1144,OP,OP1,flash
8819,1144,ED,ED1,Unknown World Map
6064,1145,ED,ED1,Aching Horns
3730,1146,OP,OP1,HIGHSCHOOL OF THE DEAD
3731,1146,ED,ED1,Kimi to Taiyou ga Shinda hi
3732,1146,ED,ED2,Color Me Dark
3733,1146,ED,ED3,Return to Destiny
3734,1146,ED,ED4,Cold Bullet Blues
3735,1146,ED,ED5,Memories of Days Gone By
3736,1146,ED,ED6,Under The Honey Shine
3737,1146,ED,ED7,fuss fuzz
3738,1146,ED,ED8,The place of hope
3739,1146,ED,ED9,Houseki no Spy
3740,1146,ED,ED10,THE last pain
3741,1146,ED,ED11,Hollow Men
3742,1146,ED,ED12,The Eternal Song
2478,1147,OP,OP1,Higurashi no Naku Koro ni
2479,1147,ED,ED1,"Why, or why not"
9440,1148,OP,OP1,I believe what you said
9441,1148,ED,ED1,Higurashi no Naku Koro ni
9442,1148,ED,ED2,Kamisama no Syndrome
9443,1148,ED,ED3,Fukisokusei Entropy
2701,1149,OP,OP1,Naraku no Hana
2702,1149,ED,ED1,Taishou.a
5075,1150,ED,ED1,You –Visionen im Spiegel
4113,1151,OP,OP1,Happy! Lucky! Dochy!
4114,1151,ED,ED1,Zendaimimon☆Miracle Change
4115,1151,ED,ED2,Tenshinranman☆Miracle Change
4116,1151,ED,ED3,Ishindenshin☆Miracle Change
4117,1151,ED,ED4,Yuki Rinrin☆Miracle Change
3544,1152,OP,OP1,Super Scription of Data
3545,1152,ED,ED1,Manazashi
4708,1153,OP,OP1,Nee
4709,1153,ED,ED1,Kono Te de Daki Tomeru Kara
4479,1154,OP,OP1,Takanaru
2048,1155,OP,OP1,Asu no Blue wing
2049,1155,ED,ED1,Anata to Yuujikan
2050,1155,ED,ED2,Anata to Yuujikan
1272,1156,OP,OP1,Get Over
1273,1156,OP,OP2,I'll Be the One
1274,1156,OP,OP3,Fantasy
1275,1156,ED,ED1,Bokura no Bouken
1276,1156,ED,ED2,Hitomi no Chikara
1277,1156,ED,ED3,Sincerely ~ever dream~
1278,1156,ED,ED4,Days
1279,1156,ED,ED5,Music is My Thing
1280,1156,ED,ED6,Get Over ~Special Mix~
2051,1157,OP,OP1,Get Over
2052,1157,ED,ED1,Everlasting Snow
746,1158,OP,OP1,Magical Beat!
747,1158,ED,ED1,Dear My self ~Watashi Dake no Time Capsule~
3827,1159,OP,OP1,Little Princess
5621,1160,OP,OP1,Troublemaker
5622,1160,ED,ED1,Make-up!
10,1161,OP,OP1,Himitsu no Akko-chan
11,1161,ED,ED1,Sukisuki Song
748,1162,OP,OP1,Himitsu no Akko-chan
749,1162,ED,ED1,Watashi no Uta wo Kitte Hoshii
750,1162,ED,ED2,Nippon Hare Da yo! Akko-chan
9444,1163,OP,OP1,Dare ga Tame ni CHAKAPOCO wa Naru
9445,1163,ED,ED1,Chili Peppers
7997,1164,OP,OP1,Motetaino
7998,1164,ED,ED1,Ouchi ni Kaerou
6214,1165,OP,OP1,Kakushinteki☆Metamaruphose!
6215,1165,ED,ED1,Hidamari Days
7303,1166,OP,OP1,Nimensei☆Ura Omote Life!
7304,1166,ED,ED1,Umarun Taisou
7518,1167,OP,OP1,BUTTERFLY EFFECTOR
7519,1167,ED,ED1,Baby Bird!!: Gakuen Logic
7520,1167,ED,ED2,Foreigner Song
7521,1167,ED,ED3,BUTTERFLY EFFECTOR
7704,1168,OP,OP1,A E I U E O Ao!
7705,1168,ED,ED1,Curtain Call!!!!!
8403,1169,OP,OP1,Distance
8404,1169,ED,ED1,Sake to Ikura to 893 to Musume
8405,1169,ED,ED2,Shashin Jou
8406,1169,ED,ED3,Hajimete no Kimochi
7999,1170,OP,OP1,FIRE GROUND
8000,1170,OP,OP2,Be the NAKED
8001,1170,ED,ED1,Hiizuru Basho
8002,1170,ED,ED2,Sakura Sake
7851,1171,ED,ED1,Day Dream Believer
8407,1172,OP,OP1,Shoujo wa Ano Sora wo Wataru
8408,1172,OP,OP2,Shoujo wa Ano Sora ni Madou
8409,1172,ED,ED1,Le temps de la rentrée ~Koi no Shingakki~
8410,1172,ED,ED2,Le temps de la rentrée ~Koi no Shingakki~
8411,1172,ED,ED3,Le temps de la rentrée ~Koi no Shingakki~
8412,1172,ED,ED4,Le temps de la rentrée ~Koi no Shingakki~
8413,1172,ED,ED5,Le temps de la rentrée ~Koi no Shingakki~
8414,1172,ED,ED6,Le temps de la rentrée ~Koi no Shingakki~
8415,1172,ED,ED7,Le temps de la rentrée ~Koi no Shingakki~
8416,1172,ED,ED8,Le temps de la rentrée ~Koi no Shingakki~
6818,1173,OP,OP1,ARCADIA
6819,1173,ED,ED1,In the Dawn
8605,1174,OP,OP1,Kizudarake no Bokura
8606,1174,OP,OP2,Wu Ya
8607,1174,ED,ED1,Yao Mei er Feng Bao Bao
8608,1174,ED,ED2,Ting Feng Yin
8609,1174,ED,ED3,Dange Jinghong
8610,1174,ED,ED4,Nian Dou Zhang
8611,1174,ED,ED5,You Long
9126,1175,OP,OP1,Hitoribocchi no Monologue
9127,1175,ED,ED1,"Ne, Issho ni Kaero."
9128,1175,ED,ED2,Bakushou Bocchi Juku Kouka
7522,1176,OP,OP1,Heart Signal
7523,1176,ED,ED1,TRUE LOVE
7524,1176,ED,ED2,TRUE LOVE
7525,1176,ED,ED3,TRUE LOVE
7526,1176,ED,ED4,TRUE LOVE
7527,1176,ED,ED5,TRUE LOVE
7528,1176,ED,ED6,TRUE LOVE
7529,1176,ED,ED7,TRUE LOVE
5778,1177,OP,OP1,DARAKENA
5779,1177,ED,ED1,Kairaku Genri
5475,1178,OP,OP1,Shikkoku wo Nuritsubuse
5476,1178,ED,ED1,Watashi wa Omae no Naka ni Iru
270,1179,OP,OP1,Ai wo Torimodose!!
271,1179,OP,OP2,Silent Survivor
272,1179,ED,ED1,Yuria... Eien ni
273,1179,ED,ED2,Dry Your Tears
274,1180,OP,OP1,Tough Boy
275,1180,ED,ED1,Love Song
276,1180,ED,ED2,Yuria... Eien ni
751,1181,OP,OP1,Honoo no Tenkousei
752,1181,ED,ED1,Yumemiru Kimochi ~Dreaming Heart~
8820,1182,OP,OP1,Masshiro
8821,1182,ED,ED1,Kamikazari no Tenshi
9690,1183,OP,OP1,Tsumujikaze
9691,1183,ED,ED1,Ephemera wo Atsumete
5896,1184,OP,OP1,Jigoku no Sata mo Kimi Shidai
5897,1184,ED,ED1,Ookina Kingyou no Kinoshitade
5898,1184,ED,ED2,Parallax View
5899,1184,ED,ED3,Caramel Peach Jam 120%
7305,1185,OP,OP1,Dai! Jigo Jigo Bushi
7306,1185,ED,ED1,Riverside Lovers (Naraku no Koi)
7307,1185,ED,ED2,Jigoku no Sata mo Kimi Shidai
8417,1186,OP,OP1,"Haikei, Jigoku yori"
8418,1186,ED,ED1,Jigoku de Hot Cake
9740,1187,OP,OP1,Iro Kousui
9741,1187,ED,ED1,Yakusoku
9742,1188,OP,OP1,LEADER
9743,1188,ED,ED1,Yasou to Hakuchuumu
9744,1188,ED,ED2,VEIL
1281,1189,OP,OP1,Kirby March
1282,1189,OP,OP2,Kirby!
1283,1189,ED,ED1,Kihon wa Maru
1284,1189,ED,ED2,Kirby Step!
8822,1190,OP,OP1,Suisou
8823,1190,ED,ED1,Kago no Naka no Bokura wa
4254,1191,OP,OP1,Hoshikaze no Horoscope
6361,1192,OP,OP1,Stella-rium
6362,1192,ED,ED1,"Koko kara, Kanata kara"
8824,1193,OP,OP1,Present Moment
8825,1193,ED,ED1,On the Board
9692,1194,OP,OP1,SEA HORIZON
9693,1194,ED,ED1,Tsuri no Sekai e
4380,1195,OP,OP1,Itsudatte
4381,1195,ED,ED1,For You
7308,1196,OP,OP1,Kyoumen no Nami
7309,1196,ED,ED1,Kirameku Hamabe
7310,1196,ED,ED2,liquescimus
7311,1196,ED,ED3,Kyoumen no Nami [Orchestra Ver.]
9997,1197,OP,OP1,Houseki no Umareru Toki
9998,1197,ED,ED1,Only for you
8612,1198,OP,OP1,We can!! HUG tto! Precure
8613,1198,ED,ED1,HUG tto! Mirai☆Dreamer
8614,1198,ED,ED2,Kimi to Tomodachi
8615,1198,ED,ED3,DANZEN! Futari wa Precure ~Yuiitsu Muni no Hikari-tachi~
8616,1198,ED,ED4,HUG tto! Yell For You
8003,1199,OP,OP1,We can!! HUG tto! Precure
8004,1199,ED,ED1,DANZEN! Futari wa Precure ~Yuiitsu Muni no Hikari-tachi~
9308,1200,OP,OP1,Hulaing Babies
9309,1200,ED,ED1,"Akaruku Youki Ni, Ikimashou."
8826,1201,ED,ED1,HUMAN LOST feat. J. Balvin
7001,1202,OP,OP1,BLOODRED
7002,1202,ED,ED1,EYES ON ME
7003,1202,ED,ED2,TABOOLESS
7004,1202,ED,ED3,Hardy Buddy
7005,1202,ED,ED4,Jewels Of Love
1451,1203,OP,OP1,2nd Stage
1452,1203,OP,OP2,Kiseki no Tsubasa
11566,1203,ED,ED1,Mi Title
11567,1203,ED,ED2,Tell Tell Bouzu
11568,1203,ED,ED3,Watashi no Taiyou
753,1204,OP,OP1,Ohayou
754,1204,OP,OP2,Taiyou wa Yoru mo Kagayaku
755,1204,ED,ED1,Kaze no Uta
756,1204,ED,ED2,E-Jan - Do You Feel Like I Feel
757,1204,ED,ED3,Hotaru
3990,1205,OP,OP1,departure!
3991,1205,ED,ED1,Just Awake
3992,1205,ED,ED2,Hunting for Your Dream.
3993,1205,ED,ED3,REASON
3994,1205,ED,ED4,Nagareboshi Kirari
3995,1205,ED,ED5,Hyoriittai
3996,1205,ED,ED6,Hyoriittai -second version-
1774,1206,OP,OP1,Pray
1775,1206,ED,ED1,Popcorn
2053,1207,OP,OP1,Believe in Tomorrow
2054,1207,ED,ED1,Moshimo Kono Sekai de Kimi to Boku ga Deaenakatta Nara
1619,1208,OP,OP1,Pale Ale
1620,1208,ED,ED1,Carry on
86,1209,OP,OP1,Tatakae! Polymar
87,1209,ED,ED1,Tenshin Polymar
12,1210,OP,OP1,Hustle Punch no Uta
13,1210,ED,ED1,Hustle Punch no Uta
5227,1211,OP,OP1,AI DO.
5228,1211,ED,ED1,"Kekka, Guuzen de Gozasourou"
3611,1212,OP,OP1,Last vision for last
3612,1212,ED,ED1,Koi ni Sesse Tooryanse
2971,1213,OP,OP1,Suppin Rock
2972,1213,ED,ED1,Namida Namida Namida
277,1214,OP,OP1,Toe! GoLion
8192,1215,OP,OP1,Bright way
8193,1215,ED,ED1,Sekaichuu ga Koi wo suru Yoru
4255,1216,OP,OP1,Bowl Man
4256,1216,OP,OP2,Naghol Jumping
4257,1216,OP,OP3,Ebi Sukui
4258,1216,ED,ED1,KIZUNA
4710,1217,OP,OP1,Yasashisa no Riyuu
4711,1217,OP,OP2,Mikansei Stride
4712,1217,ED,ED1,Madoromi no Yakusoku
4713,1217,ED,ED2,Kimi ni Matsuwaru Mystery
9446,1218,OP,OP1,Hypnosis Mic -Rhyme Anima-
9447,1218,ED,ED1,Kizuna -IKEBUKURO ver.-
9448,1218,ED,ED2,Kizuna -YOKOHAMA ver.-
9449,1218,ED,ED3,Kizuna -SHIBUYA ver.-
9450,1218,ED,ED4,Kizuna -SHINJUKU ver.-
9451,1218,ED,ED5,Rhyme Anima's Mixtape
9745,1219,OP,OP1,Ichibanboshi no Uta ~Mirai no Legend Densetsu~
9746,1219,OP,OP2,Rainbow☆Harmony
9747,1219,ED,ED1,Singing! Swinging!
10106,1219,ED,ED2,We Are I-Chu! (29Hito Ver.)
1317,1220,OP,OP1,Dearest
1318,1220,ED,ED1,WHITE STATION
2082,1221,OP,OP1,s ~i will follow you~
2083,1221,ED,ED1,Chiisana Tsubasa ~eyes for you~
2763,1222,ED,ED1,Aisareru to Iu Koto
3828,1223,OP,OP1,REALOVE:REALIFE
3829,1223,ED,ED1,Everyday sunshine line!
2189,1224,OP,OP1,SHINE OF VOICE
2190,1224,ED,ED1,IKE IKE
2122,1225,OP,OP1,Ichigo Complete
2123,1225,ED,ED1,Classmate
2857,1226,OP,OP1,Akkan berry berry
2858,1226,ED,ED1,Yuu Machi no Kaze
7706,1227,OP,OP1,ID-0
7707,1227,ED,ED1,Stellar Compass
9999,1228,OP,OP1,Mister Fixer
10000,1228,ED,ED1,Other Side
10001,1228,ED,ED2,UP
278,1229,OP,OP1,Namida no Hanbun
279,1229,ED,ED1,Unchained Heart
280,1229,ED,ED2,May be Dream
7852,1230,OP,OP1,Utae! Ai no Kouyaku
7853,1230,ED,ED1,Respect
7708,1231,OP,OP1,Just be yourself
7709,1231,OP,OP2,Saijoukyuu Paradox
7710,1231,OP,OP3,Memorial
7711,1231,ED,ED1,Idol:Time!!
7712,1231,ED,ED2,Heartful♡Dream
7713,1231,ED,ED3,WELCOME TO DREAM
7714,1231,ED,ED4,Rainbow Melody
7715,1231,ED,ED5,Believe My DREAM!
8617,1232,OP,OP1,WiSH VOYAGE
8618,1232,ED,ED1,Heavenly Visitor
8619,1232,ED,ED2,TODAY IS
8620,1232,ED,ED3,Ame
8621,1232,ED,ED4,MONSTER GENERATiON
9694,1233,OP,OP1,DiSCOVER THE FUTURE
9695,1233,ED,ED1,Mirai Notes wo Kanadete
9696,1233,ED,ED2,DESTINY
9697,1233,ED,ED3,It's ALL-for you-
9698,1233,ED,ED4,Last Dimension
8622,1234,ED,ED1,DESTINY
8623,1234,ED,ED2,PARTY TIME TOGETHER
8624,1234,ED,ED3,NATSU☆Shiyouze!
9748,1235,OP,OP1,WE ARE THE ONE
9749,1235,ED,ED1,Yumemite Samete mo
2764,1236,OP,OP1,Binetsu S.O.S!!
2765,1236,OP,OP2,Zankoku yo Kibou to Nare
2766,1236,ED,ED1,Yuukyuu no Tabibito~Dear Boy
9750,1237,OP,OP1,Idoly Pride
9751,1237,ED,ED1,"The Sun, Moon and Stars"
9752,1237,ED,ED2,The Last Chance (Rio & Aoi ver.)
9753,1237,ED,ED3,réaliser
9754,1237,ED,ED4,Shining Days
9755,1237,ED,ED5,Daytime Moon
9756,1237,ED,ED6,song for you (Sunny Peace ver.)
10308,1237,ED,ED7,Pray for you
88,1238,OP,OP1,Saa Aruki Hajimeyou
89,1238,ED,ED1,Harapeko March
758,1239,OP,OP1,shanimuni SHEIKU! SHEIKU!
759,1239,OP,OP2,man-in densha hitomebore
760,1239,ED,ED1,itsu ni natte mo itsu made mo
761,1239,ED,ED2,booing
9452,1240,OP,OP1,Needle Knot
9453,1240,ED,ED1,after song
9454,1240,ED,ED2,Omou Mama
9455,1240,ED,ED3,Boukyaku no Sora (25th Anniversary Ver.)
7530,1241,OP,OP1,Yes/No
762,1242,OP,OP1,Fall In YOU
1706,1243,OP,OP1,Drivin' Through The Night
1707,1243,ED,ED1,Let me be with you
2859,1244,OP,OP1,HEART&SOUL
2860,1244,ED,ED1,Garasu no Hana
2861,1244,ED,ED2,Get up!
3065,1245,OP,OP1,No×Limit!
3066,1245,ED,ED1,Kage 〜shape of shadow〜
3997,1246,ED,ED1,FATE ～on the way～
9310,1247,ED,ED1,Kurenai no Kougyou
3830,1248,OP,OP1,Stargazer
3831,1248,ED,ED1,Endless Soul ~Owarinaki Senshi~
4118,1249,OP,OP1,"Sekai wa Odoru yo, Kimi to."
4119,1249,ED,ED1,Koko kara Hajimaru Monogatari
763,1250,OP,OP1,"Ima, Soko ni Iru Boku"
764,1250,ED,ED1,Lullaby...
5900,1251,OP,OP1,NEXTAGE
7312,1252,OP,OP1,Ashita no Kimi sae Ireba Ii.
7313,1252,ED,ED1,"Donna Hoshizora yori mo, Donna Omoide yori mo"
7314,1252,ED,ED2,Dairokkan no Mistress
7315,1252,ED,ED3,Innocent・Lovely
5901,1253,OP,OP1,Kyou ni Koiiro
5902,1253,ED,ED1,SAVED.
2973,1254,OP,OP1,Tachiagariyo
2974,1254,OP,OP2,Maji de kansha!
2975,1254,OP,OP3,Tsunagariyo
2976,1254,ED,ED1,Seishun oden
2977,1254,ED,ED2,Seishun bus guide
2978,1254,ED,ED3,Ryuusei boy
8419,1255,OP,OP1,Teppen e Dasshu!
8420,1255,ED,ED1,Koisuru Otome wa Amamoyou
8005,1256,OP,OP1,Butai wa Dekkai Hou ga Ii!
8006,1256,OP,OP2,Chikyuu wo Kick!
8007,1256,ED,ED1,Suisei Girls
8008,1256,ED,ED2,Summer Zombie
8009,1256,ED,ED3,Ashita e no Bye Bye
7316,1257,OP,OP1,To be continued…
7317,1257,ED,ED1,Tick Tack
10002,1258,OP,OP1,Unbreakable
10003,1258,ED,ED1,Reverb
8010,1259,OP,OP1,Tessellate
8011,1259,ED,ED1,In Cold Blood
1408,1260,OP,OP1,Get It Alright
1409,1260,ED,ED1,Next
2979,1261,OP,OP1,Soukyuu no flight
2980,1261,ED,ED1,Key Ring
4480,1262,OP,OP1,Raise Up
4481,1262,ED,ED1,Flyleaf
4482,1262,ED,ED2,Yuushuusouka
5780,1263,OP,OP1,Outsoar The Rainbow
5781,1263,ED,ED1,Gamble Rumble
5782,1263,ED,ED2,Rage your dream
765,1264,OP,OP1,Around the World
766,1264,OP,OP2,Break in 2 the Nite
767,1264,ED,ED1,Rage Your Dream
768,1264,ED,ED2,Kiseki no Hana (Flower of Miracles)
1968,1265,OP,OP1,Dogfight
1969,1265,OP,OP2,Noizy Tribe
1970,1265,ED,ED1,Blast My Desire
1971,1265,ED,ED2,Nobody reason ~ Noah no Hakobune
769,1266,OP,OP1,Blazin' Beat
770,1266,ED,ED1,Kimi ga Iru
1410,1267,OP,OP1,Gamble Rumble
1411,1267,ED,ED1,Jirenma
1412,1267,ED,ED2,The Race is Over
2400,1268,OP,OP1,Noble Roar
5477,1269,OP,OP1,OVERLAPPERS
5478,1269,ED,ED1,You Gotta Love Me!
5076,1270,OP,OP1,Wan Wan Wan Wan N_1!!
5077,1270,ED,ED1,Lemonade Scandal
9456,1271,ED,ED1,Nyanda Wanda Days
9457,1271,ED,ED2,Lovely Days
4834,1272,OP,OP1,Nirvana
4835,1272,ED,ED1,Rakuen no Photograph
4836,1272,ED,ED2,Kimi wa
4837,1272,ED,ED3,one way
4838,1272,ED,ED4,SM Hantei Forum
4839,1272,ED,ED5,sweets parade
4840,1272,ED,ED6,Taiyou to Tsuki
5783,1273,ED,ED1,Zettai♡Fukujuu Sengen
2480,1274,OP,OP1,Hikari
2481,1274,ED,ED1,Yuujou Monogatari
2482,1274,ED,ED2,Kei no Uta
2483,1274,ED,ED3,Yuujou Monogatari - Danshi (?) Version
1184,1275,OP,OP1,Change the World
1185,1275,OP,OP2,I Am
1186,1275,OP,OP3,Owarinai Yume
1187,1275,OP,OP4,Grip!
1188,1275,OP,OP5,"One Day, One Dream"
1189,1275,OP,OP6,Angelus
1190,1275,ED,ED1,My Will
1191,1275,ED,ED2,Fukai Mori
1192,1275,ED,ED3,Dearest
1193,1275,ED,ED4,Every Heart - Minna no Kimochi
1194,1275,ED,ED5,Shinjitsu no Uta
1195,1275,ED,ED6,Itazurana Kiss
1196,1275,ED,ED7,Come
1197,1275,ED,ED8,Brand-New World
3296,1276,OP,OP1,Kimi ga Inai Mirai
3297,1276,ED,ED1,With You
3298,1276,ED,ED2,Diamond
3299,1276,ED,ED3,Tooi Michi no Saki de
1285,1277,ED,ED1,No More Words
1453,1278,ED,ED1,Yura Yura
1667,1279,ED,ED1,Four Seasons
1854,1280,ED,ED1,Rakuen
7318,1281,OP,OP1,My Hero
7319,1281,ED,ED1,Ai wo Oshiete Kureta Kimi e
771,1282,ED,ED1,Rolling Stone
772,1283,OP,OP1,Tokete Iku Yume no Hate ni
773,1283,ED,ED1,Yume wa Toi Keredo
2231,1284,OP,OP1,Forever Blue
2232,1284,ED,ED1,Himawari
8012,1285,OP,OP1,17 Sai
8013,1285,ED,ED1,Mimei no Kimi to Hakumei no Mahou
4382,1286,OP,OP1,STRAIGHT JET
4383,1286,ED,ED1,SUPER∞STREAM
4384,1286,ED,ED2,SUPER∞STREAM
4385,1286,ED,ED3,SUPER∞STREAM
4386,1286,ED,ED4,SUPER∞STREAM
4387,1286,ED,ED5,SUPER∞STREAM
4388,1286,ED,ED6,SUPER∞STREAM
4923,1287,OP,OP1,True Blue Traveler
4924,1287,ED,ED1,BEAUTIFUL SKY
4925,1287,ED,ED2,BEAUTIFUL SKY
4926,1287,ED,ED3,BEAUTIFUL SKY
4927,1287,ED,ED4,BEAUTIFUL SKY
4928,1287,ED,ED5,BEAUTIFUL SKY
4929,1287,ED,ED6,BEAUTIFUL SKY
4930,1287,ED,ED7,BEAUTIFUL SKY
4931,1287,ED,ED8,BEAUTIFUL SKY
4932,1287,ED,ED9,BEAUTIFUL SKY
4933,1287,ED,ED10,BEAUTIFUL SKY
4934,1287,ED,ED11,BEAUTIFUL SKY
4935,1287,ED,ED12,BEAUTIFUL SKY
5479,1288,OP,OP1,True Blue Traveler
5480,1288,ED,ED1,BEAUTIFUL SKY
3998,1289,OP,OP1,STRAIGHT JET
3999,1289,ED,ED1,Best Partner
8978,1290,OP,OP1,PANTA RHEI
8979,1290,ED,ED1,Chiisana Omoi
8421,1291,ED,ED1,Prosit!
8194,1292,OP,OP1,DeCIDE
8195,1292,ED,ED1,Saiaku na hi demo Anata ga Suki
3458,1293,OP,OP1,Follow Me
3459,1293,ED,ED1,Destino
9129,1294,OP,OP1,Isekai Quartet
9130,1294,ED,ED1,Isekai Girls♡Talk
9131,1294,ED,ED2,Hollow Veil
10004,1295,OP,OP1,Isekai Showtime
10005,1295,ED,ED1,Ponkotsu! Isekai Theater
10006,1295,ED,ED2,sweet pass
7531,1296,OP,OP1,One In A Billion
7532,1296,ED,ED1,Chiisana Hitotsubu
7533,1297,OP,OP1,Another World
7534,1297,ED,ED1,Junjou Emotional
10007,1298,OP,OP1,Ikouze☆Paradise
10008,1298,ED,ED1,Hanabira Ondo
8196,1299,OP,OP1,Eien no Hitotsu
8197,1299,OP,OP2,Closing tears
8198,1299,ED,ED1,Eternal Star
8199,1299,ED,ED2,Marine SNOW
5784,1300,OP,OP1,Niji no Kakera
5785,1300,ED,ED1,Kanade
6480,1301,OP,OP1,Never say Never
6481,1301,ED,ED1,Somebody to love
10009,1302,OP,OP1,Kyuukyoku Unbalance!
10010,1302,ED,ED1,Play the world
7320,1303,ED,ED1,Wishing
3121,1304,OP,OP1,"Kimi, Meguru, Boku"
3122,1304,ED,ED1,Kataomoi Fighter
3123,1304,ED,ED2,Jikan yo Tomare
8625,1305,OP,OP1,Shichiten Battou no Blues
8626,1305,ED,ED1,Otagai no Uchuu
7321,1306,OP,OP1,Non-Fantasy
7322,1306,ED,ED1,Tokyo Winter Session
7323,1306,ED,ED2,Re:Hatsukoi no Ehon feat. Miou Aida
4120,1307,OP,OP1,Once
4121,1307,ED,ED1,Utsusemi
4122,1307,ED,ED2,Sparkling Kiss
4123,1307,ED,ED3,Strawberry eyes
4124,1307,ED,ED4,Secret Tears
9458,1308,OP,OP1,Motto Takaku
9459,1308,ED,ED1,LET’S CLIMB↑
9460,1308,ED,ED2,LET’S CLIMB↑
9461,1308,ED,ED3,LET’S CLIMB↑
9462,1308,ED,ED4,LET’S CLIMB↑
9463,1308,ED,ED5,LET’S CLIMB↑
4483,1309,OP,OP1,DT Suteru
8200,1310,ED,ED1,NEXT STAGE
8827,1311,ED,ED1,
9757,1312,OP,OP1,Jinsei Easy?
9758,1312,ED,ED1,Ayafuwa Asterisk
9759,1312,ED,ED2,Ayafuwa Asterisk (for Yuzu Izumi)
9760,1312,ED,ED3,Ayafuwa Asterisk (for Minami Nanami)
9761,1312,ED,ED4,Ayafuwa Asterisk (for Fuuka Kikuchi)
10107,1312,ED,ED5,Ayafuwa Asterisk (for Aoi Hinami)
8201,1313,OP,OP1,Anoko ni Drop Kick
8202,1313,ED,ED1,Home Sweet Home!
9699,1314,OP,OP1,Tokitoshite Violence
9700,1314,ED,ED1,Love Satisfaction
9701,1314,ED,ED2,Anoko ni Drop Kick
90,1315,OP,OP1,Mars 2015 Nen
91,1315,ED,ED1,Shounen Mars
92,1315,ED,ED2,Oyasumi Mars
5229,1316,OP,OP1,Hikari no Hate ni
3832,1317,OP,OP1,Happy☆Tinkle
3833,1317,ED,ED1,Sora ni Rakugaki
10011,1318,OP,OP1,No.7
10012,1318,ED,ED1,Tiny Light
774,1319,ED,ED1,Bari Bari Saikyou No. 1
775,1320,OP,OP1,Baribari Saikyou No. 1
776,1320,ED,ED1,Mienai Chikara ~INVISIBLE ONE~
2084,1321,OP,OP1,Sakasama no Chou
2085,1321,ED,ED1,Karinui
2293,1322,OP,OP1,NightmaRe
2294,1322,ED,ED1,Aizome
2981,1323,OP,OP1,Tsukihana -tsukihana-
2982,1323,ED,ED1,Ichi Nuke
7540,1324,OP,OP1,Noise
7541,1324,ED,ED1,Irogami
7542,1325,OP,OP1,RULER GAME
7543,1325,ED,ED1,Jikan wa Mado no Mukougawa
8422,1326,OP,OP1,Early Days
8423,1326,ED,ED1,Haru ni Ochite
9132,1327,ED,ED1,Appare! Jimoto ga Ichiban!!
8014,1328,ED,ED1,Happy Life Spectacle
2233,1329,OP,OP1,FLY AWAY
2234,1329,ED,ED1,Mirai to Yuu na no Kotae
4610,1330,OP,OP1,Real World
4611,1330,ED,ED1,Yume no Naka no Watashi no Yume
5623,1331,OP,OP1,Dekoboko Kaiketsu Sensation
5624,1331,ED,ED1,Jinsei☆Kimiiro
6216,1332,OP,OP1,Himitsu wo Choudai
6217,1332,ED,ED1,Ienai Ienai
4484,1333,OP,OP1,JoJo ~Sono Chi no Sadame~
4485,1333,OP,OP2,BLOODY STREAM
4486,1333,ED,ED1,ROUNDABOUT
5786,1334,OP,OP1,STAND PROUD
5787,1334,ED,ED1,Walk Like An Egyptian
6482,1335,OP,OP1,JoJo: Sono Chi no Kioku ~end of THE WORLD~
6483,1335,ED,ED1,LAST TRAIN HOME
6484,1335,ED,ED2,Aku Yaku♢Kyousoukyoku ~ Oingo to Boingo~
6485,1335,ED,ED3,Aku Yaku♢Kyousoukyoku ~ Hol Horse to Boingo~
7006,1336,OP,OP1,Crazy Noisy Bizarre Town
7007,1336,OP,OP2,Crazy Noisy Bizarre Town ~EDM arrange ver.~
7008,1336,OP,OP3,chase
7009,1336,OP,OP4,Great Days
7010,1336,ED,ED1,I Want You
8015,1337,OP,OP1,Fighting Gold
8016,1337,OP,OP2,Uragirimono no Requiem
8017,1337,ED,ED1,Freek'n You
8018,1337,ED,ED2,Modern Crusaders
7011,1338,OP,OP1,Reason Triangle
7012,1338,ED,ED1,Double
4714,1339,OP,OP1,Borderland
4715,1339,ED,ED1,Ambivalentidea
4716,1339,ED,ED2,Shiroku Yawaraka na Hana
4487,1340,OP,OP1,UNDER/SHAFT
4488,1340,ED,ED1,Laterality
4489,1340,ED,ED2,Shinjitsu no Hane
4490,1340,ED,ED3,Niji Koukai
9133,1341,ED,ED1,silent days
2484,1342,OP,OP1,Kirameku
2485,1342,ED,ED1,incl.
8980,1343,OP,OP1,Wa! Moon! dass! cry!
8981,1343,ED,ED1,Seishun no Reverb
8982,1343,ED,ED2,Saitama Joshi Koutou Gakkou Kouka
8203,1344,ED,ED1,Koi no Ana
4612,1345,OP,OP1,Oato ga Yoroshikutte... yo!
4613,1345,ED,ED1,Nippon Egao Hyakkei
6218,1346,OP,OP1,Ring Ring Rainbow!!
6219,1346,ED,ED1,Honey♥Come!!
9464,1347,OP,OP1,Kaikai Kitan
9465,1347,OP,OP2,VIVID VICE
9466,1347,ED,ED1,LOST IN PARADISE feat. AKLO
9467,1347,ED,ED2,give it back
777,1348,OP,OP1,J
778,1348,ED,ED1,spirit of the globe
1364,1349,OP,OP1,Love Tropicana
1365,1349,ED,ED1,Ohashi
1529,1350,OP,OP1,Love Tropicana Deluxe
1530,1350,ED,ED1,Fun Fun & Shout
1668,1351,OP,OP1,Love Tropicana Final
1669,1351,ED,ED1,Teruteru Bouzu
3124,1352,OP,OP1,Kimi = Hana
3125,1352,ED,ED1,Baby Romantica
2983,1353,OP,OP1,Shoudou
2984,1353,ED,ED1,Aioi
6220,1354,OP,OP1,Innocent Graffiti
6221,1354,ED,ED1,Kawaranai Sora
6486,1355,OP,OP1,Philosophy of Dear World
6487,1355,ED,ED1,ailes
7324,1356,OP,OP1,over and over
7325,1356,ED,ED1,behind
1723,1357,OP,OP1,Jubei's Theme
1724,1357,ED,ED1,Shigure's Theme
1577,1358,OP,OP1,Juuni Genmukyoku
1578,1358,ED,ED1,Getsumei Fuuei
7326,1359,OP,OP1,Rupture
7327,1359,ED,ED1,Keshin no Jyuu
6488,1360,OP,OP1,FLYING FAFNIR
6489,1360,ED,ED1,Ray of bullet
281,1361,OP,OP1,L-Gaim~ TIME FOR L-GAIM
282,1361,OP,OP2,Kaze no No Reply
2627,1362,OP,OP1,WINTERLONG
2628,1362,OP,OP2,FlashBack
2629,1362,ED,ED1,Kakegae no nai Hito e
2630,1362,ED,ED2,Komorebi no Uta
283,1363,OP,OP1,Ikari no Juushin
284,1363,OP,OP2,Kiseki no Juushin
285,1363,ED,ED1,The Fire
286,1363,ED,ED2,Hangyaku no Senshi: Ryuu Dolk no Theme
8424,1364,OP,OP1,Sirius
8425,1364,ED,ED1,Spica
2486,1365,OP,OP1,Deep In Your Heart
2487,1365,ED,ED1,Te wo Tsunaide
4491,1366,OP,OP1,KINGS
4492,1366,ED,ED1,"Tsumetai Heya, Hitori"
4493,1366,ED,ED2,Circle of Friends
4494,1366,ED,ED3,To be with U!
3460,1367,OP,OP1,Cagayake! GIRLS
3461,1367,ED,ED1,Don't say 'lazy'
10495,1367,OP,OP2,Cagayake! Girls (Go Nin Ver.)
4000,1368,OP,OP1,Ichiban Ippai
4001,1368,ED,ED1,Singing
3834,1369,OP,OP1,GO! GO! MANIAC
3835,1369,OP,OP2,Utauyo!! MIRACLE
3836,1369,ED,ED1,Listen!!
3837,1369,ED,ED2,"NO, Thank You!"
6065,1370,OP,OP1,Asymmetry
6066,1370,ED,ED1,Kai
6067,1370,ED,ED2,KIZUNA
8204,1371,OP,OP1,SURVIVE
8205,1371,ED,ED1,BLAZE
8206,1372,OP,OP1,SURVIVE
8207,1372,ED,ED1,Tenrou no Gotoku
8208,1373,OP,OP1,SURVIVE
8209,1373,ED,ED1,Uwagaki Sekai
8019,1374,OP,OP1,SURVIVE
8020,1374,ED,ED1,Lost Small World ~Ori no Mukou ni~
8021,1375,OP,OP1,SURVIVE
8022,1375,ED,ED1,BURN
8023,1376,OP,OP1,SURVIVE
8024,1376,ED,ED1,Nameless Song
7716,1377,OP,OP1,Running High
7717,1377,ED,ED1,Oedo -O・EDO-
8828,1378,OP,OP1,CAPTURE
8829,1378,ED,ED1,Hyakuoku Kounen
8830,1378,ED,ED2,Parade
779,1379,OP,OP1,Cautionary Warning
780,1379,ED,ED1,Yappa Onna hou ga Ii ya
9468,1380,ED,ED1,Hopping On
93,1381,OP,OP1,Taosozu! Galactor
94,1381,OP,OP2,Gatchaman no Uta
95,1381,ED,ED1,Gatchaman no Uta
96,1381,ED,ED2,Taosozu! Galactor
97,1382,OP,OP1,Gatchaman Fighter
98,1382,ED,ED1,Bokura no Gatchaman
99,1383,OP,OP1,Warera Gatchaman
100,1383,ED,ED1,Ashita Yume Mite
6654,1384,ED,ED1,RED
2574,1385,OP,OP1,Little Primrose
2575,1385,ED,ED1,Kioku Baraen
9311,1386,OP,OP1,Love Dramatic feat. Rikka Ihara
9312,1386,ED,ED1,Sentimental Crisis
9313,1386,ED,ED2,Chikatto Chika Chika♡
9702,1387,OP,OP1,DADDY! DADDY! DO! feat. Airi Suzuki
9703,1387,ED,ED1,Kaze ni Fukarete
9762,1388,OP,OP1,SHAKE!SHAKE!SHAKE!
9763,1388,ED,ED1,Arcacia
3126,1389,OP,OP1,Never
3127,1389,ED,ED1,Carry Me Away
2767,1390,OP,OP1,BLOOD QUEEN
2768,1390,ED,ED1,Hizamazuite Ashi o Oname
3838,1391,OP,OP1,My Secret
3839,1391,ED,ED1,Yokan
3840,1391,ED,ED2,∞ Loop
9764,1392,OP,OP1,Zankoku na Yume to Nemure
9765,1392,ED,ED1,Yume de Sekai wo Kaeru nara
6655,1393,OP,OP1,Joujou ↑↑ GAO !!
6656,1393,ED,ED1,Kaiju Heart
8627,1394,OP,OP1,Joujou ↑↑ GAO !!
8628,1394,ED,ED1,Soul-ride ON!
9134,1395,ED,ED1,Umi no Yuurei
14,1396,OP,OP1,Kaitei Shounen Marine
15,1396,ED,ED1,Boku Whitey
7544,1397,OP,OP1,Hoshi no Kazu dake
7545,1397,ED,ED1,AGAKU
781,1398,OP,OP1,Toki o Koete
782,1398,OP,OP2,Ashita e to Kakedashite Yukou
783,1398,ED,ED1,Junshin
784,1398,ED,ED2,Up Side Down - Eien no Wa -
785,1398,ED,ED3,Yumemiru Melody
3067,1399,OP,OP1,Angel-like ni★LOVEly-tai!!
3068,1399,ED,ED1,Angel-like ni★LOVEly-tai!!
3069,1399,ED,ED2,Twinkle☆Twinkle
7718,1400,OP,OP1,Love♥Jewelry♪Angel☆Break!!
7719,1400,ED,ED1,Break Kurumi Milk Club!
7720,1400,ED,ED2,Maguro Sabaki Mars
7546,1401,OP,OP1,Deal with the devil
7547,1401,ED,ED1,LAYon-theLINE
7548,1401,ED,ED2,Koi no Russian Roulette
9314,1402,OP,OP1,Kono Yubi Tomare
9315,1402,ED,ED1,AlegriA
7721,1403,OP,OP1,Tech Tra! -Yumemille feuille guruRemiX.-
7722,1403,ED,ED1,The Truly Lovely Show!!
5230,1404,OP,OP1,Preserved Roses
5231,1404,ED,ED1,Boku ja nai
5232,1404,ED,ED2,Soba ni Iru yo
4936,1405,OP,OP1,Kakumei Dualism
4937,1405,ED,ED1,REALISM
4938,1405,ED,ED2,Akai Memories wo Anata ni
8426,1406,OP,OP1,Tomoshibi no Manimani
8427,1406,OP,OP2,Utsushiyo no Yume
8428,1406,ED,ED1,Sai -color-
8429,1406,ED,ED2,Negai Hana
8430,1406,ED,ED3,Toki no Suna
8431,1406,ED,ED4,My sweet sweet love
8432,1406,ED,ED5,Kaze
8433,1406,ED,ED6,Shiranai Kimochi
8434,1406,ED,ED7,Yashiho no Hana
8435,1406,ED,ED8,Koi Mamoru Uta
8436,1406,ED,ED9,Setsuna no Kirameki
8437,1406,ED,ED10,Eien no Kizuna
9704,1407,OP,OP1,Chiisana Hibi
9705,1407,ED,ED1,Kimi wa Tennen Shoku
1725,1408,OP,OP1,TAKE IT SHAKE IT
1726,1408,OP,OP2,Yakusoku no Basho e
1727,1408,OP,OP3,Tattoo Kiss
1728,1408,ED,ED1,real identity
1729,1408,ED,ED2,Boku wa Kokoni Iru
1730,1408,ED,ED3,escape
3128,1409,OP,OP1,Special Life!
3129,1409,ED,ED1,Wakugai!!
2769,1410,OP,OP1,Ankoku Tengoku
2124,1411,OP,OP1,Hare Nochi Hare!
2125,1411,ED,ED1,Ice Candy
9706,1412,OP,OP1,TOP -Japanese ver.-
9707,1412,ED,ED1,SLUMP -Japanese ver.-
9708,1412,OP,OP1-KO,TOP
9709,1412,ED,ED1-KO,SLUMP
3613,1413,OP,OP1,God only knows Daisanmaku
3614,1413,ED,ED1,Koi no Shirushi feat. Ayumi Takahara
3615,1413,ED,ED2,Koi no Shirushi feat. Mio Aoyama
3616,1413,ED,ED3,Datta Ichido no Kiseki
3617,1413,ED,ED5,Koi no Shirushi from Elsie
3618,1413,ED,ED6,Koi no Shirushi feat. Kanon Nakagawa
3619,1413,ED,ED7,Koi no Shirushi feat. Shiori Shiomiya
3620,1413,ED,ED8,Shuuseki Kairo no Yume Tabibito
4259,1414,OP,OP1,A Whole New World God Only Knows
4260,1414,ED,ED1,Ai no Yokan
4261,1414,ED,ED2,Ai no Yokan
4262,1414,ED,ED3,God only knows Daisanmaku
4002,1415,OP,OP1,Natsuiro Surprise
4003,1415,ED,ED1,Hajimete Koi wo Shita Kioku
5078,1416,OP,OP1,God only knows -Secrets of the Goddess-
5079,1416,ED,ED1,Kizuna no Yukue feat. Kanon Nakagawa
5080,1416,ED,ED2,Kizuna no Yukue feat. Tenri Ayukawa
5081,1416,ED,ED3,Kizuna no Yukue feat. Tsukiyo Kujou
5082,1416,ED,ED4,Kizuna no Yukue feat. Yui Goidou
5083,1416,ED,ED5,Kizuna no Yukue feat. Shiori Shinomiya
5084,1416,ED,ED6,Hajimete Koi wo Shita Kioku ~Piano Bansou~
5085,1416,ED,ED7,Hitomi kara Snow
5086,1416,ED,ED8,Kizuna no Yukue feat. Ayumi Takahara
5087,1416,ED,ED9,With...you...
5088,1416,ED,ED10,Kizuna no Yukue feat. Jupiter Sisters
5089,1416,ED,ED11,Hajimete Koi wo Shita Kioku
4495,1417,ED,ED1,Hikari no Kiseki
4496,1417,ED,ED2,Mirai e no Tobira
5788,1418,OP,OP1,TILL THE END
5789,1418,ED,ED1,REASON FOR...
786,1419,OP,OP1,Piece of Love
787,1419,ED,ED1,Haruka...
4125,1420,OP,OP1,Fukanzen Nenshou
4126,1420,ED,ED1,Switch ga Haittara
4497,1421,OP,OP1,Kamisama Hajimemashita
4498,1421,ED,ED1,Kamisama Onegai
4499,1421,ED,ED2,Kamisama Onegai Datenshi☆Mix
6490,1422,OP,OP1,Kamisama no Kamisama
6491,1422,ED,ED1,Ototoi Oide
6492,1422,ED,ED2,Tsubasa☆Bassa☆Hazard
9471,1423,OP,OP1,Kimi to Iu Shinwa
9472,1423,ED,ED1,Goodbye Seven Seas
9473,1423,ED,ED2,Takaramono ni Natta Hi
5090,1424,OP,OP1,Birth
5091,1424,ED,ED1,Owaranai Melody wo Utaidashimashita
4127,1425,OP,OP1,Kawaru Mirai
4128,1425,ED,ED1,Colorado Bulldog
4129,1425,ED,ED2,Asunaro
9469,1426,OP,OP1,Yasashii Sekai
9470,1426,ED,ED1,BLUE ROSE knows
3300,1427,OP,OP1,Unreal♥Paradise
3301,1427,ED,ED1,One Way Ryouomoi
4389,1428,OP,OP1,Choose my love!
4390,1428,ED,ED1,Mousou shoujo A
3386,1429,OP,OP1,Kimi e to Tsunagu KOKORO
3387,1429,ED,ED1,Yahho!!
8983,1430,OP,OP1,star*frost
8984,1430,ED,ED1,Glow at the Velocity of Light
8985,1430,ED,ED2,Star of Hope
6657,1431,ED,ED1,Kikan
8831,1432,OP,OP1,BULLET MERMAID
8832,1432,ED,ED1,RIVALS
10013,1433,ED,ED1,Kyoukai-sen Girls
2985,1434,OP,OP1,motto☆Hade ni ne!
2986,1434,ED,ED1,Musuhi no Toki
2987,1434,ED,ED2,Theme of Shiligeya
1855,1435,OP,OP1,Re-sublimity
1856,1435,ED,ED1,Agony
5790,1436,OP,OP1,Cupi-Doo Revue
5791,1436,ED,ED1,Kanojo ga Flag wo Tateru Wake
9577,1437,OP,OP1,Centimeter
9578,1437,ED,ED1,Kokuhaku Bungee Jump
9579,1437,ED,ED2,FIRST DROP
9580,1437,ED,ED3,Centimeter
7136,1438,OP,OP1,Garasu no Hitomi
7137,1438,ED,ED1,Sonata
3130,1439,OP,OP1,PHOSPHOR
3131,1439,ED,ED1,Koi no Honoo
1621,1440,OP,OP1,Florescence
1622,1440,ED,ED1,flower
1623,1440,ED,ED2,Kaze no Tadori Tsuku Basho
2295,1441,OP,OP1,Last Regrets
2296,1441,ED,ED1,Kaze no Tadori Tsuku Basho
6493,1442,OP,OP1,Miiro
6494,1442,ED,ED1,Fubuki
2631,1443,ED,ED1,oblivious
2632,1444,ED,ED1,Kimi ga Hikari ni Kaete Iku
3215,1445,ED,ED1,Kizuato
3132,1446,ED,ED1,Aria
3070,1447,ED,ED1,Sprinter
8629,1448,OP,OP1,Iwanai kedo ne.
8630,1448,ED,ED1,Kimagure Romantic
8631,1448,ED,ED2,AM11:00
8632,1448,ED,ED3,Jitensha
8633,1448,ED,ED4,Kaze Fukeba Koi
8634,1448,ED,ED5,Chiisana Koi no Uta
8635,1448,ED,ED6,Ai Uta
8636,1448,ED,ED7,Deatta Koro no You ni
8986,1449,OP,OP1,Zero Centimeter
8987,1449,ED,ED1,Kanade
8988,1449,ED,ED2,Konayuki
8989,1449,ED,ED3,Kiseki
8990,1449,ED,ED4,Arigatou
8991,1449,ED,ED5,STARS
8992,1449,ED,ED6,Anata ni
8993,1449,ED,ED7,Iwanai kedo ne.
8994,1449,ED,ED8,Yasashii Kimochi
8025,1450,OP,OP1,Gekkou
8026,1450,OP,OP2,Haguruma
8027,1450,OP,OP3,Over me
8028,1450,ED,ED1,Marionette
8029,1450,ED,ED2,Yuudachi
8030,1450,ED,ED3,Gekkou
788,1451,OP,OP1,Tenshi no Yubikiri
11712,1451,ED,ED2,Yume no Naka e
11713,1451,ED,ED3,Yume no Naka e (Instrumental Version)
2086,1452,OP,OP1,scarlet
2087,1452,ED,ED1,Mou Hitotsu no Birthday
5233,1453,OP,OP1,Henai no Rondo
5234,1453,ED,ED1,REASON
2576,1454,OP,OP1,Koi suru kokoro
2577,1454,ED,ED1,Michishirube
2578,1454,ED,ED2,Michishirube
2579,1454,ED,ED3,Michishirube
2580,1454,ED,ED4,Michishirube
2581,1454,ED,ED5,Michishirube
2582,1454,ED,ED6,Kimi no Tame ni Dekiru Koto
2297,1455,OP,OP1,Koisuru Kokoro
2298,1455,ED,ED1,Michishirube
3915,1456,OP,OP1,Meiya Kadenrou
3916,1456,OP,OP2,Katana to Saya
3917,1456,ED,ED1,Tasogare no Gekka
3918,1456,ED,ED2,Refulgence
3919,1456,ED,ED3,Senbonsenyo no Hamariuta
3920,1456,ED,ED4,Kyomu no Hana
3921,1456,ED,ED5,Ai to Makoto
3922,1456,ED,ED6,Yuki no Onna
3923,1456,ED,ED7,Mayoigo Sagashi
3924,1456,ED,ED8,Karakuri Nemuri Dan
3925,1456,ED,ED9,Akashi
3926,1456,ED,ED10,"Ina, to Hime wa Subete wo Katarazu"
3927,1456,ED,ED11,Bourei-tachi yo Yabou no Hate ni Nemure
3928,1456,ED,ED12,Toki Sude ni Hajimari wo Kizamu
3929,1456,OP,OP1-NoitaminA,Hakushi Kassai Uta Awase
3930,1456,ED,ED1-NoitaminA,Kotonoha
2299,1457,OP,OP1,Drawing Days
2300,1457,OP,OP2,BOYS & GIRLS
2301,1457,OP,OP3,Dive To World
2302,1457,OP,OP4,88
2303,1457,OP,OP5,last cross
2304,1457,OP,OP6,EASY GO
2305,1457,OP,OP7,Funny Sunny Day
2306,1457,OP,OP8,Listen to the Stereo
2307,1457,ED,ED1,Michishirube
2308,1457,ED,ED2,ONE NIGHT STAR
2309,1457,ED,ED3,Echo again
2310,1457,ED,ED4,Friend
2311,1457,ED,ED5,Sakura Addiction
2312,1457,ED,ED6,Friend
2313,1457,ED,ED7,STAND UP!
2314,1457,ED,ED8,AMEato
2315,1457,ED,ED9,CYCLE
2316,1457,ED,ED10,Slide
2317,1457,ED,ED11,Sakura Rock
2318,1457,ED,ED12,Smile
2319,1457,ED,ED13,Aoi Yume
2320,1457,ED,ED14,Yume no Manual
2321,1457,ED,ED15,Gr8 Story
2322,1457,ED,ED16,Famiglia
2323,1457,ED,ED17,Canvas
7549,1458,OP,OP1,Hikari Tatsu Ame
7550,1458,ED,ED1,Hyakka Ryouran
8995,1459,OP,OP1,Sacrifice
8996,1459,ED,ED1,HHOOWWLL
4263,1460,OP,OP1,Katte ni Kaizou Shitemo Iize
4264,1460,ED,ED1,Nani ga Nani de Nani nano...
8997,1461,OP,OP1,Daisuki.
8998,1461,ED,ED1,Mubyuu no Hana
8999,1461,ED,ED2,Stella
8031,1462,OP,OP1,"Catch up, latency"
8032,1462,OP,OP2,"Kaze Tsuyoku, Kimi Atsuku."
8033,1462,ED,ED1,Reset
8034,1462,ED,ED2,Michi
2770,1463,OP,OP1,blast of wind
2771,1463,ED,ED1,Hitorikiri no Sora
2772,1463,ED,ED2,Matataki no Kiwoku
5092,1464,ED,ED1,Hikouki Gumo
1244,1465,OP,OP1,Kazemakase
9135,1466,OP,OP1,Let's! Gonjirou
9136,1466,ED,ED1,Wasa Wasa Wasa!
6658,1467,OP,OP1,DREAM×SCRAMBLE!
6659,1467,ED,ED1,Fantas/HIP Girlfriends!
8833,1468,OP,OP1,Take On Fever
8834,1468,ED,ED1,One Wish
6363,1469,OP,OP1,"Hello, world!"
6364,1469,ED,ED1,Sugar Song to Bitter Step
7328,1470,OP,OP1,fake town baby
7329,1470,ED,ED1,Step Up LOVE
2988,1471,OP,OP1,Kemeko Deluxe!
2989,1471,ED,ED1,Purippurin Taisou
7854,1472,OP,OP1,Youkoso Japari Park e
7855,1472,ED,ED1,Boku no Friend
9316,1473,OP,OP1,Notteke! Japari Beat
9317,1473,ED,ED1,Hoshi o Tsunagete
9318,1473,ED,ED2,Kimi wa Kaeru Basho
9319,1473,ED,ED3,Youkoso Japari Park e
9766,1474,OP,OP1,Kemono Michi
9767,1474,ED,ED1,Shirushi
3546,1475,OP,OP1,Shizuku
3547,1475,OP,OP2,Shizuku
3548,1475,ED,ED1,After the rain
3549,1475,ED,ED2,Kitto Tsutaete
2401,1476,OP,OP1,Auvers Blue
2402,1476,ED,ED1,Suki
9320,1477,OP,OP1,KEMURIKUSA
9321,1477,ED,ED1,INDETERMINATE UNIVERSE
8035,1478,OP,OP1,Nageki no Hana
8036,1478,ED,ED1,Negai no Hana
9000,1479,OP,OP1,KING & ASHLEY
9001,1479,ED,ED1,Born This Way
9137,1480,OP,OP1,Ultimate☆MAGIC
9138,1480,ED,ED1,Attouteki Vivid Days
7723,1481,OP,OP1,Love Sniper
7724,1481,ED,ED1,Gankou Signal
2703,1482,OP,OP1,DOLPHIN☆JET
2704,1482,ED,ED1,Splash BLUE ~ Taiyō to Lemonade
5792,1483,OP,OP1,Kenzen Robo Daimidaler
5793,1483,ED,ED1,Suki Suki//LINKS
7551,1484,OP,OP1,White
7552,1484,ED,ED1,Taiyou ga Kureta Kisetsu
1972,1485,OP,OP1,KERO! to MARCH
1973,1485,OP,OP2,Zenkoku Musekinin Jidai
1974,1485,OP,OP3,Kimi ni JUICE wo Katte Ageru
1975,1485,OP,OP4,Hareru Michi ~ Uchuujin (Omeera) Awaseru Kao ga nee!~
1976,1485,OP,OP5,You-You-You
1977,1485,OP,OP6,Kaettekita KERO! to MARCH
1978,1485,OP,OP7,FUNDARI- KETTARI-
1979,1485,OP,OP8,Nante Suteki na Doyoubi
1980,1485,OP,OP9,Hello Darwin! ~Koukishin On Demand~
1981,1485,OP,OP10,KERO! to MARCH (Shoutai Version)
1982,1485,OP,OP11,Mendoku-Sei March
1983,1485,ED,ED1,AFRO Gunsou
1984,1485,ED,ED2,PEKOPON Shinryaku Ondo
1985,1485,ED,ED3,KERORO Shoutai Kounin! Netsuretsu Kangeiteki Ekaki Uta!!
1986,1485,ED,ED4,Katte ni SHINRYAKUSHA
1987,1485,ED,ED5,KOKORO no Mondai
1988,1485,ED,ED6,Shouri no Hanabira
1989,1485,ED,ED7,Cycling Recycle
1990,1485,ED,ED8,Eien ni
1991,1485,ED,ED9,"Kurutto, Mawatte, Ikkaiten"
1992,1485,ED,ED10,NIKONIKO CHAMP
1993,1485,ED,ED11,KERO Neko no TANGO
1994,1485,ED,ED12,Omatase Pekopon Icchou!
1995,1485,ED,ED13,Bokura no Aikotoba
1996,1485,ED,ED14,"KE, KE, KERORO no Daisakusen!"
1997,1485,ED,ED15,Daijoubu SUPPONPON FRIEND
1998,1485,ED,ED16,Hareruya!!
1999,1485,ED,ED17,Kuttsuke Hattsuke Wonderland
789,1486,OP,OP1,In the Night
790,1486,ED,ED1,Watashi ga Soba ni Iru
3302,1487,OP,OP1,Baby Universe Day
1454,1488,OP,OP1,Mirai no Kioku
1455,1488,ED,ED1,FUTURE
791,1489,OP,OP1,You Get to Burning
792,1489,ED,ED1,Watashi Rashiku
1366,1490,OP,OP1,Be My Angel
1367,1490,ED,ED1,☆the starry sky☆
1368,1490,ED,ED2,Ameagari
6660,1491,ED,ED1,Misty
287,1492,OP,OP1,World Galient
288,1492,ED,ED1,Sei no Ichibyou
289,1493,OP,OP1,Ginga no Seishun
290,1494,OP,OP1,Soldier Blue
291,1494,ED,ED1,Vanity
292,1495,OP,OP1,Yume-iro Chaser
293,1495,OP,OP2,Starlight Serenade
294,1495,ED,ED1,Illusion wo Sagashite
295,1495,ED,ED2,Shiny Boy
296,1496,OP,OP1,Ushinawareta Yume wo Motomete
297,1496,ED,ED1,Blue Rain
2403,1497,ED,ED1,DECADENCE
4939,1498,OP,OP1,Sirius
4940,1498,OP,OP2,ambiguous
4941,1498,ED,ED1,"Gomen ne, Iiko ja Irarenai."
4942,1498,ED,ED2,Shinsekai Koukyougaku
4841,1499,OP,OP1,Kill Me no Baby!
4842,1499,ED,ED1,Futari no Kimochi no Honto no Himitsu
8637,1500,OP,OP1,killing bites
8638,1500,ED,ED1,Kedamono Damono
298,1501,OP,OP1,Night of summer side
299,1501,OP,OP2,Orange Mystery
300,1501,OP,OP3,Kagami no naka no actress
301,1501,ED,ED1,Natsu no Mirage
302,1501,ED,ED2,Sad Heart Burning
303,1501,ED,ED3,Dance in Memories
9139,1502,OP,OP1,Gurenge
9140,1502,ED,ED1,from the edge
9141,1502,ED,ED2,Kamado Tanjiro no Uta
3216,1503,OP,OP1,Hizamazuku Made 5 Byo Dake!
3217,1503,ED,ED1,Butler Switch On!
1670,1504,OP,OP1,Precious Memories
1671,1504,ED,ED1,Rumbing Hearts
1672,1504,ED,ED2,Hoshizora no Waltz
1673,1504,ED,ED3,Kimi ga Nozomu Eien
2404,1505,ED,ED1,Koi No Bakudan Date
2633,1506,OP,OP1,Next Season
2634,1506,ED,ED1,Next Season
2635,1506,ED,ED2,Eternity
3303,1507,OP,OP1,Kimi ni Todoke
3304,1507,ED,ED1,Kataomoi
4391,1508,OP,OP1,Sawakaze
4392,1508,ED,ED1,Kimi ni Todoke...
5093,1509,OP,OP1,Sentimental Love
5094,1509,ED,ED1,Kimi no Iru Machi
5095,1509,ED,ED2,Dear friend
5096,1509,ED,ED3,Kimi no Iru Machi ~Answer Songs ver.~
6820,1510,OP,OP1,Yume Tourou
6821,1510,ED,ED1,Nandemonaiya
6822,1510,OP,OP1-EN,Yume Tourou
6823,1510,ED,ED1-EN,Nandemonaiya
8210,1511,OP,OP1,Fanfare
8211,1511,ED,ED1,Haru Natsu Aki Fuyu
4004,1512,OP,OP1,Bye Bye
4005,1512,ED,ED1,Nakimushi.
4717,1513,OP,OP1,Zutto
4718,1513,ED,ED1,Kimi to Boku no Banka
9474,1514,OP,OP1,Against.
9475,1514,ED,ED1,Koori no Torikago
9142,1515,ED,ED1,Brand New Story
2636,1516,OP,OP1,Aozora loop
2637,1516,ED,ED1,Negaiboshi
2638,1516,ED,ED2,Wasurenaide
5794,1517,OP,OP1,BRAND NEW STORY
5795,1517,OP,OP2,"Yue ni, Matenrou"
5796,1517,ED,ED1,Passcode 4854
5797,1517,ED,ED2,Start Line
6068,1518,OP,OP1,Yonjuushi
6069,1518,OP,OP2,TRAGEDY
6070,1518,ED,ED1,Hitomi no Oku no Milky Way
6071,1518,ED,ED2,Ketsui no Tsubasa
9143,1519,OP,OP1,Shiny Seven Stars!
9144,1519,ED,ED1,Samui Yoru Dakara...
9145,1519,ED,ED2,masquerade
9146,1519,ED,ED3,Unite! The Night!
9147,1519,ED,ED4,JOY
9148,1519,ED,ED5,LEGEND OF WIND
9149,1519,ED,ED6,Love & Peace Forever
9150,1519,ED,ED7,Overnight Sensation ~Jidai wa Anata ni Yudane Teru~
9151,1519,ED,ED8,Silver and Gold dance
9152,1519,ED,ED9,Ai ga Mou Sukoshi Hoshii yo
9153,1519,ED,ED10,BRAND NEW TOMORROW
9154,1519,ED,ED11,BOY MEETS GIRL
9476,1520,OP,OP1,legendary future
9477,1520,OP,OP2,Eclipse
9478,1520,ED,ED1,SticK Out
9479,1520,ED,ED2,One Wish
4614,1521,OP,OP1,Pride
4615,1521,ED,ED1,Voice of Soul
4616,1521,ED,ED2,Destiny Sky
4617,1521,ED,ED3,Never Ending
5097,1522,OP,OP1,GLORY DAYS
5098,1522,ED,ED1,21
5099,1522,ED,ED2,Exit
5100,1522,ED,ED3,Soko ni Kimi ga Iru
9710,1523,OP,OP1,TOMORROW
9711,1523,ED,ED1,Deep inside
10528,1523,OP,OP2,STACKiNG
10529,1523,ED,ED2,kIng
793,1524,OP,OP1,Wapiko Genki Yohou!
794,1524,ED,ED1,Super Kingyo
5101,1525,OP,OP1,Jumping!!
5102,1525,ED,ED1,Your Voice
6661,1526,OP,OP1,Happy⋆Pretty⋆Clover
6662,1526,ED,ED1,Starring!!
304,1527,OP,OP1,Kinnikuman Go Fight!
305,1527,ED,ED1,Niku 2x9 Rock 'n Roll
1624,1528,OP,OP1,HUSTLE MUSCLE
1625,1528,ED,ED1,Ai no Muscle
1626,1528,ED,ED2,Koi no My Chop!!
2235,1529,OP,OP1,All the Way
2236,1529,ED,ED1,Hajimari no Hi
1731,1530,OP,OP1,All the Way
1732,1530,ED,ED1,The Beautiful World
7330,1531,OP,OP1,here and there
7331,1531,ED,ED1,Satoutama no Tsuki
8212,1532,OP,OP1,"Himitsu no Kagi, Cocotama!"
8213,1532,ED,ED1,Cocotama Sagaso! Mi~tsukketa♪
8214,1532,ED,ED2,Cocotama Town de Nikkoniko★
7856,1533,OP,OP1,SHINE!! Kirakira☆Precure A La Mode
7857,1533,ED,ED1,Let's La Cooking☆Show Time
7858,1533,ED,ED2,Shooby Dooby☆Sweet Time
7859,1533,ED,ED3,Tres Bien-semble!!
7332,1534,OP,OP1,SHINE!! Kirakira☆Precure A La Mode
7333,1534,ED,ED1,Tres Bien-semble!!
8438,1535,OP,OP1,Kiratto Start
8439,1535,OP,OP2,Go! Up! Stardom!
8440,1535,OP,OP3,never-ending!!
8441,1535,ED,ED1,Pretty☆Channel
8442,1535,ED,ED2,KIRA KIRA Hologram
8443,1535,ED,ED3,SHINING FLOWER
9155,1536,OP,OP1,Diamond Smile
9156,1536,OP,OP2,Kiralist Jewelist
9157,1536,ED,ED1,Janken Kiratto! Pri☆chan
9158,1536,ED,ED2,Brand New Girls
9712,1537,OP,OP1,Illuminage Land
9854,1537,ED,ED1,A ・ B ・ C ・ D ・ Iine★Dance
10241,1537,OP,OP2,Luminance Princess
10242,1537,ED,ED2,One Heart
10530,1537,OP,OP3,Dreaming☆Channel!
10531,1537,ED,ED3,One Heart
10532,1537,ED,ED4,One Heart
5481,1538,OP,OP1,Let Me Hear
5482,1538,ED,ED1,IT'S THE RIGHT TIME
7553,1539,OP,OP1,Theme of Kishibe Rohan wa Ugokana
7554,1539,ED,ED1,FINDING THE TRUTH
795,1540,OP,OP1,Kishin Douji ZENKI
796,1540,OP,OP2,"Chou Kishin ZENKI, Raigou Shourin!"
797,1540,ED,ED1,Egao wo Ageru
798,1540,ED,ED2,Sleepless Angels ~Nemurenu Yoru no Tenshi-tachi~
799,1540,ED,ED3,Kiseki no Chou Kishin
2488,1541,OP,OP1,"Hito, Kami, Hata - Man God Machine"
2489,1541,ED,ED1,Modern Rose
2773,1542,OP,OP1,United Force
2774,1542,ED,ED1,Tsubasa
8037,1543,OP,OP1,Love with You
8038,1543,ED,ED1,Itsuka Sekai ga Kawaru Made
2775,1544,ED,ED1,Kimi ga iru Kagiri
2776,1544,ED,ED2,because of you
2990,1545,OP,OP1,Futari no Honey Boy
2991,1545,ED,ED1,Hoshizora Monogatari
3841,1546,OP,OP1,Balance KISS
3842,1546,ED,ED1,Our Steady Boy
3843,1546,ED,ED2,Futari
5103,1547,OP,OP1,2 Gakki Debut Daisakusen!!
5104,1547,ED,ED1,Wakuwaku DAYS☆
5105,1547,ED,ED2,Hanabi
5106,1547,ED,ED3,Kimi ni Tsuite Ieru Koto
5107,1547,ED,ED4,Best Friend
5108,1547,ED,ED5,Wakuwaku DAYS☆
306,1548,OP,OP1,Oyome-san ni Natte Agenaizo
307,1548,OP,OP2,Body dake Lady
308,1548,OP,OP3,Yumemiru Jikan
309,1548,OP,OP4,Hajimete no Chuu
310,1548,OP,OP5,Suimin Busoku
311,1548,OP,OP6,Oryouri Koushinkyoku
312,1548,ED,ED1,Magical Boy Magical Heart
313,1548,ED,ED2,Race no Cardigan
314,1548,ED,ED3,Korosuke ROCK
315,1548,ED,ED4,Felt no Pencase
316,1548,ED,ED5,Merry wa Tada no Tomodachi
317,1548,ED,ED6,Hajimete no Chuu
318,1548,ED,ED7,HAPPY BIRTHDAY
319,1548,ED,ED8,Uwasa no Kiss
8039,1549,OP,OP1,COME:BACK Stage!
8040,1549,ED,ED1,HOPE
9855,1550,OP,OP1,Honjitsu mo Makoto ni Seiten Nari
9856,1550,ED,ED1,Gondola no Uta
7013,1551,OP,OP1,LAY YOUR HANDS ON ME
7014,1551,ED,ED1,Hajimari no Sokudo
6824,1552,ED,ED1,étoile et toi
7860,1553,ED,ED1,étoile et toi [édition le blanc]
7555,1554,OP,OP1,Hello! My World!!
7556,1554,ED,ED1,You & I
9002,1555,OP,OP1,PEGASUS SEIYA
9003,1555,ED,ED1,SOMEBODY NEW
3305,1556,OP,OP1,Magic Number
3306,1556,ED,ED1,Jellyfish's Confession
3307,1556,ED,ED2,Watashi ni Dekiru Koto
7861,1557,OP,OP1,Aozora no Rhapsody
7862,1557,ED,ED1,Ishukan Communication
800,1558,OP,OP1,Natsu ga Kita! (Diamond Head)
801,1558,OP,OP2,Everybody Can Do!
802,1558,OP,OP3,Katsushika Rhapsody
803,1558,OP,OP4,Kochira Kameza no Onna
804,1558,OP,OP5,Oide yo Kameari
805,1558,OP,OP6,Damatte Ore ni Tsuite Koi
806,1558,OP,OP7,Katsushika Rhapsody (Yamuyamu Version)
807,1558,ED,ED1,Smile
808,1558,ED,ED2,Ii Koto Arusa
809,1558,ED,ED3,Shikujo no Yume wa Mangekyou
810,1558,ED,ED4,Buee no Biyabiya
811,1558,ED,ED5,Kyun
812,1558,ED,ED6,Kimi to Boku
813,1558,ED,ED7,Kimochi Da yo
814,1558,ED,ED8,"Mainichi, No Problem"
815,1558,ED,ED9,Robo Keiji Banchou no Uta
816,1558,ED,ED10,Oide yo Kameari
817,1558,ED,ED11,Nice na Kokoroiki
818,1558,ED,ED12,Natsu ga Kita! (Diamond Head)
819,1558,ED,ED13,Nande Darou (Ryou-san Version)
820,1558,ED,ED14,Nande Darou (KochiKame Version)
821,1558,ED,ED15,"Hai, Irasshai"
822,1558,ED,ED17,Jugemu: Kochikame Version
823,1559,ED,ED1,Kimochi Da yo
9004,1560,OP,OP1,Shissou
9005,1560,ED,ED1,Kiba to Tsubasa
2639,1561,OP,OP1,Let's! Ohime-sama Dakko
2640,1561,ED,ED1,Hanamaru☆Sensation
2641,1561,ED,ED2,Yasashii
2642,1561,ED,ED3,Otome Chikku Shoshinsha desu
3550,1562,OP,OP1,Guilty Future
3551,1562,ED,ED1,1.2.3 Day
2705,1563,OP,OP1,Otome Chikku Shoshinsha desu
2706,1563,ED,ED1,Aijou◎Education
824,1564,OP,OP1,19 Ji no nyusu
825,1564,ED,ED1,Panic
3621,1565,OP,OP1,Koi no Mahou
3622,1565,ED,ED1,Kuchibiru Chuck
6663,1566,OP,OP1,My Generation
6664,1566,ED,ED1,Koi wo Shita no wa
2643,1567,OP,OP1,Apron dake wa Toranaide!
2644,1567,ED,ED1,Love Song kamo Shirenai
2000,1568,OP,OP1,Koi Kaze
2001,1568,ED,ED1,Futari Dakara
2191,1569,OP,OP1,Super Love
2192,1569,ED,ED1,Miracle
9581,1570,OP,OP1,Nibi-iro no Yoake
9582,1570,ED,ED1,Maiorite Kita Yuki
4618,1571,OP,OP1,Signal Graph
4619,1571,ED,ED1,Kaze no Naka no Primrose
7557,1572,OP,OP1,Kanashii Ureshii
7558,1572,ED,ED1,Can't you say
8639,1573,OP,OP1,Nostalgic Rainfall
8640,1573,ED,ED1,Ref:rain
3071,1574,OP,OP1,flower of bravery
3072,1574,ED,ED1,Yappari Sekai wa Atashi☆Legend!!
3462,1575,OP,OP1,flower of bravery
3463,1575,ED,ED1,Yappari Sekai wa Atashi☆Legend!!
10014,1576,OP,OP1,Aruite Ikou!
10015,1576,ED,ED1,Yozora
10016,1576,ED,ED2,Ano Hoshi no Mukou ni
8641,1577,OP,OP1,Flashback
8642,1577,ED,ED1,Asayake to Nettaigyo
4620,1578,OP,OP1,Paradigm
4621,1578,OP,OP2,Kimi Rhythm
4622,1578,ED,ED1,Kokoro no Kara
4623,1578,ED,ED2,Cry out
4624,1578,ED,ED3,Salvage
4625,1578,OP,OP1-BD,Kimochi Signal
4500,1579,OP,OP1,Kimi Rhythm
4501,1579,ED,ED1,I Scream Chocolatl
6222,1580,ED,ED1,"Ima, Hanashitai Dareka ga Iru"
1286,1581,OP,OP1,Beagle
1287,1581,ED,ED1,Tsuki wa Miteru
6072,1582,ED,ED1,Toaru Itsumo wo
7559,1583,OP,OP1,Stand Up Now
7560,1583,ED,ED1,Milestone
1733,1584,OP,OP1,Kasabuta
1734,1584,ED,ED1,PERSONAL
1735,1584,ED,ED2,STARS ~you don't have to worry about tomorrow~
6825,1585,OP,OP1,STARTING NOW!
6826,1585,ED,ED1,cubic futurismo
6827,1585,ED,ED2,Kokoro＊Palette (gasshou ver.)
2002,1586,OP,OP1,Metamorphose
2003,1586,ED,ED1,Natsuiro no Kakera
2004,1586,ED,ED2,Kimi ni Aete
4630,1587,OP,OP1,Choose me♡Darling
4631,1587,ED,ED1,Heavenly Lover
9159,1588,OP,OP1,Tone
9160,1588,ED,ED1,Speechless
8835,1589,OP,OP1,Harmony
8836,1589,ED,ED1,Rainbow
8837,1589,ED,ED2,Tone
7138,1590,OP,OP1,fantastic dreamer
7139,1590,ED,ED1,Chiisana Boukensha
7863,1591,OP,OP1,TOMORROW
7864,1591,ED,ED1,Ouchi ni Kaeritai
9006,1592,ED,ED1,My Home Town
9007,1592,ED,ED2,1-Milli Symphony
9161,1593,OP,OP1,Kono Yo no Hate de Koi wo Utau Shoujo
9162,1593,OP,OP2,MOTHER
9163,1593,ED,ED1,"Shinri no Kagami, Tsurugi no You ni"
9164,1593,ED,ED2,Kami no Suushiki
7334,1594,OP,OP1,Kokoro ni Tsubomi
7335,1594,ED,ED1,"Haru Urara, Kimi to Sakihokoru"
7336,1594,ED,ED2,Natsusaki Koihanabi
7337,1594,ED,ED3,"Akanezora, Kimi Mau Kouyou no Sanpomichi"
7338,1594,ED,ED4,Yukihana Kirameku Ieji nite
7339,1594,ED,ED5,Shiji: Kusa no Yukari
4393,1595,OP,OP1,Ma·Ka·Se·Te Tonight
4394,1595,ED,ED1,"Kizuite Zombie-sama, Watashi wa Classmate desu"
4719,1596,OP,OP1,*** Passionate
4720,1596,ED,ED1,Koi no Beginner Nan Desu (T_T)
7865,1597,OP,OP1,Re:Quest!
7866,1597,ED,ED1,Seishun Satsubatsu-ron Remix
7867,1597,ED,ED2,Mata Kimi ni Aeru Hi
5235,1598,ED,ED1,Rain
5344,1599,OP,OP1,Sonna Koto Ura no Mata Urabanashi Desho?
5345,1599,ED,ED1,Kibou no Hana
5346,1599,ED,ED2,ESP Ken no Theme
5347,1599,ED,ED3,Tsurupeta
6495,1600,OP,OP1,Shiawase ni Tsuite Watashi ga Shitteiru Itsutsu no Houhou
6496,1600,ED,ED1,Egao ni Naru
7140,1601,OP,OP1,hopeness
7141,1601,ED,ED1,LoSe±CoNtRoL
320,1602,OP,OP1,Kousoku Denjin Albegus
321,1602,ED,ED1,Wakasa no Formation
101,1603,OP,OP1,Kotetsu Zieg no Uta
102,1603,ED,ED1,Hiroshi no Theme
826,1604,OP,OP1,Kiss Kara Hajimaru Miracle
827,1604,ED,ED1,Eien no Koutetsu Tenshi
1369,1605,OP,OP1,Kiss kara Hajimaru Miracle (2-shiki)
1370,1605,ED,ED1,Sunda Aozora no Mukou ni
1206,1606,OP,OP1,Kiss Kara Hajimaru Miracle
1207,1606,ED,ED1,Suki Suki Suki Su-Kiss Shite!
1371,1607,ED,ED1,Hajimari no Kiseki
7015,1608,OP,OP1,KABANERI OF THE IRON FORTRESS
7016,1608,ED,ED1,ninelie
7017,1608,ED,ED2,Through My Blood <AM>
6665,1609,OP,OP1,KABANERI OF THE IRON FORTRESS
6666,1609,ED,ED1,ninelie <cry-v>
7868,1610,ED,ED1,ninelie <cry-v>
9165,1611,ED,ED1,Sakase ya Sakase
2777,1612,OP,OP1,Stormbringer
2778,1612,ED,ED1,HEAVEN
9322,1613,OP,OP1,Soranone
9323,1613,ED,ED1,Tsubasa wo Motsu Mono-tachi
7142,1614,ED,ED1,whiz
6667,1615,OP,OP1,Cobalt World
6668,1615,ED,ED1,Märchen
9480,1616,ED,ED1,Hoshikuzu
9481,1616,ED,ED2,Over The Summer
1857,1617,OP,OP1,Kujibiki Unbalance
1858,1617,ED,ED1,Kagayaki Cyalume
2324,1618,OP,OP1,Ai
2325,1618,ED,ED1,Harmonies*
7340,1619,OP,OP1,Sono Saki e
7341,1619,ED,ED1,Hashitairo
9482,1620,OP,OP1,Itsuka no Kioku
9483,1620,ED,ED1,Ano ne.
9484,1620,ED,ED2,Ano ne. -loved ones ver-
7018,1621,OP,OP1,"Datte, Gyutteshite."
7019,1621,ED,ED1,KUMAMIKO DANCING
9768,1622,OP,OP1,Keep weaving your spider way
9769,1622,ED,ED1,Ganbare! Kumoko-san no Theme
10189,1622,OP,OP2,Bursty Greedy Spider
10190,1622,ED,ED2,Genjitsu Totsugeki Hierarchy
828,1623,ED,ED1,Kumo no You ni Kaze no You ni
7143,1624,ED,ED1,Shiosai
3623,1625,OP,OP1,Koko Dake no Hanashi
3624,1625,ED,ED1,Kimi no Kirei ni Kizuite Okure
1937,1626,OP,OP1,Natsukashii Umi
1938,1626,ED,ED1,Moonlight
3133,1627,OP,OP1,Love Jump
3134,1627,ED,ED1,crossing days
2992,1628,OP,OP1,Kitei no Tsurugi
2993,1628,ED,ED1,Ame ga Furu
2994,1628,ED,ED2,Remedy
3552,1629,OP,OP1,Sympathizer
3553,1629,OP,OP2,tRANCE
3554,1629,ED,ED1,Irodori no Nai Sekai
3555,1629,ED,ED2,Gekkou no Chigiri
4721,1630,OP,OP1,Can Do
4722,1630,OP,OP2,RIMFIRE
4723,1630,ED,ED1,Start it right away
4724,1630,ED,ED2,Catal Rhythm
4943,1631,OP,OP1,The Other Self
4944,1631,OP,OP2,Hengen Jizai no Magical Star
4945,1631,ED,ED1,WALK
4946,1631,ED,ED2,FANTASTIC TUNE
6497,1632,OP,OP1,Punky Funky Love
6498,1632,OP,OP2,ZERO
6499,1632,OP,OP3,Memories
6500,1632,ED,ED1,GLITTER DAYS
6501,1632,ED,ED2,Ambivalence
6502,1632,ED,ED3,Lantana
4725,1633,OP,OP1,Doki Doki Shichau no Oh Yeah!
7020,1634,OP,OP1,DEATHTOPIA
7021,1634,OP,OP2,Chou Onsoku Destiny
7022,1634,ED,ED1,Realistic
7023,1634,ED,ED2,Eien Loop
2995,1635,OP,OP1,Monokuro No Kiss
2996,1635,ED,ED1,I'm ALIVE!
2997,1635,ED,ED2,Lacrimosa
3743,1636,OP,OP1,SHIVER
3744,1636,ED,ED1,Bird
3745,1636,ED,ED2,Kagayaku Sora no Shijima ni wa
5625,1637,OP,OP1,ENAMEL
5626,1637,ED,ED1,Aoki Tsuki Michite
2998,1638,OP,OP1,SYSTEMATIC PEOPLE
2999,1638,ED,ED1,Hanarebanare
9485,1639,ED,ED1,Kusoge tte Iuna!
3308,1640,OP,OP1,Upside Down
3309,1640,ED,ED1,Shangri-La (Y.Sunahara 2009 Remodel)
6223,1641,OP,OP1,D.O.B.
6224,1641,ED,ED1,Hallelujah
10017,1642,OP,OP1,Gunjou
10018,1642,ED,ED1,Zettai Reido
7869,1643,OP,OP1,Uso no Hibana
7870,1643,ED,ED1,Heikousen
829,1644,OP,OP1,Otto Dokkoi Nihon Bare
10019,1645,ED,ED1,Stellar
10020,1646,OP,OP1,Mononoke in the Fiction
10021,1646,ED,ED1,LAST DANCE
830,1647,OP,OP1,Halation Summer
831,1647,ED,ED1,Tsuugaku Ro
322,1648,OP,OP1,Bright Eyes
323,1648,ED,ED1,"Believe in Me, Believe in You: Kimi o Shinjiteru"
8215,1649,OP,OP1,"Koi ni Saku Nazo, Hara Hara to"
8216,1649,ED,ED1,Hosoyuki
2005,1650,OP,OP1,Hateshinaku Tooi Sora ni
2006,1650,ED,ED1,Suteki na Shiawase
2007,1650,ED,ED2,Arigatou~
3135,1651,OP,OP1,Sekai yo Warae
3136,1651,ED,ED1,Going
2645,1652,OP,OP1,Romantic Morning
2646,1652,ED,ED1,Himitsu no Pocket
832,1653,ED,ED1,Bokura Wa Family
4632,1654,ED,ED1,Hobo Kenzen Shoujo Sengen
4947,1655,OP,OP1,Kyoukai no Kanata
4948,1655,ED,ED1,Daisy
4949,1656,ED,ED1,Poppy no Kaerimichi
6365,1657,ED,ED1,Aitakatta Sora
10443,1658,OP,OP1,Ouka Ranman
10444,1658,ED,ED1,Toki no Wa
11269,1658,OP,OP2,Ura no Ura
11270,1658,ED,ED2,Futatsu no Sekai
7024,1659,OP,OP1,Melody
7025,1659,OP,OP2,Ainii
7026,1659,ED,ED1,Hanashi wo Shiyou
7027,1659,ED,ED2,Beautiful Life
7725,1660,OP,OP1,SHINY
7726,1660,OP,OP2,Setsuna Yumemishi
7727,1660,ED,ED1,Suki nano Kana
7728,1660,ED,ED2,Puzzle
4006,1661,OP,OP1,Terminated
4007,1661,ED,ED1,Pieces
4008,1661,ED,ED2,Stardust Melodia
4633,1662,OP,OP1,ZONE//ALONE
4634,1662,ED,ED1,-Side SunSet- Kanashimi wa Dare no Negai Demo nai
4635,1662,ED,ED2,-Side SunRise- Sora no Uta
2862,1663,OP,OP1,Cross＊Heart
2863,1663,ED,ED1,Madoromi no Rakuen
324,1664,OP,OP1,Bio Boosted Armor Guyver
4950,1665,OP,OP1,Koko
4951,1665,ED,ED1,Shissou Ginga
3931,1666,OP,OP1,LOVE x HEAVEN
3932,1666,ED,ED1,my starry boy
8444,1667,ED,ED1,Happy Thinking!
9166,1668,ED,ED1,Precious Piece
6073,1669,OP,OP1,Light for Knight
6074,1669,ED,ED1,Little＊Lion＊Heart
9583,1670,OP,OP1,Watashi-tachi no STARTRAIL
9584,1670,ED,ED1,Planetarium
9585,1670,ED,ED2,Midnight Sapphire
9586,1670,ED,ED3,"Watashi no Na wa, Hikari."
9587,1670,ED,ED4,A.R.I.A.
1736,1671,OP,OP1,Cloud Age Symphony
1737,1671,ED,ED1,Over The Sky
4009,1672,OP,OP1,Buddy
4010,1672,ED,ED1,Starboard
4011,1672,ED,ED2,Starboard [Silky Wind ver.]
8445,1673,OP,OP1,Yokubari Dreamer
8446,1673,ED,ED1,Wiseman no Theme
8447,1674,OP,OP1,Change!
8448,1674,OP,OP2,blooming
8449,1674,ED,ED1,Daijoubu
8450,1674,ED,ED2,"Ashita mo, Sekai wa Mawaru kara."
2405,1675,OP,OP1,BORN
2406,1675,ED,ED1,OVER NIGHT
2864,1676,OP,OP1,Kaze no Mukou
2865,1676,ED,ED1,Ma maman (Watashi no Okasan)
4395,1677,OP,OP1,Cold Finger Girl
4396,1677,ED,ED1,Yume~Mugen no Kanata~
8838,1678,OP,OP1,wit and love
8839,1678,ED,ED1,child dancer
2237,1679,OP,OP1,Shijunka
2238,1679,ED,ED1,Tasogare Shoujo
1738,1680,OP,OP1,Rosetta
1739,1680,ED,ED1,Memories
9857,1681,OP,OP1,Into the blue's
9858,1681,OP,OP2,Into the blue's (modern ver.)
9859,1681,ED,ED1,Muse
9860,1681,ED,ED2,Borders
9861,1681,ED,ED3,Slip out!
9862,1681,ED,ED4,Rainy lain
9863,1681,ED,ED5,Top of ocean
9864,1681,ED,ED6,Trauma
9865,1681,ED,ED7,Dilemma
9866,1681,ED,ED8,Fairy tale
9867,1681,ED,ED9,Slumber
9868,1681,ED,ED10,Love song
9869,1681,ED,ED11,Listeners
4502,1682,OP,OP1,Little Busters! ~TV animation ver.~
4503,1682,ED,ED1,Alicemagic ~TV animation ver.~
4504,1682,ED,ED2,Alicemagic
4505,1682,ED,ED3,Ame nochi Hare
4506,1682,ED,ED4,Little Busters! ~TV animation ver.~
5903,1683,OP,OP1,Little Busters! EX
5904,1683,ED,ED1,Mezameta Asa ni wa Kimi ga Tonari ni
5905,1683,ED,ED2,Saya's Song
5906,1683,ED,ED3,Alicemagic -Rockstar Ver.-
5907,1683,ED,ED4,Alicemagic -TV Animation Ver.-
4952,1684,OP,OP1,Boys be Smile
4953,1684,ED,ED1,Kimi to no Nakushi Mono
4954,1684,ED,ED2,Song for friends
4955,1684,ED,ED3,Hanabi
4956,1684,ED,ED4,Parting of the Boys
4957,1684,ED,ED5,Little Busters! -Little Jumper Ver.-
7871,1685,OP,OP1,Shiny Ray
7872,1685,OP,OP2,MIND CONDUCTOR
7873,1685,ED,ED1,Hoshi wo Todoreba
7874,1685,ED,ED2,Toumei na Tsubasa
8451,1686,ED,ED1,"Girls, Dance, Staircase"
8452,1686,ED,ED2,Songbirds
833,1687,OP,OP1,Adèsso e Fortuna ~Honoo to Eien~
13686,1687,OP,OP1-EN,Adèsso e Fortuna ~Honoo to Eien~
13687,1687,ED,ED1-EN,Kaze no Fantasia
834,1688,OP,OP1,Kiseki no Umi
835,1688,ED,ED1,Hikari no Suashi
4958,1689,OP,OP1,database feat. TAKUMA (10 Feet)
4959,1689,ED,ED1,Your song*
5483,1690,OP,OP1,database feat. TAKUMA (10 Feet)
5484,1690,ED,ED1,Wonderful Wonder World
9770,1691,OP,OP1,Different
9771,1691,ED,ED1,Blue Horizon
6669,1692,OP,OP1,♡㎞/h
6670,1692,ED,ED1,Happy Ice Cream!
9008,1693,OP,OP1,starting the case : Rail Zeppelin
9009,1693,ED,ED1,Hibari
8217,1694,OP,OP1,Tenshi yo Kokyou wo Kike
8218,1694,ED,ED1,"Akaku, Zetsubou no Hana"
8453,1695,OP,OP1,Utaeba Soko ni Kimi ga Iru kara
8454,1695,ED,ED1,TEARS ECHO
8455,1695,ED,ED2,Shuumetsu no Uta
836,1696,OP,OP1,〜infinity〜∞
837,1696,ED,ED1,Extrication
8456,1697,OP,OP1,UNLOCK
8457,1697,ED,ED1,I
6671,1698,OP,OP1,Lostorage
6672,1698,ED,ED1,undeletable
1220,1699,OP,OP1,Sakura Saku
1221,1699,ED,ED1,Kimi Sae Ireba
1222,1699,ED,ED2,Hajimari wa Kokokara
1627,1700,OP,OP1,Kirari Takaramono
1628,1700,ED,ED1,"Be For You, Be For Me"
1629,1700,ED,ED2,"Be For You, Be For Me"
1630,1700,ED,ED3,"Be For You, Be For Me"
7729,1701,ED,ED1,Ranman Hikou: ~Love Rice ver.~
7342,1702,ED,ED1,Ranman Hikou ~Love Rice ver.~
5109,1703,OP,OP1,Love Shitai!
5110,1703,ED,ED1,Best FriendS
9486,1704,OP,OP1,Niji-iro Passions!
9487,1704,ED,ED1,"NEO SKY, NEO MAP!"
5348,1705,OP,OP1,Bokura wa Ima no Naka de
5349,1705,ED,ED1,Susume→Tomorrow
5350,1705,ED,ED2,Kitto Seishun ga Kikoeru
5351,1705,ED,ED3,Kitto Seishun ga Kikoeru
5352,1705,ED,ED4,Kitto Seishun ga Kikoeru
5353,1705,ED,ED5,Kitto Seishun ga Kikoeru
5354,1705,ED,ED6,Kitto Seishun ga Kikoeru
5355,1705,ED,ED7,Kitto Seishun ga Kikoeru
5356,1705,ED,ED8,Kitto Seishun ga Kikoeru
5357,1705,ED,ED9,Kitto Seishun ga Kikoeru
5798,1706,OP,OP1,Sore wa Bokutachi no Kiseki
5799,1706,ED,ED1,Donna Toki mo Zutto
5800,1706,ED,ED2,Donna Toki mo Zutto
5801,1706,ED,ED3,Donna Toki mo Zutto
5802,1706,ED,ED4,Donna Toki mo Zutto
5803,1706,ED,ED5,Donna Toki mo Zutto
5804,1706,ED,ED6,Donna Toki mo Zutto
5805,1706,ED,ED7,Donna Toki mo Zutto
5806,1706,ED,ED8,Snow halation
5807,1706,ED,ED9,Donna Toki mo Zutto
5808,1706,ED,ED10,Bokura wa Ima no Naka de
5809,1706,ED,ED11,Happy maker!
6828,1707,OP,OP1,Aozora Jumping Heart
6829,1707,ED,ED1,Kimeta yo Hand in Hand
6830,1707,ED,ED2,Yume Kataru Yori Yume Utaou
6831,1707,ED,ED3,Yume Kataru Yori Yume Utaou
6832,1707,ED,ED4,Yume Kataru Yori Yume Utaou
6833,1707,ED,ED5,Yume Kataru Yori Yume Utaou
6834,1707,ED,ED6,Yume Kataru Yori Yume Utaou
6835,1707,ED,ED7,Yume Kataru Yori Yume Utaou
6836,1707,ED,ED8,Yume Kataru Yori Yume Utaou
6837,1707,ED,ED9,Mijuku DREAMER
6838,1707,ED,ED10,Yume Kataru Yori Yume Utaou
6839,1707,ED,ED11,Yume Kataru Yori Yume Utaou
6840,1707,ED,ED12,MIRAI TICKET
7343,1708,OP,OP1,Mirai no Bokura wa Shitteru yo
7344,1708,OP,OP2,Aozora Jumping Heart
7345,1708,ED,ED1,Yuuki wa Doko ni? Kimi no Mune ni!
7346,1708,ED,ED2,Yuuki wa Doko ni? Kimi no Mune ni!
7347,1708,ED,ED3,Kimi no Kokoro wa Kagayaiteru kai?
7348,1708,ED,ED4,Yuuki wa Doko ni? Kimi no Mune ni!
7349,1708,ED,ED5,Yuuki wa Doko ni? Kimi no Mune ni!
7350,1708,ED,ED6,MIRACLE WAVE
7351,1708,ED,ED7,Yuuki wa Doko ni? Kimi no Mune ni!
7352,1708,ED,ED8,Awaken the power
7353,1708,ED,ED9,Yuuki wa Doko ni? Kimi no Mune ni!
7354,1708,ED,ED10,Yuuki wa Doko ni? Kimi no Mune ni!
7355,1708,ED,ED11,WATER BLUE NEW WORLD
7356,1708,ED,ED12,WONDERFUL STORIES
9324,1709,OP,OP1,Bokura no Hashittekita Michi wa...
9325,1709,ED,ED1,Next SPARKLING!!
6225,1710,ED,ED1,Bokutachi wa Hitotsu no Hikari
5627,1711,OP,OP1,LΦVEST
5628,1711,ED,ED1,CLICK YOUR HEART!!
2326,1712,OP,OP1,"Koi, Hajimemashita!"
2327,1712,ED,ED1,LoveLoveLove no Sei na no yo!
2779,1713,OP,OP1,Kimi + Boku = Love?
2780,1713,OP,OP2,Hey! Say!
2781,1713,ED,ED1,Kiss ~ Kaerimichi no Love Song
2782,1713,ED,ED2,BON BON
7144,1714,OP,OP1,STORY
7145,1714,ED,ED1,Meiyaku no Kanata
2783,1715,OP,OP1,Motteke! Sailor Fuku
2784,1715,ED,ED1,Uchuu Tetsujin Kyoodain
2785,1715,ED,ED2,Shouri da! Akumaizer 3
2786,1715,ED,ED3,"Sore ga, Ai Deshou"
2787,1715,ED,ED4,Sailor Fuku to Kikanjuu
2788,1715,ED,ED5,Cha-La Head-Cha-La
2789,1715,ED,ED6,Valentine Kiss
2790,1715,ED,ED7,Chijou no Hoshi
2791,1715,ED,ED8,Monkey Magic
2792,1715,ED,ED9,Kogarashi ni Dakarete
2793,1715,ED,ED10,I'm Proud
2794,1715,ED,ED11,Doraemon no Uta
2795,1715,ED,ED12,Ike! Godman / Makenaide
2796,1715,ED,ED13,Ore no Wasuremono
2797,1715,ED,ED14,Hare Hare Yukai
2798,1715,ED,ED15,Koi no Minoru Densetsu
2799,1715,ED,ED16,Misoji Misaki
2800,1715,ED,ED17,Motteke! Sailor Fuku (Aimai Sunshine Ver.)
2801,1715,ED,ED18,Kaorin no Theme
2802,1715,ED,ED19,Otoko no Iki-sama
2803,1715,ED,ED20,Omuko Rumba
2804,1715,ED,ED21,Shikaidaa no Uta
2805,1715,ED,ED22,Shiraishi Medley
2806,1715,ED,ED23,Mikuru Henshin! Soshite Sentou!
2807,1715,ED,ED24,Ai wa Boomerang
103,1716,OP,OP1,Lupin Sansei Sono 1
104,1716,OP,OP2,AFRO LUPIN '68
105,1716,OP,OP3,Lupin Sansei Sono 3
106,1716,ED,ED1,Lupin Sansei Sono 2
6075,1717,OP,OP1,THEME FROM LUPIN III 2015
6076,1717,ED,ED1,Chanto Iwanakya Aisanai
107,1718,OP,OP1,Theme from Lupin III '77
108,1718,OP,OP2,Theme from Lupin III (Vocal Version)
109,1718,OP,OP3,Theme from Lupin III '79
110,1718,OP,OP4,Theme from Lupin III '80
111,1718,ED,ED1,Love Theme
112,1718,ED,ED2,Love Theme (Vocal Version)
113,1718,ED,ED3,Love Squall
114,1718,ED,ED4,Love Is Everything
325,1719,OP,OP1,Sexy Adventure
326,1719,ED,ED1,Fairy Night
8458,1720,OP,OP1,LUPIN TROIS 2018
8459,1720,ED,ED1,Seine no Kaze ni... (Adieu)
8840,1721,OP,OP1,THEME FROM LUPIN III 2019
8841,1721,ED,ED1,GIFT
7875,1722,ED,ED1,SATORI
5811,1723,ED,ED1,Revolver Fires
9167,1724,ED,ED1,Innocent deceiver
4726,1725,OP,OP1,New Wuthering Heights
4727,1725,ED,ED1,Duty Friend
5812,1726,OP,OP1,Re:REMEMBER
5813,1726,OP,OP2,Replica
5814,1726,ED,ED1,ego-izm
5815,1726,ED,ED2,SABLE
1674,1727,OP,OP1,Koi no Mahou
3000,1728,OP,OP1,M☆O☆S☆O Ranbu
3001,1728,ED,ED1,Pastel
3002,1728,ED,ED2,Miwaku no La Vie en Rose
16,1729,OP,OP1,Mach GoGoGo
10807,1729,ED,ED1,Mach Go Go Go Shudaika
9010,1730,OP,OP1,Machikado Tangent
9011,1730,ED,ED1,Yoimachi Cantare
4960,1731,OP,OP1,Anicca
4961,1731,ED,ED1,Maware! Setsugetsuka
327,1732,OP,OP1,Machine Robo Honoo
328,1732,OP,OP2,Shouri no Machine Robo
329,1732,ED,ED1,Aoi Heart no Stranger
330,1733,OP,OP1,Macross
331,1733,ED,ED1,Runner
838,1734,OP,OP1,Seventh Moon
839,1734,ED,ED1,My Friends
840,1734,ED,ED2,...Dakedo Baby!!
7028,1735,OP,OP1,Ichido dake no Koi nara
7029,1735,OP,OP2,Zettai Reido θ Novatic
7030,1735,ED,ED1,Ikenai Borderline
7031,1735,ED,ED2,Rune ga Pikatto Hikattara
7032,1735,ED,ED3,AXIA~Daisuki de Daikirai~
7033,1735,ED,ED4,GIRAFFE BLUES
7034,1735,ED,ED5,Hametsu no Junjou
7035,1735,ED,ED6,God Bless You
7036,1735,ED,ED7,LOVE! THUNDER GROW
7037,1735,ED,ED10,Zettai Reido θ Novatick
841,1736,OP,OP1,Dynamite Explosion
842,1736,ED,ED1,Parade
3137,1737,OP,OP1,Triangler
3138,1737,OP,OP2,Seikan Hikou
3139,1737,OP,OP3,Lion
3140,1737,ED,ED1,Aimo (vocal and harmonica version)
3141,1737,ED,ED2,Diamond Crevasse
3142,1737,ED,ED3,Aimo
3143,1737,ED,ED4,Aimo~Tori no Hito
3144,1737,ED,ED5,Neko Nikki
3145,1737,ED,ED6,Ai Oboete Imasu Ka (Deculture Edition)
3146,1737,ED,ED7,Diamond Crevasse 50/50
3147,1737,ED,ED8,Northern Cross
3148,1737,ED,ED9,Triangler
3149,1737,ED,ED10,Empty Diamond Crevasse
3150,1737,ED,ED11,Azure Ether
3151,1737,ED,ED12,Triangler (fight on stage)
1456,1738,ED,ED1,ARKAN
1457,1738,ED,ED2,Life Song
1458,1738,ED,ED3,yanyan
1459,1738,ED,ED4,Forest Song
5485,1739,OP,OP1,Ginsen no Kaze
5486,1739,ED,ED1,Schwarzer Bogen
5487,1739,ED,ED2,Ryuusei Chinkonka
7561,1740,OP,OP1,Underground River
7562,1740,OP,OP2,Deep in Abyss
7563,1740,ED,ED1,"Tabi no Hidarite, Saihate no Migite"
7564,1740,ED,ED2,"Tabi no Hidarite, Saihate no Migite"
7565,1740,ED,ED3,Tomorrow
10022,1741,OP,OP1,The Return of Made in Abyss
10023,1741,ED,ED1,FOREVER LOST
2008,1742,OP,OP1,Hitomi no Kakera
2009,1742,ED,ED1,inside your heart
332,1743,OP,OP1,Hikari no Senshi-tachi
333,1743,ED,ED1,Horore chuchu parero
843,1744,OP,OP1,Hikari no Senshi-tachi
844,1744,ED,ED1,Boku no Kako kara Boku no Mirai e
845,1744,ED,ED2,Dakara Seigi wa Katsu!
846,1744,ED,ED3,Hyakunenme no Yakusoku
9488,1745,OP,OP1,Sign
9489,1745,OP,OP2,Pippippi Happy
9490,1745,ED,ED1,Ikagawashii Viking
9491,1745,ED,ED2,Shizukana Senshi
9492,1746,OP,OP1,Kimi wo Sukueru Nara Boku wa Nan ni demo Naru
9493,1746,ED,ED1,disclose
7038,1747,OP,OP1,Spotlight
7039,1747,ED,ED1,Polaris
4962,1748,OP,OP1,ANNIVERSARY
4963,1748,OP,OP2,Hikari
4964,1748,ED,ED1,Eden
4965,1748,ED,ED2,With You/With Me
4507,1749,OP,OP1,V.I.P
4508,1749,OP,OP2,Matataku Hoshi no Shita de
4509,1749,ED,ED1,Yubi Bouenkyou
4510,1749,ED,ED2,The Bravery
10024,1750,OP,OP1,Gomakashi
10025,1750,ED,ED1,Alicia
10026,1750,ED,ED2,Nigredo
5488,1751,OP,OP1,Kimi no Matsu Sekai
5489,1751,OP,OP2,Ai no Scenario
5490,1751,ED,ED1,WHITE of CRIME
5491,1751,ED,ED2,Koi no Jumyou
847,1752,OP,OP1,Yuzurenai Negai
848,1752,ED,ED1,Asu e no Yuuki
849,1753,OP,OP1,Kirai ni Narenai
850,1753,OP,OP2,Hikari to Kage wo Dakishimeta Mama
851,1753,ED,ED1,Lullaby ~Yasashiku Dakasete~
852,1753,ED,ED2,Itsuka Kagayaku
6673,1754,OP,OP1,Magic Kyun! No.1☆
6674,1754,ED,ED1,Please kiss my heart
1319,1755,OP,OP1,Kyou no Hana
1320,1755,ED,ED1,Hana Uta no Hallelujah!
5236,1756,OP,OP1,Kanon 100%
5237,1756,ED,ED1,Kimi Iro Love Song
115,1757,OP,OP1,Tatakae! Gakeen
2239,1758,OP,OP1,Daiji
2240,1758,ED,ED1,Boku no SPEED de
1460,1759,OP,OP1,Soreiyu - Soleil
1461,1759,ED,ED1,Triomatic Ran!Ran!
1288,1760,OP,OP1,Kaerimichi - On the Way Home
1289,1760,ED,ED1,Mahoro de MAMBO
3310,1761,OP,OP1,Tadaima no Kaze
3311,1761,ED,ED1,[Ma] no Tsuku Bugi!
1708,1762,OP,OP1,Soreiyu - Soleil
1709,1762,ED,ED1,Hiryu Musume Ha! Date Ondo
853,1763,OP,OP1,Fushigi no Kuni no Sweet Mint
854,1763,ED,ED1,Mint no Yume Ryokou
334,1764,OP,OP1,"Love, Love, Minky Momo"
335,1764,ED,ED1,Minky Suteki Doriminpa
855,1765,OP,OP1,Yume Miru Heart
856,1765,OP,OP2,Yume wo Dakishimete
857,1765,ED,ED1,Daba Daba Fallin' Love
858,1765,ED,ED2,Suki yori Daisuki Minky Smile!
3073,1766,OP,OP1,Happy ☆ Material Return
1372,1767,OP,OP1,Twinkle Trick
1373,1767,ED,ED1,Love&Pain
5908,1768,OP,OP1,Senkou no Prisoner
5909,1768,ED,ED1,Born to be
2010,1769,OP,OP1,ARS~Main Theme~
2011,1769,ED,ED1,DuDiDuWa*lalala
6675,1770,OP,OP1,Sakebe
6676,1770,ED,ED1,DREAMCATCHER
1859,1771,OP,OP1,Innocent Starter
1860,1771,ED,ED1,Little Wish ~lyrical step~
2088,1772,OP,OP1,ETERNAL BLAZE
2089,1772,ED,ED1,Spiritual Garden
8041,1773,ED,ED1,NEVER SURRENDER
7566,1774,ED,ED1,Destiny's Prelude
2808,1775,OP,OP1,SECRET AMBITION
2809,1775,OP,OP2,MASSIVE WONDERS
2810,1775,ED,ED1,Hoshizora no Spica
2811,1775,ED,ED2,Beautiful Amulet
3933,1776,ED,ED1,My wish My love
3934,1776,ED,ED2,PHANTOM MINDS
4636,1777,ED,ED1,Hohoemi no Plumag
4637,1777,ED,ED2,BRIGHT STREAM
6368,1778,OP,OP1,Angel Blossom
6369,1778,ED,ED1,Pleasure treasure
6842,1779,OP,OP1,We are Naria☆Girls
6843,1779,ED,ED1,Mezase! Kokumin-teki Chara
4397,1780,OP,OP1,Connect
4398,1780,ED,ED1,Mata Ashita
4399,1780,ED,ED2,Magia
4400,1780,ED,ED3,and I'm home
4511,1781,OP,OP1,Luminous
4512,1781,ED,ED1,Magia [quattro]
4513,1782,OP,OP1,Luminous
4514,1782,ED,ED1,Hikari Furu
4966,1783,OP,OP1,Colorful
4967,1783,ED,ED1,Kimi no Gin no Niwa
7146,1784,OP,OP1,Yumeiro Doridori Parade♫
6677,1785,OP,OP1,Kimiiro ni Somaru ~Earth Star Dream ver.~
8460,1786,OP,OP1,NOISY LOVE POWER☆
8461,1786,ED,ED1,Glass no Ginga
8462,1786,ED,ED2,Bucchake Shoujo Janai
859,1787,OP,OP1,Chanto Yume wo Mimasho!
860,1787,ED,ED1,Baka
861,1787,ED,ED2,Ai no Makeikusa
862,1787,ED,ED3,Mahou no Tobira
863,1788,OP,OP1,Yume Mireba Yume mo Yume Janai
864,1788,ED,ED1,Persona
865,1788,ED,ED2,Choushi ni Notte Orimashita
8463,1789,OP,OP1,Changing point
8464,1789,OP,OP2,Changing point
8465,1789,ED,ED1,Zenzen Tomodachi
8466,1789,ED,ED2,...Watashi dake Mitete♡
5816,1790,OP,OP1,All Over
9326,1791,OP,OP1,KODO
9327,1791,ED,ED1,REBEL FLAG
7567,1792,OP,OP1,Trip Trip Trip
7568,1792,OP,OP2,Ryuusei Dance Floor
7569,1792,ED,ED1,Round&Round&Round
7570,1792,ED,ED2,Magical Circle
5817,1793,OP,OP1,Rising Hope
5818,1793,OP,OP2,grilletto
5819,1793,ED,ED1,Millenario
5820,1793,ED,ED2,Mirror
9494,1794,OP,OP1,Howling
9495,1794,ED,ED1,Namonai Hana
7357,1795,OP,OP1,Here
7358,1795,OP,OP2,You
7359,1795,ED,ED1,Wa -cycle-
7360,1795,ED,ED2,Tsuki no mou Hanbun
7361,1795,ED,ED3,The Legend of 'The Ancient Magus Bride'
7147,1796,OP,OP1,Dokkin♢Mahoutsukai Precure!
7148,1796,OP,OP2,Dokkin♢Mahoutsukai Precure! Part 2
7149,1796,ED,ED1,CURE UP↑RA♡PA☆PA ~Hohoemi ni Naru Mahou~
7150,1796,ED,ED2,Mahou Ala Domo!
7151,1796,ED,ED3,Tadashii Mahou no Tsukaikata
6678,1797,OP,OP1,Dokkin♢Mahoutsukai Precure! Part 2
6679,1797,ED,ED1,Tadashii Mahou no Tsukaikata
17,1798,OP,OP1,Mahoutsukai Sally no Uta
18,1798,ED,ED1,Mahou no Mambo
19,1798,ED,ED2,Itazura no Uta
866,1799,OP,OP1,Senobi wo Shite Follow You
867,1799,ED,ED1,Mata Ashita
1861,1800,OP,OP1,Shining Days
2090,1801,OP,OP1,Dream Wing
2091,1801,OP,OP2,Crystal Energy
2092,1801,ED,ED1,Otome wa DO MY BEST deshou?
3218,1802,ED,ED1,Finality Blue
3219,1802,ED,ED2,Heart All Green
3220,1802,ED,ED3,Koko ni Atta ne
2328,1803,ED,ED4,Otome wa DO MY BEST desho? 2007 ver.
9772,1804,OP,OP1,
9773,1804,ED,ED1,
8842,1805,OP,OP1,Magical Babyrinth
8843,1805,ED,ED1,Devi-kyuu
8844,1805,ED,ED2,Akuma Gakkou Babyls Kouka
336,1806,OP,OP1,Kanashimi yo Konnichiwa
337,1806,OP,OP2,Alone Again (Naturally)
338,1806,OP,OP3,Suki sa
339,1806,OP,OP4,Sunny Shining Morning
340,1806,OP,OP5,Hidamari
341,1806,ED,ED1,Ashita Hareru ka
342,1806,ED,ED2,Ci · ne · ma
343,1806,ED,ED3,Get Down
344,1806,ED,ED4,Fantasy
345,1806,ED,ED5,Sayonara no Sobyou
346,1806,ED,ED6,Begin the Night
9588,1807,OP,OP1,Seikai Fuseikai
9589,1807,OP,OP2,Seikai Fuseikai feat. Anos Voldigoad
9590,1807,ED,ED1,Hamidashimono
4012,1808,OP,OP1,U-n-d-e-r--STANDING!
4013,1808,ED,ED1,Kimi no Shinken wo Choudai
5629,1809,OP,OP1,"Seiippai, Tsutaetai!"
5630,1809,ED,ED1,Futari no Chronostasis
5631,1809,ED,ED2,FHK Fushigi Hakken no Uta (Piano ver.)
2647,1810,OP,OP1,Dirty
2648,1810,ED,ED1,Kodoku no Hikari
347,1811,OP,OP1,Morning Date
348,1811,ED,ED1,Majo demo Steady
9496,1812,OP,OP1,Literature
9497,1812,ED,ED1,Hai-iro no Saga
8467,1813,OP,OP1,Koete Ike
8468,1813,OP,OP2,Dream Catcher
8469,1813,ED,ED1,Pride
8470,1813,ED,ED2,SAIREN
9870,1814,OP,OP1,Answer
9871,1814,OP,OP2,Shirai Doro
9872,1814,ED,ED1,One
9873,1814,ED,ED2,IDENTITY
1862,1815,OP,OP1,Kokoro e
1863,1815,ED,ED1,Step
1864,1815,ED,ED2,Faraway
1865,1815,ED,ED3,Kokoro e
2583,1816,OP,OP1,Saraba Aoki Omakage
2584,1816,ED,ED1,Wonderland
2585,1816,ED,ED2,Shoboi Kao Sunna yo Beibee
3221,1817,OP,OP1,Rise
3222,1817,ED,ED1,One Day
3223,1817,ED,ED2,Ame Nochi Niji Iro
3224,1817,ED,ED3,Rise
3556,1818,OP,OP1,Hey! Hey! Alright
3557,1818,ED,ED1,Stay With Me
3558,1818,ED,ED2,Jibun Color
3559,1818,ED,ED3,Kokoro E
3844,1819,OP,OP1,Kokoro e
3845,1819,ED,ED1,Twilight Star
3846,1819,ED,ED2,Zutto Mae Kara
3847,1819,ED,ED3,Kokoro e
868,1820,OP,OP1,Ai Just on my Love
10027,1821,OP,OP1,Calling U
10028,1821,ED,ED1,Yosoku Funou Days
9774,1822,OP,OP1,LIGHT of JUSTICE
9775,1822,ED,ED1,Marionette Coup d'etat
869,1823,OP,OP1,Sondemotte Kiss
870,1823,OP,OP2,Marui Taiyou
871,1823,ED,ED1,"Love, Yes I Do"
5111,1824,OP,OP1,Believe My Dice
5112,1824,ED,ED1,a shadow's love song
2490,1825,OP,OP1,Aishitageru
2491,1825,ED,ED1,Kusari
4014,1826,OP,OP1,Fly Away
4015,1826,ED,ED1,Baby! Baby!
4016,1826,ED,ED2,Baby! Baby!
4017,1826,ED,ED3,Baby! Baby!
4018,1826,ED,ED4,Baby! Baby!
4019,1826,ED,ED5,Baby! Baby!
4020,1826,ED,ED6,Baby! Baby!
4021,1826,ED,ED7,Baby! Baby!
4022,1826,ED,ED8,Baby! Baby!
4023,1826,ED,ED9,Baby! Baby!
4024,1826,ED,ED10,Baby! Baby!
4025,1826,ED,ED11,Baby! Baby!
4843,1827,OP,OP1,Fly Away
4844,1827,ED,ED1,Baby! Baby!
5910,1828,OP,OP1,Cherish
5911,1828,ED,ED1,Reach for Light
349,1829,OP,OP1,Yume no Karyuudo
872,1830,OP,OP1,Ai wo + One
873,1830,ED,ED1,Kono Ai wo Mirai e
8643,1831,ED,ED1,MIKE
2329,1832,OP,OP1,MA・MO・RU!
2330,1832,ED,ED1,Venus Dream
874,1833,OP,OP1,Saa!
875,1833,ED,ED1,I Just Feel so Love Again ~soba ni iru dake de~
8042,1834,OP,OP1,Mawaseba Wakaru! FGO
5821,1835,OP,OP1,Junsui na Fujunbutsu
5822,1835,ED,ED1,Spica.
5823,1835,ED,ED2,Owarinaki Pantsu
4130,1836,OP,OP1,Unmei
4131,1836,ED,ED1,Futatsu no Ashiato
1531,1837,OP,OP1,Release your mind
1532,1837,ED,ED1,heal
9012,1838,OP,OP1,TEMPEST
9013,1838,ED,ED1,NEW
9498,1839,OP,OP1,Kaimin! Anmin! Suya Rhyst Seikatsu
9499,1839,ED,ED1,Gimmme!
5359,1840,OP,OP1,Mukai Kaze
5360,1840,ED,ED1,Unknown Vision
350,1841,OP,OP1,Maple Town Monogatari
351,1841,ED,ED1,Patty no Nichiyoubi
8644,1842,OP,OP1,Watashi no Tame no Monogatari ~My Uncompleted Story~
8645,1842,ED,ED1,sleepland
3560,1843,OP,OP1,HANAJI
3561,1843,ED,ED1,"Kimi ni, Mune Kyun"
4265,1844,OP,OP1,Mousou Senshi Miyamae Kanako
4266,1844,OP,OP2,Run Run Riru Ran Ran Rara
4267,1844,OP,OP3,Run Run Riru Ran Ran Rara Matsurika Version
4268,1844,ED,ED1,Dounimo Tomaranai
4269,1844,ED,ED2,Donmai Donmai!
2055,1845,OP,OP1,pastel pure
2056,1845,ED,ED1,Sonata Blue
2331,1846,OP,OP1,Pastel Pure: Tranquilite
2332,1846,ED,ED1,Chercher
2333,1846,ED,ED2,Kirei na Senritsu
3562,1847,OP,OP1,Chizu Sanpo
3563,1847,ED,ED1,Kumori Garasu no Muko
1939,1848,OP,OP1,Pastel Pure
1940,1848,ED,ED1,Sonata Blue
7040,1849,OP,OP1,Mikazuki Resize
7876,1850,OP,OP1,Wagamama MIRROR HEART
7877,1850,ED,ED1,Elemental World
7878,1850,ED,ED1-ATX,Manazashi Silent
352,1851,OP,OP1,Step
353,1851,ED,ED1,Achiachi Adventure
4026,1852,OP,OP1,Authentic symphony
4027,1852,ED,ED1,Suisai Candy
6844,1853,OP,OP1,miele paradiso
6845,1853,ED,ED1,Chi
876,1854,OP,OP1,Opening Theme
877,1854,ED,ED1,eternal wind
878,1854,ED,ED2,A Sigh
879,1855,OP,OP1,Opening Theme
880,1855,ED,ED1,A Sigh
881,1855,ED,ED2,From Beginning
1740,1856,OP,OP1,Rakuen no Tobira
1741,1856,ED,ED1,Believe in Heaven
4132,1857,OP,OP1,Nornir
4133,1857,OP,OP2,Shounen yo Ware ni Kaere
4134,1857,ED,ED1,DEAR FUTURE
4135,1857,ED,ED2,DEAR FUTURE feat. Yui Horie
4136,1857,ED,ED3,Haiiro no Suiyoubi
4137,1857,ED,ED4,Bad News Kuroi Yokan
4138,1857,ED,ED5,Ikarechimattaze!!
4139,1857,ED,ED6,HIDE and SEEK
4140,1857,ED,ED7,Private Girl
4141,1857,ED,ED8,Tamashii Kogashite
4142,1857,ED,ED9,Asa no Kageri no Naka de
4143,1857,ED,ED10,HEROES ~Eiyuutachi
4144,1858,OP,OP1,Be Starters!
4145,1858,ED,ED1,Kimi ni Gohoushi
3848,1859,OP,OP1,Happy New Nyaa
3849,1859,OP,OP2,GO! Grand Braver!
3850,1859,ED,ED1,ItchaLove Come Home!
3851,1859,ED,ED2,Mayoi Neko Doukoukai no Uta
3852,1859,ED,ED3,Kanadete Hoshi Uta
3853,1859,ED,ED4,Bloomer no Uta
7041,1860,OP,OP1,Gensou Drive
7042,1860,ED,ED1,Ketsuro
9168,1861,OP,OP1,dis-communicate
9169,1861,ED,ED1,Yakusoku no Overture
116,1862,OP,OP1,Mazinger Z
117,1862,ED,ED1,Bokura no Mazinger Z
3625,1863,OP,OP1,The Eternal Soldiers
3626,1863,ED,ED1,Juggernaut
4728,1864,OP,OP1,HAPPY CRAZY BOX
4729,1864,ED,ED1,Ohanabatake ni Tsuretette
4515,1865,OP,OP1,BELIEVE
4516,1865,OP,OP2,Want to be winner!
4517,1865,ED,ED1,Shugoshin PARADOX
1208,1866,OP,OP1,Super Guys!
1209,1866,ED,ED1,Toshishita no Boku
8471,1867,OP,OP1,Bite
8472,1867,ED,ED1,Kakatte koi yo
882,1868,OP,OP1,GET MY WAY
883,1868,ED,ED1,DREAMING HEART
9328,1869,OP,OP1,Tsuki Akari no Rhapsodia
9329,1869,ED,ED1,Hoshikuzu no Yomibito
9330,1869,ED,ED2,Mellow na Yoru ni Odorimashou
9331,1869,ED,ED3,Yoiya Yoiya
9332,1869,ED,ED4,Hoshikuzu no Yomibito
9333,1869,ED,ED5,Hoshikuzu no Yomibito
354,1870,OP,OP1,Sora kara Kobareta Story
355,1870,ED,ED1,Thames-Kawa no Dance
5824,1871,OP,OP1,daze
5825,1871,OP,OP2,Headphone Actor
5826,1871,OP,OP3,Ayano no Koufuku Riron
5827,1871,ED,ED1,days
5828,1871,ED,ED2,Yuukei Yesterday
5829,1871,ED,ED3,Lost Time Memory
5830,1871,ED,ED4,Summertime Record
2586,1872,OP,OP1,Film Makers
2587,1872,ED,ED1,Romancing Story
8043,1873,OP,OP1,Origin
8044,1873,ED,ED1,Bottleship
1675,1874,OP,OP1,Like an angel
1676,1874,ED,ED1,Mizutamari
9874,1875,OP,OP1,Mirai Kuru Kuru Yume Kururu
9875,1875,ED,ED1,Tokimeki Collector
1245,1876,OP,OP1,Seeds
1246,1876,ED,ED1,Kiseki no Shiro
8646,1877,ED,ED1,Micchiri Neko March 2
3003,1878,OP,OP1,Paraiso
3004,1878,ED,ED1,Best Friend
3005,1878,ED,ED2,Nada pode me parar agora
9170,1879,OP,OP1,WONDERFUL WONDER
9171,1879,ED,ED1,Koi wa Miracle
2012,1880,OP,OP1,Sentimental
2013,1880,ED,ED1,Mousukoshi... Mousukoshi
8647,1881,OP,OP1,Fushigi na Tabi wa Tsuzuku no sa
8648,1881,ED,ED1,Rosetta Stone
6370,1882,OP,OP1,Houkago Kakumei
6371,1882,ED,ED1,Houkago Stride
6372,1882,ED,ED2,Rakuen Fanfare
6373,1882,ED,ED3,Sekirara Candy
6374,1882,ED,ED4,Esoragoto Spiral
5912,1883,OP,OP1,Tomadoi→Recipe
5913,1883,ED,ED1,Masshiro World
5914,1883,ED,ED2,16-sai tte iu no wa Tokubetsu na Kanji da
6503,1884,ED,ED1,Militarism! M870 ver.
6504,1884,ED,ED2,Militarism! M700 ver.
6505,1884,ED,ED3,Militarism! Microgun ver.
884,1885,ED,ED1,Dakishimete Destiny
6226,1886,OP,OP1,Dreamin'×Dreamin'!!
6227,1886,OP,OP2,Saibou Prominence
7879,1887,OP,OP1,Jitensha ni Hana wa Mau
7880,1887,ED,ED1,Niji Yume Road
2649,1888,OP,OP1,Keikenchi Joushouchuu☆
2650,1888,ED,ED1,Colorful DAYS
3464,1889,OP,OP1,Shunka Shuutou Festival
3465,1889,ED,ED1,Arigatou Sankyu
5113,1890,ED,ED1,San Shimai DAYS ~Takaramono~
3564,1891,OP,OP1,Keikenchi Soku Joujou↑↑
3565,1891,ED,ED1,Zettai Colorful Sengen
3225,1892,OP,OP1,Kokoro no Tsubasa
3226,1892,ED,ED1,Sono Koe ga Kiki Takute
4518,1893,OP,OP1,Shunka Shuutou Festival ♪
4519,1893,ED,ED1,Arigatou Thank You
5361,1894,OP,OP1,Shiawase☆High Tension↑↑
5362,1894,ED,ED1,Kyuusekkin Lucky DAYS
5363,1894,ED,ED2,Christmas no Uta
9334,1895,OP,OP1,Kono Bangumi wa Ura Wakaki Koumuin-tachi no Teikyou de Ookuri Itashimasu
4845,1896,OP,OP1,Minna de Happy
4846,1896,ED,ED1,Kimi no Boku e no Kakushigoto
356,1897,OP,OP1,Midnight Submarine
357,1897,ED,ED1,Dream City Neo Tokyo
4028,1898,OP,OP1,Kuusou Mesorogiwi
4029,1898,OP,OP2,Dead END
4030,1898,ED,ED1,Blood Teller
4031,1898,ED,ED2,filament
5238,1899,OP,OP1,Kyouki Chinden
5239,1899,ED,ED1,Happy End
118,1900,OP,OP1,Daltanias no Uta
119,1901,OP,OP1,Ima Chikyu ga Mezameru
120,1901,ED,ED1,Shiawase no Yokan
9172,1902,ED,ED1,True Days
9173,1902,ED,ED2,True Days
9174,1902,ED,ED3,True Days
9175,1902,ED,ED4,True Days
4968,1903,ED,ED1,Poker Face
6228,1904,OP,OP1,Black or White?
6229,1904,ED,ED1,Step by Step!
6077,1905,OP,OP1,Black or White?
6078,1905,OP,OP2,Miss Monochrome Taisou
6079,1905,ED,ED1,Step by Step!
6080,1905,ED,ED2,Kimi to Boku
358,1906,OP,OP1,Renaissance jounetsu
359,1906,ED,ED1,Kokoro no Photograph
8649,1907,OP,OP1,Colors Power ni Omakasero!
8650,1907,ED,ED1,Miracle Colors☆Honjitsu mo Ijou Nashi!
3746,1908,OP,OP1,Mittsu Kazoete Daishuugou!
3747,1908,ED,ED1,Yume-iro no Koi
3748,1908,ED,ED2,Yume-iro no Koi (Hikigatari)
4401,1909,OP,OP1,Honki Sentai Gachi Ranger
4402,1909,OP,OP2,Waga Na wa Shougakusei
4403,1909,ED,ED1,Mata Ashita
4404,1909,ED,ED2,Land Selling☆
4405,1909,ED,ED3,NEARER MY GOD TO THEE ~Mittsuko edition~
9176,1910,OP,OP1,Equal
9177,1910,OP,OP2,VS
9178,1910,ED,ED1,Kimi ni Todoku made
9179,1910,ED,ED2,Kimi ni Tsutaeta Story
5240,1911,OP,OP1,KACHIGUMI
5241,1911,ED,ED1,MAKEGUMI
1742,1912,OP,OP1,Sora no Tsuzuki
1743,1912,ED,ED1,Yasashisa no Hajimaru Basho
3627,1913,OP,OP1,Help!! -Hell side-
3628,1913,OP,OP2,Help!! -Heaven side-
3629,1913,ED,ED1,More-more LOVERS!!
3630,1913,ED,ED2,"Happy Birthday, my holy day"
3227,1914,OP,OP1,ALSATIA
3228,1914,ED,ED1,CAUSE DISARRAY
8219,1915,OP,OP1,Zui Meng Qianchen
8220,1915,ED,ED1,Wen Qin
8221,1915,ED,ED2,Bu Xian
9014,1916,OP,OP1,Zui Meng Qian Chen
9015,1916,ED,ED1,Shao Nian Ru Gu
6846,1917,OP,OP1,99
6847,1917,ED,ED1,Refrain Boy
6848,1917,ED,ED2,Refrain Boy -English ver.-
6849,1917,ED,ED3,Refrain Boy -TEKINA remix-
9335,1918,OP,OP1,99.9
9336,1918,ED,ED1,Gray
9337,1918,ED,ED2,Memosepia
9338,1918,ED,ED3,Mabuta no Ura
9339,1918,ED,ED4,Ikeru Hitobito
885,1919,OP,OP1,Flying In The Sky
886,1919,OP,OP2,Trust You Forever
887,1919,ED,ED1,Umi Yori Mo Fukaku
888,1919,ED,ED2,Kimi No Naka No Eien
360,1920,OP,OP1,Sono Mama no Kimi de Ite
361,1920,OP,OP2,Condition Green ~Kikyuuhasshin~
362,1920,ED,ED1,Midnight Blue
363,1920,ED,ED2,Paradise no Kakuritsu
889,1921,OP,OP1,Theme of PATLABOR 2
364,1922,OP,OP1,Mirai wa Lovers
121,1923,OP,OP1,Tobe! Gundam (Fly! Gundam)
122,1923,ED,ED1,Eien Ni Amuro (Forever Amuro)
2651,1924,OP,OP1,DAYBREAK'S BELL
2652,1924,OP,OP2,Ash Like Snow
2653,1924,ED,ED1,Wana
2654,1924,ED,ED2,Friends
3006,1925,OP,OP1,Hakanaku mo Towa no Kanashi
3007,1925,OP,OP2,Namida no Mukou
3008,1925,ED,ED1,Prototype
3009,1925,ED,ED2,TOMORROW
3010,1925,ED,ED3,trust you
365,1926,OP,OP1,Itsuka Sora ni Todoite
366,1926,ED,ED1,Tooi Kioku
890,1927,OP,OP1,THE WINNER
891,1927,OP,OP2,MEN OF DESTINY
892,1927,ED,ED1,MAGIC
893,1927,ED,ED2,Evergreen
4032,1928,OP,OP1,Asu e
4033,1928,OP,OP2,sharp #
4034,1928,OP,OP3,REAL
4035,1928,OP,OP4,AURORA
4036,1928,ED,ED1,Kimi no Naka no Eiyuu
4037,1928,ED,ED2,My World
4038,1928,ED,ED3,WHITE justice
4039,1928,ED,ED4,Forget-me-not ~Wasurenagusa~
367,1929,ED,ED1,Suna no Juujika
368,1930,ED,ED1,Ai Senshi
369,1931,ED,ED1,Meguriai
370,1932,ED,ED1,BEYOND THE TIME ~Moebius no Sora wo Koete~
6081,1933,OP,OP1,Raise your flag
6082,1933,OP,OP2,Survivor
6083,1933,ED,ED1,Orphans no Namida
6084,1933,ED,ED2,STEEL -Tekketsu no Kizuna
6085,1933,ED,ED3,Senka no Tomoshibi
6680,1934,OP,OP1,RAGE OF DUST
6681,1934,OP,OP2,Fighter
6682,1934,ED,ED1,Shounen no Hate
6683,1934,ED,ED2,Freesia
1941,1935,OP,OP1,Sora no Tamoto
2492,1936,OP,OP1,Yume Wadachi
3011,1937,ED,ED1,Mr. Lonely Heart
3012,1937,ED,ED2,Places in the Heart
3013,1937,ED,ED3,NO LIMITS ∞
5632,1938,ED,ED1,Gundam-san Ondo
1462,1939,OP,OP1,INVOKE
1463,1939,OP,OP2,moment
1464,1939,OP,OP3,Believe
1465,1939,OP,OP4,Realize
1466,1939,ED,ED1,Anna ni Isshodattanoni
1467,1939,ED,ED2,River
1468,1939,ED,ED3,FIND THE WAY
1469,1939,OP,OP1-HD,INVOKE
1470,1939,OP,OP2-HD,moment
1471,1939,OP,OP3-HD,Believe
1472,1939,OP,OP4-HD,Realize
1473,1939,ED,ED1-HD,Anna ni Isshodattanoni 〜ReTracks
1474,1939,ED,ED2-HD,Distance
1475,1939,ED,ED3-HD,FIND THE WAY
1866,1940,OP,OP1,ignited
1867,1940,OP,OP2,PRIDE
1868,1940,OP,OP3,Bokutachi no Yukue
1869,1940,OP,OP4,Wings of Words
1870,1940,ED,ED1,Reason
1871,1940,ED,ED2,Life Goes On
1872,1940,ED,ED3,I Wanna Go To A Place...
1873,1940,ED,ED4,Kimi wa Boku ni Niteiru
1874,1940,OP,OP1-HD,ignited
1875,1940,OP,OP2-HD,PRIDE
1876,1940,OP,OP3-HD,Bokutachi no Yukue
1877,1940,OP,OP4-HD,vestige
1878,1940,ED,ED1-HD,Reason
1879,1940,ED,ED2-HD,Life Goes On 〜ReMix2013
1880,1940,ED,ED3-HD,I Wanna Go To A Place...
1881,1940,ED,ED4-HD,Kimi wa Boku ni Niteiru 〜ReMix2013
894,1941,OP,OP1,Arashi no Naka de Kagayaite
895,1941,ED,ED1,Ten Years After
896,1941,ED,ED2,Mirai no Futari ni
9180,1942,OP,OP1,Sora no Uta ~Higher and Higher~
9181,1942,OP,OP2,Hisoubi
9182,1942,OP,OP3,BEYOND THE TIME (Mobius no Sora wo Koete)
9183,1942,ED,ED1,Meguriai
9184,1942,ED,ED2,Mizu no Hoshi e Ai wo Komete
9185,1942,ED,ED3,A Red Ray
9186,1942,ED,ED4,Hikari no Hate
6086,1943,ED,ED1,Shiroi Heya ~White Day in the Blue~
6087,1943,ED,ED2,Onnanoko ni Modoru Toki
6088,1943,ED,ED3,Anata no o Aite
6089,1943,ED,ED4,Thunderbolt ・ Main Theme
7881,1944,ED,ED1,Acrobatic Fight-1
7882,1944,ED,ED2,Hone Kudakarete Mo
7883,1944,ED,ED3,Kushimotobushi
7884,1944,ED,ED4,Iroaku
3935,1945,ED,ED1,Ryuusei no Namida
3936,1945,ED,ED2,Everlasting
3937,1945,ED,ED3,merry-go-round
3938,1945,ED,ED4,B-Bird
3939,1945,ED,ED5,BROKEN MIRROR
3940,1945,ED,ED6,RE:I AM
3941,1945,ED,ED7,StarRingChild
7043,1946,OP,OP1,Into the Sky
7044,1946,OP,OP2,RE:I AM
7045,1946,ED,ED1,Next 2 U-eUC-
7046,1946,ED,ED2,merry-go-round
7047,1946,ED,ED3,bL∞dy f8 -eUC-
7048,1946,ED,ED4,StarRingChild
897,1947,OP,OP1,Just Communication
898,1947,OP,OP2,Rhythm Emotion
899,1947,ED,ED1,It's Just Love!
900,1948,ED,ED1,White Reflection
371,1949,OP,OP1,Anime Ja Nai - Yume wo Wasureta Furui Chikyujin yo
372,1949,OP,OP2,Silent Voice
373,1949,ED,ED1,Jidai ga Naiteiru
374,1949,ED,ED2,Issenman-Nen Ginga
901,1950,OP,OP1,STAND UP TO THE VICTORY ~To the Victory~
902,1950,OP,OP2,Don't Stop! Carry On!
903,1950,ED,ED1,WINNERS FOREVER -Shorisha yo-
904,1950,ED,ED2,Moichido Tenderness
375,1951,OP,OP1,Zeta - Toki wo Koete
376,1951,OP,OP2,Mizu no Hoshi e Ai wo Komete
377,1951,ED,ED1,Hoshizora no Believe
2707,1952,OP,OP1,Mahou Shoujo Magical-tan!
2708,1952,ED,ED1,Skip!
2655,1953,OP,OP1,TOUGH GIRL
2656,1953,ED,ED1,Skip!
2657,1954,OP,OP1,Kokoro no Ato
2658,1954,ED,ED1,Panorama
5633,1955,OP,OP1,Momoiro Fantasy
5634,1955,ED,ED1,Momo Kyun Sword
5635,1955,ED,ED2,Ready Go!! Zettai Muteki no Tennyo Tai
7152,1956,ED,ED1,Yawarakakutte Yasashii Jikan
7153,1956,OP,OP1-TV,Daisuki dayo Daisuki dayo Umaretekite Arigatou
7154,1956,ED,ED1-TV,ETERNAL Explorer
5364,1957,OP,OP1,Black † White
5365,1957,ED,ED1,To Be Continued?
5366,1957,ED,ED2,Boku-tachi no Seiza
1942,1958,OP,OP1,I Get Lost in Your Eyes
1943,1958,ED,ED1,Last Dance wa Watashi ni
8845,1959,OP,OP1,Happy Cocotama Dance!
8846,1959,ED,ED1,Happy Cocotama Dance!
5114,1960,OP,OP1,chocolate insomnia
5115,1960,OP,OP2,happy bite
5116,1960,OP,OP3,Mousou♡Express
5117,1960,OP,OP4,Kogarashi Sentiment
5118,1960,ED,ED1,Ai wo Utae
5119,1960,ED,ED3,Sono Koe wo Oboeteru
5120,1960,ED,ED4,snowdrop
5121,1960,OP,OP1-BD,chocolate insomnia
5122,1960,OP,OP2-BD,happy bite
5123,1960,OP,OP3-BD,Mousou♡Express
5124,1960,OP,OP4-BD,white lies
5125,1960,OP,OP5-BD,fast love
5126,1960,OP,OP6-BD,Kogarashi Sentiment
5127,1960,ED,ED1-BD,Ai wo Utae
5128,1960,ED,ED2-BD,Sono Koe wo Oboeteru
5129,1960,ED,ED3-BD,snowdrop
2709,1961,OP,OP1,Kagen no Tsuki
2710,1961,ED,ED1,Natsu no Hana
905,1962,ED,ED1,Mononoke Hime
906,1962,ED,ED1-EN,Princess Mononoke Theme Song (Mononoke Hime)
2014,1963,OP,OP1,GRAIN
2015,1963,ED,ED1,for the love of life
2016,1963,ED,ED2,Make it Home
1223,1964,OP,OP2,Flush
6684,1965,OP,OP1,Panorama
10615,1965,OP,OP2,Bokura Kyou mo Ikiteiru
6230,1966,OP,OP1,Saikousoku Fall in Love
6231,1966,ED,ED1,Hey! Smith!!
9591,1967,OP,OP1,Campanella Hibiku Sora de
9592,1967,ED,ED1,Yasashisa no Namae
6090,1968,ED,ED1,We Will Rock You
6091,1968,ED,ED2,Anata no Shishi Shinsai
6092,1968,ED,ED3,Strike
6093,1968,ED,ED4,Knock On Doors In You
6094,1968,ED,ED5,Mad T.Party (1865-2016)
11951,1968,ED,ED6,Drop
8222,1969,ED,ED1,Monster Strike Main Theme Animation Ver.
8223,1969,ED,ED2,WHAT YOU WANT
8224,1969,ED,ED3,Solomon Main Theme
8225,1969,ED,ED4,Born Free
8226,1969,ED,ED5,Hero
8227,1969,ED,ED6,Departure
8228,1969,ED,ED7,BRAVE OUT
8229,1969,ED,ED8,Kimi Sora
4270,1970,OP,OP1,Yume Note
4271,1970,ED,ED1,Daisuki da yo
1413,1971,OP,OP1,Ojamajo de BANBAN
10510,1971,ED,ED1,Takaramono
3631,1972,OP,OP1,Loop-the-Loop
3632,1972,ED,ED1,Baby Baby Love
4847,1973,OP,OP1,Mouretsu Uchuu Koukyoukyoku: Daishichi Gakushou 'Mugen no Ai'
4848,1973,ED,ED1,LOST CHILD
3014,1974,OP,OP1,Lost in Blue
1776,1975,OP,OP1,Mouse Chu Mouse
1777,1975,ED,ED1,IntelliMOUSE -Optical Mix-
2057,1976,OP,OP1,Yume no Shima Shinen Kouen/Dream Island Obsessional Park
2058,1976,ED,ED1,Shiroi Oka - Maromi no Theme
2659,1977,OP,OP1,Curriculum
2660,1977,ED,ED1,Rocket
4638,1978,OP,OP1,Wake Up
4639,1978,ED,ED1,Saikin
8847,1979,OP,OP1,SURVIVE OF VISION
8848,1979,OP,OP1-TV,Mugen no Juunin Butou-hen
907,1980,OP,OP1,dis-
908,1980,ED,ED1,Yume wo Sugitemo
909,1980,OP,OP1-Sound,dis-2006
910,1980,ED,ED1-SoundRenewal,Yume wo Sugitemo
911,1980,ED,ED2-Sound,dis-(Terra MIX)
9016,1981,OP,OP1,POSSIBLE
8230,1982,OP,OP1,Gifted
8231,1982,ED,ED1,Hotohashiru
9593,1983,OP,OP1,Inochi no Akashi
9594,1983,ED,ED1,Proud Days
912,1984,OP,OP1,Totteoki no Kimochi
913,1984,ED,ED1,Kiteera Miteera
9500,1985,OP,OP1,Broken Sky
9501,1985,ED,ED1,Bakemono to Yobarete
2866,1986,OP,OP1,Hikari Sasuhou
2867,1986,ED,ED1,Naked Flower
10029,1987,OP,OP1,Gakuen Soukan Zoo
10030,1987,ED,ED1,Ookami Blues
7155,1988,OP,OP1,Naked Dive
7156,1988,ED,ED1,Junshin Always
7571,1989,ED,ED1,Smile♡Invitation
914,1990,OP,OP1,Just Think Of Tomorrow
915,1990,ED,ED1,Downtown Dance
5242,1991,OP,OP1,Tomo yo
5243,1991,OP,OP2,Denshin∞ Unchained
5244,1991,ED,ED1,Ichizu
5245,1991,ED,ED2,Through All Eternity ~ en no kizuna ~
10031,1992,OP,OP1,Be ZERO
10032,1992,ED,ED1,Okubyou na Ookami 2019
2093,1993,OP,OP1,The Sore Feet Song
5831,1994,OP,OP1,Shiver
9776,1995,OP,OP1,Tabibito no Uta
9777,1995,ED,ED1,Only
10641,1995,OP,OP2,Mezame no Uta
123,1996,OP,OP1,Ike! Zambot 3
124,1996,ED,ED1,Uchuu no Hoshi yo Eien ni
2407,1997,OP,OP1,WILD SPICE
2408,1997,ED,ED1,Muteki na smile
125,1998,OP,OP1,Come Here! Daitarn 3
126,1998,ED,ED1,Top de Tango
378,1999,OP,OP1,Tryder G7
4640,2000,OP,OP1,Go to the top
4641,2000,OP,OP2,Doubt the World
4642,2000,ED,ED1,signs ~Sakutsuki Hitoyo~
2661,2001,OP,OP1,Tears Infection
2662,2001,ED,ED1,Kimi to Yozora to Sakamichi to
3152,2002,OP,OP1,Crawl
3153,2002,ED,ED1,HIKARI
3154,2002,ED,ED2,Aru ga Mama
2812,2003,OP,OP1,Days
2813,2003,ED,ED1,Say Cheese!
2814,2003,ED,ED2,Hiyayakko
2815,2003,ED,ED3,Koisuru Tenkizu
6375,2004,OP,OP1,Fure Fure Mirai
6376,2004,ED,ED1,"Arigatou, Daisuki"
4969,2005,OP,OP1,lull ~Soshite Bokura wa~
4970,2005,OP,OP2,ebb and flow
4971,2005,ED,ED1,Aqua Terrarium
4972,2005,ED,ED2,Mitsuba no Musubime
1290,2006,OP,OP1,NAJICA
1291,2006,ED,ED1,BODY & MIND
9017,2007,OP,OP1,not GAME
9018,2007,ED,ED1,Boku wo Mitsukete
9019,2007,ED,ED2,Where you are
9876,2008,ED,ED1,Hana ni Bourei
9877,2008,ED,ED2,Usotsuki
9878,2009,OP,OP1,aranami
9879,2009,ED,ED1,Pride
9880,2009,ED,ED2,Believe In Myself
5246,2010,OP,OP1,Nanatsu no Umi yori Kimi no Umi
5247,2010,ED,ED1,Seaside 99
9187,2011,OP,OP1,Sorauta
9188,2011,ED,ED1,Ruby
2493,2012,OP,OP1,Rose
2494,2012,OP,OP2,Wish
2495,2012,OP,OP3,Lucy
2496,2012,ED,ED1,A Little Pain
2497,2012,ED,ED3,Starless Night
2498,2012,ED,ED4,Kuroi Namida
2499,2012,ED,ED6,Stand By Me
7572,2013,OP,OP1,On My MiND
7573,2013,ED,ED1,○○○○○
1778,2014,OP,OP1,Sunao na Mama
1779,2014,ED,ED1,Taisetsu na Negai
1780,2014,ED,ED2,Magical Happiness: Magical Domiko no Theme
2711,2015,OP,OP1,Shining stars bless☆
2712,2015,ED,ED1,mo.o!
8651,2016,ED,ED1,Psychomachia
5492,2017,OP,OP1,Netsujou no Spectrum
5493,2017,OP,OP2,Seven Deadly Sins
5494,2017,ED,ED1,7 -seven-
5495,2017,ED,ED2,Season
9778,2018,OP,OP1,Hikari Are
9779,2018,ED,ED1,time
10165,2018,OP,OP2,Eien no Aria
10217,2018,ED,ED2,NAMELY
8652,2019,OP,OP1,Howling
8653,2019,OP,OP2,Ame ga Furu kara Niji ga Deru
8654,2019,ED,ED1,Beautiful
8655,2019,ED,ED2,Chikai
8849,2020,OP,OP1,ROB THE FRONTIER
8850,2020,OP,OP2,delete
8851,2020,ED,ED1,Regeneration
8852,2020,ED,ED2,Good day
6850,2021,OP,OP1,CLASSIC
6851,2021,ED,ED1,Iroasenai Hitomi
8232,2022,ED,ED1,Sora Tobira
6685,2023,OP,OP1,Rin! Rin! Hi! Hi!
6686,2023,ED,ED1,Nanbaka Datsugoku Riron♪!
7885,2024,OP,OP1,Rin! Rin! Hi! Hi!
7886,2024,ED,ED1,Nanbaka Datsugoku Riron♪!
9189,2025,OP,OP1,Bon♡Kyu♡Bon wa Kare no Mono♡
9190,2025,ED,ED1,Ringo-iro Memories
9191,2025,ED,ED2,Ringo-iro Memories
9192,2025,ED,ED3,Ringo-iro Memories
9193,2025,ED,ED4,Ringo-iro Memories
9194,2025,ED,ED5,Ringo-iro Memories
8853,2026,OP,OP1,Bon♡Kyu♡Bon wa Kare no Mono♡
8854,2026,ED,ED1,Ringo-iro Memories
1710,2027,OP,OP1,Nichiyoubi no Taiyou
1711,2027,ED,ED1,Kairo
1476,2028,OP,OP1,R★O★C★K★S
1477,2028,OP,OP2,Haruka Kanata
1478,2028,OP,OP3,Kanashimi wo Yasashisa ni
1479,2028,OP,OP4,GO!!!
1480,2028,OP,OP5,Seishun Kyosokyoku
1481,2028,OP,OP6,"No Boy, No Cry"
1482,2028,OP,OP7,Namikaze Satellite
1483,2028,OP,OP8,Re:member
1484,2028,OP,OP9,YURA YURA
1485,2028,ED,ED1,Wind
1486,2028,ED,ED2,Harmonia
1487,2028,ED,ED3,Viva Rock ~Japanese Side~
1488,2028,ED,ED4,ALIVE
1489,2028,ED,ED5,Ima made Nando mo
1490,2028,ED,ED6,Ryusei
1491,2028,ED,ED7,Mountain A Go Go Too
1492,2028,ED,ED8,Hajimete Kimi to Shabetta
1493,2028,ED,ED9,Nakushita Kotoba
1494,2028,ED,ED10,Speed
1495,2028,ED,ED11,Soba ni Iru Kara
1496,2028,ED,ED12,Parade
1497,2028,ED,ED13,Yellow Moon
1498,2028,ED,ED14,Pinocchio
1499,2028,ED,ED15,Scenario
1500,2028,ED,ED7-ShounenHen,LIFE GOES ON
2868,2029,OP,OP1,Hero's Come Back
2869,2029,OP,OP2,distance
2870,2029,OP,OP3,Blue Bird
2871,2029,OP,OP4,CLOSER
2872,2029,OP,OP5,Hotaru no Hikari
2873,2029,OP,OP6,Sign
2874,2029,OP,OP7,Toumei Datta Sekai
2875,2029,OP,OP8,Diver
2876,2029,OP,OP9,Lovers
2877,2029,OP,OP10,newsong
2878,2029,OP,OP11,Totsugeki Rock
2879,2029,OP,OP12,Moshimo
2880,2029,OP,OP13,Niwaka Ame Nimo Makezu
2881,2029,OP,OP14,Tsuki no Ookisa
2882,2029,OP,OP15,Guren
2883,2029,OP,OP16,Silhouette
2884,2029,OP,OP17,Kaze
2885,2029,OP,OP18,LINE
2886,2029,OP,OP19,Blood Circulator
2887,2029,OP,OP20,Kara no Kokoro
2888,2029,ED,ED1,Nagareboshi ~Shooting Star~
2889,2029,ED,ED2,Michi ~ To You All
2890,2029,ED,ED3,Kimi Monogatari
2891,2029,ED,ED4,Mezamero! Yasei
2892,2029,ED,ED5,Sunao Na Niji
2893,2029,ED,ED6,Broken Youth
2894,2029,ED,ED7,Long Kiss Good Bye
2895,2029,ED,ED8,Bacchikoi!!!
2896,2029,ED,ED9,Shinkokyuu
2897,2029,ED,ED10,My Answer
2898,2029,ED,ED11,Omae Dattanda
2899,2029,ED,ED12,For You
2900,2029,ED,ED13,Jitensha
2901,2029,ED,ED14,Utakata Hanabi
2902,2029,ED,ED15,U Can Do It!
2903,2029,ED,ED16,Mayonaka No Orchestra
2904,2029,ED,ED17,FREEDOM
2905,2029,ED,ED18,Yokubou o Sakebe!!!
2906,2029,ED,ED19,Place to Try
2907,2029,ED,ED20,By My Side
2908,2029,ED,ED21,Cascade
2909,2029,ED,ED22,Kono Koe Karashite
2910,2029,ED,ED23,Mother
2911,2029,ED,ED24,Sayonara Memory
2912,2029,ED,ED25,I Can Hear
2913,2029,ED,ED26,Yume o Daite ~Hajimari no Kurisoroodo~
2914,2029,ED,ED27,Black Night Town
2915,2029,ED,ED28,Niji
2916,2029,ED,ED29,FLAME
2917,2029,ED,ED30,Never Change feat.Lyu:Lyu
2918,2029,ED,ED31,Dame Dame da
2919,2029,ED,ED32,Spinning World
2920,2029,ED,ED33,Kotoba no Iranai Yakusoku
2921,2029,ED,ED34,Niji no Sora
2922,2029,ED,ED35,Trouble Maker
2923,2029,ED,ED36,"Sonna Kimi, Konna Boku"
2924,2029,ED,ED37,Ao no Lullaby
2925,2029,ED,ED38,Pino to Ameri
2926,2029,ED,ED39,Tabidachi no Uta
2927,2029,ED,ED40,Zetsu Zetsu
4730,2030,OP,OP1,Non stop road
4731,2030,ED,ED1,Ashita e no Kaerimichi
4732,2030,ED,ED2,Minamikaze Dramatic
3466,2031,OP,OP1,Atashi dake ni Kakete
3467,2031,ED,ED1,Kirari Futari
3468,2031,ED,ED2,Hito Natsu no Keiken
3469,2031,ED,ED3,Kassai
3074,2032,OP,OP1,Issei no Sei
3075,2032,ED,ED1,Natsu Yuuzora
6687,2033,OP,OP1,Takarabako
6688,2033,ED,ED1,Akane Sasu
8233,2034,ED,ED1,remember
7730,2035,OP,OP1,Floria
7731,2035,ED,ED1,Kimi no Uta
4146,2036,OP,OP1,Boku ni Dekiru Koto
4147,2036,ED,ED1,Kimi no Kakera feat. Miyamoto Emiri
4849,2037,OP,OP1,"Ima, Kono Toki."
4850,2037,ED,ED1,Takaramono
4643,2038,OP,OP1,See You
4644,2038,ED,ED1,Anata ni Deawanakereba ~Kasetsu Touka~
4733,2039,OP,OP1,Koi no Orchestra
4734,2039,ED,ED1,Houkago no Yakusoku
6689,2040,OP,OP1,Dimension Sky
6690,2040,ED,ED1,destiny
3388,2041,OP,OP1,Modern Strange Cowboy
3389,2041,OP,OP2,Scarlet Bomb!
3390,2041,ED,ED1,Aggressive Zone
3391,2041,ED,ED2,WANTED! for the love
2334,2042,OP,OP1,1000%SPARKING!
2335,2042,OP,OP2,1000%SPARKING!
2336,2042,OP,OP3,Eien no Toki o Koete
2337,2042,OP,OP4,1000%SPARKING!
2338,2042,OP,OP7,1000%SPARKING!
2339,2042,OP,OP11,1000%SPARKING!
2341,2042,OP,OP1-EN,1000%SPARKING!
2342,2042,OP,OP2-EN,1000%SPARKING!
2343,2042,OP,OP3-EN,Eien no Toki o Koete
2344,2042,OP,OP4-EN,1000%SPARKING!
2345,2042,OP,OP5-EN,1000%SPARKING!
2346,2042,OP,OP6-EN,1000%SPARKING!
2347,2042,OP,OP7-EN,1000%SPARKING!
11575,2042,OP,OP5,1000%SPARKING!
11576,2042,OP,OP6,1000%SPARKING!
11577,2042,OP,OP8,1000%SPARKING!
11578,2042,OP,OP9,1000%SPARKING!
11579,2042,OP,OP10,1000%SPARKING!
6852,2043,OP,OP1,Tenkyou no Alderamin
6853,2043,ED,ED1,nameless
916,2044,OP,OP1,KEEP ON DREAMING
917,2044,OP,OP2,KEEP ON DREAMING (Saurers Version)
918,2044,ED,ED1,OUR GOOD DAY… Bokura no GOOD DAY
4148,2045,OP,OP1,Kamisama to Issho
4149,2045,ED,ED1,Oh My God♥
4150,2045,ED,ED2,Yaoyorozu Ondo
4520,2046,OP,OP1,perfect slumbers
4521,2046,ED,ED1,Kieru daydream
10033,2047,OP,OP1,Shiny Happy Days
10034,2047,ED,ED1,Hidamari no Kaori
10035,2047,ED,ED2,Honto no Kokoro
10036,2047,ED,ED3,Hidamari no Kaori ~Kakao mo issho ver~
7362,2048,OP,OP1,Baby→Lady LOVE
7363,2048,ED,ED1,▲MEW▲△MEW△CAKE
919,2049,OP,OP1,Zankoku na Tenshi no Thesis
920,2049,ED,ED1,Fly Me to the Moon
921,2049,ED,ED2,Fly Me to the Moon (Rei #5 Version)
922,2049,ED,ED3,Fly Me to the Moon (Rei #6 Version)
923,2049,ED,ED4,Fly Me to the Moon -4 Beat Version-
924,2049,ED,ED5,Fly Me to the Moon (Aya Bossa Techno Version)
925,2049,ED,ED6,Fly Me to the Moon (Yoko Takahashi Acid Bossa Version)
926,2049,ED,ED7,Fly Me to the Moon (Yoko Takahashi Version)
927,2049,ED,ED8,Fly Me to the Moon -4 Beat Version (Off-Vocal)-
928,2049,ED,ED9,Fly Me to the Moon (Off-Vocal Version)
929,2049,ED,ED10,Fly Me to the Moon (Aki Jungle Version)
930,2049,ED,ED11,Fly Me to the Moon -B22 (A-Type)-
931,2049,ED,ED12,Fly Me to the Moon (Rei #23 Version)
932,2049,ED,ED13,Fly Me to the Moon (Rei #25 Version)
933,2049,ED,ED14,Fly Me to the Moon (Rei #26 Version)
934,2050,ED,ED1,Kanon in D-Dur
935,2050,ED,ED2,Tamashii no Refrain
936,2051,ED,ED1,Thanatos -If I Can't Be Yours-
4522,2052,OP,OP1,Giniro Hikousen
4523,2052,ED,ED1,Sayonara no Hashi
2588,2053,OP,OP1,Ma-Ji-Ya-Ba
2589,2053,ED,ED1,Berima!
7364,2054,OP,OP1,Saturday Night Question
7365,2054,ED,ED1,"Hikari, Hikari"
7049,2055,OP,OP1,1st Love Story
7050,2055,ED,ED1,Zero Ichi Kiseki
7574,2056,OP,OP1,Blue Bud Blue
7575,2056,ED,ED1,Virginal lily
7576,2056,ED,ED2,Meguru Omoi Meguru
7577,2056,ED,ED3,LAST ETERNAL
7578,2056,ED,ED4,Blue Bud Blue
937,2057,OP,OP1,JUST. Toki wo Koete
938,2057,ED,ED1,JUST FALLIN' LOVE ~Ikutsumo no Setsunai yoru no Naka de~
6854,2058,OP,OP1,SAKURA Skip
6855,2058,OP,OP2,Inori no Hane
6856,2058,ED,ED1,Now Loading!!!!
7579,2059,OP,OP1,STEP by STEP UP↑↑↑↑
7580,2059,ED,ED1,JUMPin' JUMP UP!!!!
7581,2059,ED,ED2,Yumeiro Compass
2409,2060,OP,OP1,Puzzle
2410,2060,OP,OP2,Puzzle -extra hot mix-
2411,2060,ED,ED1,Odoru Akachan Ningen
2412,2060,ED,ED2,Modokashii Sekai no Ue de
9020,2061,ED,ED1,MOIL
4272,2062,OP,OP1,Hyadain no Kakakata☆Kataomoi - C
4273,2062,OP,OP2,Hyadain no Joujou Yuujou
4274,2062,ED,ED1,Zzz
4277,2062,ED,ED2,Tsubasa wo Kudasai
4278,2062,ED,ED3,Kikyuu ni Notte Dokomademo
4279,2062,ED,ED4,My Ballad
4280,2062,ED,ED5,Kaijuu no Ballad
4281,2062,ED,ED6,Green Green
4282,2062,ED,ED7,Yasei no Uma
4283,2062,ED,ED8,Ano Subarashii Ai o Mou Ichido
4284,2062,ED,ED9,Sudachi no Uta
4285,2062,ED,ED10,Aogeba Toutoshi
4286,2062,ED,ED11,Sora ga Konna ni Aoi to wa
4287,2062,ED,ED12,Yuuki Hitotsu wo Tomo ni Shite
4288,2062,ED,ED13,Let's search for Tomorrow
4289,2062,ED,ED14,Tabidachi no Hi ni
1224,2063,OP,OP1,Koko Made Oide
1225,2063,ED,ED1,Venus to Chiisana Kamisama
2413,2064,ED,ED1,Kotoba
2414,2064,ED,ED2,"Nemutte Ita Kimochi, Nemutte Ita Kokoro"
2663,2065,OP,OP1,KURENAI
2664,2065,ED,ED1,Erinyes
5496,2066,ED,ED1,Shingeki
5497,2066,ED,ED2,Chuuousen
5498,2066,ED,ED3,Yume no Hero
5499,2066,ED,ED4,Hajimari
5500,2066,ED,ED5,Sex & Violence with Mach Speed no Theme
5501,2066,ED,ED6,Tokei wo tomete
5502,2066,ED,ED7,I can Friday by day!
5503,2066,ED,ED8,Wakare no Uta
5504,2066,ED,ED9,Tatakae! Ultraman
5505,2066,ED,ED10,Sekai no Kuni kara Konnichiwa
5506,2066,ED,ED11,Robo La Bamba
9595,2067,OP,OP1,a life
9596,2067,ED,ED1,Keshiki
7157,2068,OP,OP1,Best Friend
7158,2068,OP,OP2,ONE-SIDED LOVE
7159,2068,ED,ED1,Rainbow Days!
7160,2068,ED,ED2,Arch
7161,2068,ED,ED3,I wanna be your knight
7162,2068,ED,ED4,Catch me if you can!
7163,2068,ED,ED5,Soba ni Iru kara
7164,2068,ED,ED6,Hallelujah! Shinin' Days
3155,2069,OP,OP1,Kasumi
3156,2069,ED,ED1,Unnamed world
8473,2070,OP,OP1,Tandeki Mirage-ism
8474,2070,ED,ED1,Black Thunder
1944,2071,OP,OP1,Shinobu Sanjou!
1945,2071,ED,ED1,Kuru Kururin
9597,2072,ED,ED1,Shinobiashi de Unzaunza wo Odoru
379,2073,OP,OP1,Love Survivor
380,2073,ED,ED1,Ichi Seikime no Angel
6377,2074,OP,OP1,BACK IN BLACK
6378,2074,ED,ED1,Kilmister
6379,2074,ED,ED2,Halo Of Sorrow From ANIMATION
6380,2074,ED,ED3,Gekijou Shihainin no Theme
6381,2074,ED,ED4,SRKEEN
6382,2074,ED,ED5,RADIO
6383,2074,ED,ED6,Ninja Slayer
6384,2074,ED,ED7,Ninja Prayer
6385,2074,ED,ED8,Suicidal Bunny
6386,2074,ED,ED9,Hide
6387,2074,ED,ED10,Jag Jag
6388,2074,ED,ED11,Aurashi No Ken
6389,2074,ED,ED12,NEO CYBER MADNESS
6390,2074,ED,ED13,Purple My Ghost
6391,2074,ED,ED14,Mondana (NINJA MIX)
6392,2074,ED,ED15,Fantastic Magic
6393,2074,ED,ED16,NINJA SOUL
6394,2074,ED,ED17,TEAR OF THE PIERROT
6395,2074,ED,ED18,Dr.K
6396,2074,ED,ED19,Alone
6397,2074,ED,ED20,Doro no Ame
6398,2074,ED,ED21,Hight Speed
6399,2074,ED,ED22,sick hack -ninatsu ver.-
6400,2074,ED,ED23,Body
6401,2074,ED,ED24,KHAKKHARA
6402,2074,ED,ED25,JET REASON
939,2075,OP,OP1,Kagayaki wa Kimi no Naka ni
940,2075,ED,ED1,Soredemo Ashita wa Yatte Kuru
941,2075,ED,ED2,Sora no Namae
942,2075,ED,ED3,Sorezore no Ashita e
20,2076,OP,OP1,Shinobi no Theme (Instrumental)
21,2076,ED,ED1,Shinobi no Theme
5915,2077,OP,OP1,CLICK
5916,2077,OP,OP2,STEP
5917,2077,ED,ED1,Heart Pattern
5918,2077,ED,ED2,Recover Decoration
5919,2077,ED,ED3,TRICK BOX
5920,2077,ED,ED4,Order x Order
5921,2077,ED,ED5,Hanagonomi
5922,2077,ED,ED7,Souzou Diary
5923,2077,ED,ED8,Taisetsu no Tsukurikata
12950,2077,ED,ED6,STEP
6403,2078,OP,OP1,Rally Go Round
6404,2078,OP,OP2,Magical☆Styling
6405,2078,ED,ED1,Aimai Hertz
6406,2078,ED,ED2,trIGgER
6407,2078,ED,ED3,Sleep zzz...
6408,2078,ED,ED4,Matado-rabu
6409,2078,ED,ED5,marchen ticktack
6410,2078,ED,ED6,Tooriame drop
6411,2078,ED,ED7,Crayon Cover
4851,2079,OP,OP1,Futakotome
4852,2079,OP,OP2,marshmallow justice
4853,2079,OP,OP3,Platinum Disco
4854,2079,ED,ED1,Naisho no Hanashi
4151,2080,OP,OP1,Spell
4152,2080,ED,ED1,Rokutousei no Yoru
5832,2081,OP,OP1,This game
5833,2081,OP,OP2,Onegai☆Snyaiper
5834,2081,ED,ED1,Oracion
7582,2082,ED,ED1,THERE IS A REASON
8855,2083,OP,OP1,MOTOR CITY
8856,2083,ED,ED1,Game Over
9598,2084,OP,OP1,Chaos Drifters
9599,2084,ED,ED1,new world
9502,2085,OP,OP1,BREAKING DAWN (Japanese Ver.) Produced by HYDE
9503,2085,ED,ED1,Etoile
5636,2086,ED,ED1,Fukagyaku Replace
6691,2087,OP,OP1,Adazakura
6692,2087,OP,OP2,MONTAGE
8475,2088,OP,OP1,Kingyo Namida.
8476,2088,OP,OP2,Tsuisou no Kotowari
7732,2089,OP,OP1,Shirayuki
7733,2089,OP,OP2,Hana no Kage
9195,2090,OP,OP1,"Koise yo Minna, Hai!"
9196,2090,ED,ED1,Returner Butterfly
5924,2091,OP,OP1,FOOL THE WORLD
5925,2091,OP,OP2,Breakthrough
5926,2091,ED,ED1,AXIS
5927,2091,ED,ED2,Ran
5928,2092,OP,OP1,Respect for the dead man
5929,2092,ED,ED2,Chiisana Hoshi Ver. β
2928,2093,OP,OP1,Allegro Cantabile Sound
2929,2093,ED,ED1,Konna ni Chikaku de...
2930,2093,ED,ED2,Sagittarius
3942,2094,OP,OP1,Manazashi ☆ Daydream
3943,2094,ED,ED1,Kaze to Oka no Ballad
3015,2095,OP,OP1,Sky High
2094,2096,OP,OP1,Idea
2095,2096,ED,ED1,Yoake no Ashioto
3076,2097,ED,ED1,Hitosashiyubi Quiet!
4645,2098,OP,OP1,Happy End wa Himitsu (Himichu)
4646,2098,ED,ED1,Bye Bye ☆ Daisakusen
3312,2099,OP,OP1,Chouhatsu Cherry Heart
3313,2099,ED,ED1,Himitsu Suishou! Uru to LOVE
1374,2100,OP,OP1,Coppelia no Hitsugi
1375,2100,ED,ED1,Kirei na Kanjo
4973,2101,OP,OP1,Nanairo Biyori
4974,2101,ED,ED1,Non Non Biyori
8234,2102,OP,OP1,Ao no Rakugaki
8235,2102,ED,ED1,Omoide
9780,2103,OP,OP1,Tsugihagi Moyou
9781,2103,ED,ED1,Tadaima
6232,2104,OP,OP1,Kodama Kotodama
6233,2104,ED,ED1,Okaeri
7583,2105,OP,OP1,Ne! Ko!
5930,2106,OP,OP1,Goya no Machiawase
5931,2106,ED,ED1,Heart Realize
6095,2107,OP,OP1,Kyouran Hey Kids!!
6096,2107,ED,ED1,Nirvana
9881,2108,OP,OP1,Kattobi Mobile Land
7165,2109,OP,OP1,Kazakiri
7166,2109,ED,ED1,Zero Tokei
5932,2110,OP,OP1,Himitsu no Tobira kara Ai ni Kite
5933,2110,ED,ED1,Mogitate ♥ Fruit Girls
5934,2110,ED,ED2,Minori no Zokkon Mirai Yohou
5935,2110,ED,ED3,Ponytail no Yonjuu
5936,2110,ED,ED4,Kimi\*to\*New\*Day
5937,2110,ED,ED5,Cordless☆Dere☆PHONE
5367,2111,ED,ED1,Going to Ride
8857,2112,OP,OP1,#NULL!*Peta
10037,2113,OP,OP1,SET!
10038,2113,ED,ED1,Kimi to Iru nara
10039,2113,ED,ED2,COMICAL TRY!!
10040,2113,ED,ED3,Every Fight
3749,2114,OP,OP1,Fast Forward
3750,2114,OP,OP2,Sunshine
3751,2114,ED,ED1,Sparky☆Start
3752,2114,ED,ED2,Symphonic☆Dream
4153,2115,OP,OP1,Hoshi no Arika.
4154,2115,OP,OP2,The LOVE SONG
4155,2115,ED,ED1,Orange Smile
4156,2115,ED,ED2,Departure
943,2116,OP,OP1,Koi wo Suru Tabi ni Kizutsuki Yasuku...
944,2116,OP,OP2,Do-nika Ko-nika
945,2116,ED,ED1,Ririka SOS
946,2116,ED,ED2,Egao wo Wasurenai
1533,2117,OP,OP1,Ai no Medicine
1534,2117,OP,OP2,Ai no Medicine -Renewal-
1535,2117,ED,ED1,Otome no Mahou de Ponde Ke Wa
1536,2117,ED,ED2,three
1946,2118,OP,OP1,Shooting Star☆
1947,2118,ED,ED1,Oyasumi
7167,2119,OP,OP1,Ready Go!!
7168,2119,ED,ED1,Ame to Namida to Otome to Taiyaki
3314,2120,OP,OP1,Nyanderful!
3315,2120,ED,ED1,Strawberry ~Amaku Setsunai Namida~
6693,2121,OP,OP1,Uchuu kara Yattekita Nyanbo
7887,2122,ED,ED1,Nyanko is L♥VE!
2500,2123,OP,OP1,A Chance to Shine
2501,2123,ED,ED1,Waratteta
6694,2124,OP,OP1,Sensuu 3 no Nijou
6695,2124,ED,ED1,Open your eyes
9504,2125,OP,OP1,Kibou Darake no EVERYDAY
9505,2125,ED,ED1,Wonder!
10041,2126,OP,OP1,Sunny Sunny Girl◎
10042,2126,ED,ED1,Inu-sei wa Ichido Kiri
4647,2127,OP,OP1,Link
4648,2127,ED,ED1,Hikari
947,2128,OP,OP1,Ojamajo Carnival!!
948,2128,ED,ED1,Kitto Ashita wa
1247,2129,OP,OP1,Ojamajo wa Koko ni Iru
1248,2129,ED,ED1,Koe wo Kikasete
7169,2130,ED,ED1,Labyrinth
7170,2130,ED,ED2,Message
7171,2130,ED,ED3,yell
7172,2130,ED,ED4,Ano Toki Mita Tori wa Ima
7173,2130,ED,ED5,Moto Keta Dou Shaka
7174,2130,ED,ED6,Watashi wa Idol... De Gasu
381,2131,OP,OP1,SHOW ME YOUR SPACE ~Kimi no Uchuu wo Misete~
382,2131,ED,ED1,Koisuru Kimochi wa Doughnuts no Naka
383,2131,ED,ED2,Salsa Paratopia
8045,2132,ED,ED1,Naku Ko mo Warau
8046,2132,ED,ED2,Itsuka Dokoka de
6234,2133,OP,OP1,Koisuru☆Hiyoko
6235,2133,ED,ED1,Ren×Ai＝Equation
6236,2133,ED,ED2,Realize
6696,2134,OP,OP1,Kira Kira☆Explorer
6697,2134,ED,ED1,Koi ni Matsuwaru Etcetera ~Saijou Honoka no Baai~
6698,2134,ED,ED2,Koi ni Matsuwaru Etcetera ~Misumi Rin no Baai~
6699,2134,ED,ED3,Koi ni Matsuwaru Etcetera ~Wakana Ui no Baai~
2126,2135,OP,OP1,Love Love! Chu Chu!
2127,2135,ED,ED1,Ai no Koneko
9882,2136,OP,OP1,William Tell Jokyoku
9883,2136,ED,ED1,Kimi wa Helenes
9884,2136,ED,ED2,ZE.N.RA
9885,2136,ED,ED3,Otoko no Arete
9886,2136,ED,ED4,Hajimari wa Itsumo Zeus
9887,2136,ED,ED5,Namida no Aegean-Kai
9888,2136,ED,ED6,Konya wa Symposion
9889,2136,ED,ED7,Sweet Olympia
9890,2136,ED,ED8,Endless Summer
9891,2136,ED,ED9,Tatero! Tropaion
9892,2136,ED,ED10,Sparta-jin Kowai
9893,2136,ED,ED11,Kokugai de wa Betsu no Kao
9894,2136,ED,ED12,Sayonara Sparta
9895,2136,ED,ED13,LADY discrimination
9896,2136,ED,ED14,Kimi wa Nani Thion
9897,2136,ED,ED15,Yume no Market
9898,2136,ED,ED16,Zurui Hito
9899,2136,ED,ED17,Kimi no Pessoi
9900,2136,ED,ED18,Tetsugakusha no Shokutaku
9901,2136,ED,ED19,Herma! Herma! Herma!
9902,2136,ED,ED20,BURNING FIRE
9903,2136,ED,ED21,Murabito A
9904,2136,ED,ED22,Kimi no Shiroi Uso
9905,2136,ED,ED23,Sayonara no Ori ni...
9906,2136,ED,ED24,Tokyo Tolympics Ondo
8477,2137,ED,ED1,So Happy
3944,2138,OP,OP1,Oshichau zo!!
3945,2138,ED,ED1,Oshichau zo!!
3946,2138,ED,ED2,BEAM my BEAM
3947,2138,ED,ED3,Sakamichi no Hate
7366,2139,ED,ED1,My one
949,2140,ED,ED1,Yoake no Kaze Kiki Nagara
1677,2141,OP,OP1,Birthday Heart
1678,2141,ED,ED1,Umi to Tsuki no Hikari
1679,2141,ED,ED2,Koi no Dial 6700
6857,2142,ED,ED1,MECHA DESOUNARA~Subete ni Sayo Onara~
3016,2143,OP,OP1,Bury
3017,2143,ED,ED1,Moment
950,2144,OP,OP1,We Are!
951,2144,OP,OP2,Believe
952,2144,OP,OP3,Hikari E
953,2144,OP,OP4,Bon Voyage!
954,2144,OP,OP5,Kokoro no Chizu
955,2144,OP,OP6,Brand New World
956,2144,OP,OP7,We Are!
957,2144,OP,OP8,Crazy Rainbow
958,2144,OP,OP9,Jungle P
959,2144,OP,OP10,We Are
960,2144,OP,OP11,Share the World
961,2144,OP,OP12,Kaze wo Sagashite
962,2144,OP,OP13,One Day
963,2144,OP,OP14,Fight Together
964,2144,OP,OP15,We go!
965,2144,OP,OP16,Hands Up!
966,2144,OP,OP17,Wake up!
967,2144,OP,OP18,Hard Knock Days
968,2144,OP,OP19,We Can!
969,2144,OP,OP20,Hope
970,2144,OP,OP21,Super Powers
971,2144,OP,OP22,OVER THE TOP
972,2144,OP,OP23,DREAMIN' ON
973,2144,ED,ED1,memories
974,2144,ED,ED2,RUN! RUN! RUN!
975,2144,ED,ED3,Watashi ga iru Yo
976,2144,ED,ED4,Souchinosuke
977,2144,ED,ED5,BEFORE DAWN
978,2144,ED,ED6,fish
979,2144,ED,ED7,GLORY -Kimi ga iru Kara-
980,2144,ED,ED8,Shining ray
981,2144,ED,ED9,Family
982,2144,ED,ED10,Free Will
983,2144,ED,ED11,FAITH
984,2144,ED,ED12,A to Z ~One Piece Edition~
985,2144,ED,ED13,Tsuki to Taiyou
986,2144,ED,ED14,DREAMSHIP
987,2144,ED,ED15,Mirai Koukai
988,2144,ED,ED16,Eternal Pose
989,2144,ED,ED17,Dear friends
990,2144,ED,ED18,Asu wa Kurukara
991,2144,ED,ED19,ADVENTURE WORLD
992,2144,ED,ED20,One Day
993,2144,ED,ED21,We go!
994,2144,OP,OP1-EN,We Are!
995,2144,OP,OP2-EN,Believe
996,2144,OP,OP3-EN,Hikari E
997,2144,OP,OP4-EN,Bon Voyage!
998,2144,ED,ED1-EN,memories
999,2144,ED,ED2-EN,RUN! RUN! RUN!
1000,2144,ED,ED3-EN,Watashi ga iru Yo
1001,2144,ED,ED4-EN,Souchinosuke
1002,2144,ED,ED5-EN,BEFORE DAWN
1003,2144,ED,ED6-EN,fish
1004,2144,ED,ED7-EN,GLORY -Kimi ga iru Kara-
1005,2144,ED,ED8-EN,Shining ray
1006,2144,ED,ED9-EN,Free Will
1007,2144,ED,ED10-EN,FAITH
1008,2144,ED,ED11-EN,A to Z ~One Piece Edition~
1009,2144,ED,ED12-EN,Tsuki to Taiyou
1010,2144,OP,OP1-EN4Kids,One Piece Theme
11062,2144,OP,OP24,PAINT
12445,2144,ED,ED22,Raise
12465,2144,OP,OP25,Saikou Toutatsuten
12680,2144,OP,OP26,Assu!
12681,2144,ED,ED23,Dear sunrise
13589,2144,OP,OP27,Tenshi to Akuma
13590,2144,ED,ED24,The 1
13902,2144,OP,OP28,Carmine
13903,2144,ED,ED25,PUNKS
14398,2144,OP,OP29,Luminous
14399,2144,ED,ED26,Sono Mirai
14613,2144,ED,ED27,Sekai wa Hitori ja Nakatta
2590,2145,ED,ED1,Sayaendou
6097,2146,OP,OP1,THE HERO !! ~Okoreru Kobushi ni Hi wo Tsukero~
6098,2146,ED,ED1,Hoshi yori Saki ni Mitsukete Ageru
6099,2146,ED,ED2,Kanashimi-tachi wo Dakishimete
9197,2147,OP,OP1,Seijaku no Apostle
9198,2147,ED,ED1,Chizu ga Nakutemo Modoru kara
6100,2148,ED,ED1,Saitama no One Punch Ondo
6101,2148,ED,ED2,Genos no One Punch Ondo
6102,2148,ED,ED3,Sonic no One Punch Ondo
7888,2149,ED,ED1,Harumachi Clover
7889,2149,ED,ED2,Natsuzora Yell
7890,2149,ED,ED3,Kibou Refrain
8236,2150,ED,ED1,Aozora Morning Glory
8237,2150,ED,ED2,Poplar to Bokura no History
8238,2150,ED,ED3,Searchlight to Tsuki Akari
9506,2151,ED,ED1,Taiyou to Rainbow
9507,2151,ED,ED2,Aozora ni Kami Hikouki
9508,2151,ED,ED3,Yuki no Machi to Kuusou Time Machine
9509,2151,ED,ED4,3-Kai kara Yamato Nadeshiko
9510,2151,ED,ED5,Shunkashuuto*Egao Biyori
5938,2152,ED,ED1,Piece
2193,2153,OP,OP1,Oto MELODY
2194,2153,ED,ED1,"My Dream, My Melody"
2195,2153,ED,ED2,Yume Miru Chikara
3157,2154,OP,OP1,Kira Kira Kirara ★彡
3158,2154,ED,ED1,Hoshizora Hayatochiri
3159,2154,ED,ED2,Hoshi no Flamenco
2502,2155,OP,OP1,Koi♥Kuru
2503,2155,ED,ED1,Hare ☆ Sora
2504,2155,ED,ED2,kuru kuru kuru
2505,2155,ED,ED3,Ore wa Usamimi Kamen
2506,2155,ED,ED4,Dream! Dream! Dream!
2507,2155,ED,ED5,Romii no Yume
2508,2155,ED,ED6,Te Wo Tsunagou
2816,2156,OP,OP1,Kiri Kiri Suu
2817,2156,OP,OP2,Chu☆Onegai My Melody
1631,2157,OP,OP1,Shooting Star
1632,2157,ED,ED1,Sora no Mori De
1633,2157,ED,ED2,Love a Riddle
1712,2158,OP,OP1,Second Flight
1713,2158,ED,ED1,Asu e no Namida
10043,2159,ED,ED1,Peter Ivers
8239,2160,OP,OP1,Eien Shounen
8240,2160,ED,ED1,Shining Piece
8241,2160,ED,ED2,Onegai Marguerite
7051,2161,OP,OP1,Hime wa Rankiryuu☆Goikkousama
7891,2162,OP,OP1,Onihei: Edo wo Hashiru
7892,2162,ED,ED1,Soshite.. Ikinasai
4524,2163,OP,OP1,SELF PRODUCER
4525,2163,ED,ED1,Life-Ru is LOVE-Ru!!
4406,2164,OP,OP1,Taste of Paradise
4407,2164,ED,ED1,Ari Ari Mirai
1011,2165,OP,OP1,"Kin no Utsuwa, Gin no Utsuwa"
1012,2165,ED,ED1,Kimagure na Yousei
8242,2166,ED,ED1,Kaze Tachinu
1882,2167,OP,OP1,Kimi to Nara
1883,2167,OP,OP2,PULSE
1884,2167,ED,ED1,Sora Kake Agaru
1885,2167,ED,ED2,Shiroi Fuyu
1886,2167,ED,ED3,Kimi ni Todoku made
6103,2168,OP,OP1,Hakone Hakoiri Musume
4649,2169,ED,ED1,Okaa-san no Uta
5507,2170,OP,OP1,LOVE GOOD TIME
5508,2170,ED,ED1,Ookami Heart
3229,2171,OP,OP1,Tabi no Tochuu
3230,2171,ED,ED1,Ringo Biyori
3392,2172,OP,OP1,Mitsu no Yoake
3393,2172,ED,ED1,Perfect World
3753,2173,OP,OP1,Ready Go!
3754,2173,ED,ED1,Akazukin-chan Goyoujin
3755,2173,ED,ED2,Akazukin-chan Goyoujin (i-pop ver.)
3948,2174,OP,OP1,"Toki no Mukou, Maboroshi no Sora"
2818,2175,OP,OP1,Dramatic
2819,2175,OP,OP2,Seishun Line
2820,2175,ED,ED1,Medaka no Mita Niji
2821,2175,ED,ED2,Arigatou
3854,2176,OP,OP1,Natsuzora
3855,2176,ED,ED1,Shisou Densha
7175,2177,OP,OP1,Shining Sky
6858,2178,OP,OP1,Hikari no Hahen
6859,2178,ED,ED1,Mirai
6700,2179,ED,ED1,Hikari no Hahen
9782,2180,OP,OP1,Pyramid Daigyakuten
9783,2180,ED,ED1,Nemophila
6104,2181,OP,OP1,Ichizu Recipe
6105,2181,ED,ED1,Twilight ni Kienaide
8047,2182,OP,OP1,Secret Story
8048,2182,ED,ED1,Ki・Shou・Ten・Ketsu・Jo・Ha・Kyuu
6412,2183,OP,OP1,Miraikei Answer
6413,2183,ED,ED1,Shiawase no Arika
3633,2184,OP,OP1,irony
3634,2184,ED,ED1,Imouto Please!
3635,2184,ED,ED2,Shine!
3636,2184,ED,ED3,Horaizumu
3637,2184,ED,ED4,Shiroi Kokoro
3638,2184,ED,ED5,Orange
3639,2184,ED,ED6,Maegami☆
3640,2184,ED,ED7,Masquerade!
3641,2184,ED,ED8,Chameleon Daughter
3642,2184,ED,ED9,Suki nanda mon!
3643,2184,ED,ED10,"Iie, Tom wa Imouto ni Taishite Seiteki na Koufun wo Oboete imasu"
3644,2184,ED,ED11,Akihabara☆Dance☆Now!!
3645,2184,ED,ED12,Tadaima.
4408,2185,OP,OP1,irony
4409,2185,ED,ED1,READY
4410,2185,ED,ED2,†Inochi Mijikashi Koi se yo Otome†
4411,2185,ED,ED3,Shokuzai no Serenade
4412,2185,ED,ED4,keep on runnin'
5248,2186,OP,OP1,reunion
5249,2186,OP,OP2,Hoshikuzu Cosplay☆Witch! Desu! Omega!
5250,2186,ED,ED1,Kanjou-sen loop
5251,2186,ED,ED2,Filter
5252,2186,ED,ED3,Zutto...
5253,2186,ED,ED4,Honest☆Rhapsody
5254,2186,ED,ED5,Keep
5255,2186,ED,ED6,Monochrome☆HAPPY DAY
5256,2186,ED,ED7,Kyou mo Shiawase
5257,2186,ED,ED8,Setsuna no Destiny
5258,2186,ED,ED9,answer
5259,2186,ED,ED10,reunion
5260,2186,ED,ED11,Arifureta Mirai e
5261,2186,ED,ED12,Omou Koto
5262,2186,ED,ED13,Honto no Kimochi
5130,2187,OP,OP1,reunion
5131,2187,ED,ED1,The last ceremony
5132,2187,ED,ED2,will
5133,2187,ED,ED3,Thank You
5368,2188,OP,OP1,Girlish Lover
5369,2188,ED,ED1,W:Wonder tale
4975,2189,OP,OP1,S・M・L☆
4976,2189,OP,OP2,Taiyou to Tsuki no Cross
4977,2189,ED,ED1,Taiyou to Tsuki no Cross
5509,2190,OP,OP1,Gimmie! Revolution
5510,2190,ED,ED1,Twintails Dreamer!
8858,2191,OP,OP1,Papapa
8859,2191,ED,ED1,Hanakotoba
4290,2192,OP,OP1,Spread Wings
4291,2192,ED,ED1,PARANoiA
4292,2192,ED,ED2,NEVERLAND
7367,2193,ED,ED1,Don't Let Me Down
10044,2194,OP,OP1,Clover wish
10045,2194,ED,ED1,♡Momo-iro no Kataomoi♡
10046,2194,ED,ED2,♡Momo-iro no Kataomoi♡
7176,2195,OP,OP1,YPMA☆GIRLS
8243,2196,OP,OP1,Oshiete Mahou no Pendulum
8244,2196,ED,ED1,'Suki' no Katachi
6106,2197,OP,OP1,Hanamaru Pippi wa Yoiko dake
6107,2197,OP,OP2,Zenryoku Batankyū
6108,2197,ED,ED1,SIX SAME FACES ~Konya wa Saikou!!!!!!~
6109,2197,ED,ED2,SIX SHAME FACES ~Konya mo Saikou!!!!!!~
6110,2197,ED,ED3,SIX SAME FACES ~Konya mo Saikou!!!!!!~ Type Final
7368,2198,OP,OP1,Kunshi Ayauku mo Chikou yore
7369,2198,OP,OP2,Maboroshi Wink
7370,2198,ED,ED1,Let's Go! Muttsu Go! ~Rokushoku no Niji~
7371,2198,ED,ED2,Let's Go! Muttsu Go! ~Rokushoku no Niji~
7372,2198,ED,ED3,Iyami Ondo
7373,2198,ED,ED4,Otona÷6 x Kodomo x 6
9511,2199,OP,OP1,nice to NEET you!
9512,2199,OP,OP2,nice to NEET you!
9513,2199,ED,ED1,Max Charm Faces ~Kanojo wa Saikou♡♡!!!!!!~
9514,2199,ED,ED2,Amazing Intelligence ~Kuzu wa Saikou!!!!!!!!!!!!!♡♡△△~ Type A
10101,2199,OP,OP3,6-tsuko no Tamashii Nayuta made
10318,2199,ED,ED3,Amazing Intelligence ~Kuzu wa Saikou!!!!!!!!!!!!!♡♡△△~ Type B
10319,2199,ED,ED4,Amazing Intelligence ~Kuzu wa Saikou!!!!!!!!!!!!!♡♡△△~ Type FINAL
9907,2200,OP,OP1,Otome no Route wa Hitotsu ja Nai!
9908,2200,ED,ED1,BAD END
2348,2201,OP,OP1,Love Power
2349,2201,ED,ED1,Beautiful day
4650,2202,OP,OP1,CROSS × OVER SENSATION
4651,2202,ED,ED1,Himitsu
3646,2203,OP,OP1,Moon SIGNAL
3647,2203,ED,ED1,Hatsukoi wa Zakuroiro
3648,2203,ED,ED2,Junjou Masquerade
3649,2203,ED,ED3,Futari Shizuka
384,2204,OP,OP1,Ougon Senshi Gold Lightan
385,2204,ED,ED1,Mechanical Dancing Fight
1013,2205,OP,OP1,Bokura no Adventure
2509,2206,OP,OP1,Sakura Kiss
2510,2206,ED,ED1,Shissou
2511,2206,OP,OP1-EN,Sakura Kiss
2512,2206,ED,ED1-EN,Shissou
11516,2206,ED,ED2,Shissou
7374,2207,OP,OP1,FEED THE FIRE
7375,2207,ED,ED1,Lost Paradise
7734,2208,OP,OP1,Shoppai Namida
7735,2208,ED,ED1,Prince Night ~Doko ni Ita no sa!? MY PRINCESS~
4978,2209,OP,OP1,Univer Page
4979,2209,ED,ED1,Watashi no Houseibako
6237,2210,OP,OP1,Clattanoia
6238,2210,ED,ED1,L.L.L.
8656,2211,OP,OP1,GO CRY GO
8657,2211,ED,ED1,HYDRA
8658,2211,ED,ED2,GO CRY GO
8245,2212,OP,OP1,VORACITY
8246,2212,ED,ED1,Silent Solitude
6701,2213,OP,OP1,Clattanoia
6702,2213,ED,ED1,L.L.L.
1501,2214,OP,OP1,KING GAINER OVER!
1502,2214,ED,ED1,Can You Feel My Soul
10487,2215,OP,OP1,X.U.
10488,2215,ED,ED1,scaPEGoat
6111,2216,OP,OP1,Two souls -toward the truth-
6112,2216,ED,ED1,Orarion
6113,2217,OP,OP1,decent black
6114,2217,OP,OP2,mathemagics
6115,2217,OP,OP3,Yuudachi Houteishiki
6116,2217,OP,OP4,Mein Schatz
6117,2217,ED,ED1,Sayonara no Yukue
7584,2218,OP,OP1,terminal terminal
7585,2218,OP,OP2,dreamy date drive
7586,2218,OP,OP3,dark cherry mystery
7587,2218,ED,ED1,SHIORI
6860,2219,ED,ED1,I love you more
6861,2219,ED,ED2,If The World Gives Up
6862,2219,ED,ED3,Love You Tomorrow
7052,2220,OP,OP1,Seishun wa Tabemono desu
2017,2221,OP,OP1,VOYAGER
2018,2221,ED,ED1,VOYAGER Ending ver.
3470,2222,OP,OP1,Parallel Hearts
3471,2222,ED,ED1,Maze
3472,2222,ED,ED2,Watashi wo Mitsukete.
9199,2223,OP,OP1,D.A.Y.S.
9200,2223,ED,ED1,B.U.R.N.
2128,2224,OP,OP1,Kiiroi Vacances
2129,2224,OP,OP2,Roulette Roulette
2130,2224,OP,OP3,Shoujo Q
2131,2224,ED,ED1,Girlppi
2132,2224,ED,ED2,Iyashikei Mahou Shoujo Behoimi
2133,2224,ED,ED3,Haruka na Yume
2134,2224,ED,ED4,Moonlight Love
2135,2224,ED,ED5,Setsugekka
2136,2224,ED,ED6,Kiiroi Vacances
3650,2225,OP,OP1,Theme for Panty & Stocking
3651,2225,ED,ED1,Fallen Angel
4855,2226,OP,OP1,Happy Girl
4856,2226,ED,ED1,Coloring
2350,2227,OP,OP1,Mediational Field
2351,2227,ED,ED1,Byakkoya no Musume
2096,2228,OP,OP1,♥Lonely in Gorgeous♥
2097,2228,ED,ED1,Do You Want To
1376,2229,OP,OP1,Love Together
1377,2229,OP,OP2,Attitude
1378,2229,ED,ED1,School Girl
1379,2229,ED,ED2,Yellow Balloon
8478,2230,OP,OP1,Shuwarin☆Dreaming
9340,2231,OP,OP1,Believe in Sky
9341,2231,ED,ED1,Sparkle☆Power
9342,2231,ED,ED2,Sparkle☆Power (8-bit Remix)
1634,2232,OP,OP1,Naked Story
1635,2232,ED,ED1,What Can I Do
1636,2232,ED,ED2,This is your life
8247,2233,ED,ED1,Good Night
3160,2234,OP,OP1,Renai Jiyuu Shoujo♀
3161,2234,ED,ED1,Yurete Hajikete Afurechau☆Miwaku no Penguin Musume
3162,2234,ED,ED2,Yurayura + Yuriyura + Nanananaー
386,2235,ED,ED1,Boy no Kisetsu
1014,2236,ED,ED1,Season
4980,2237,OP,OP1,Burn My Dread -Spring of Birth Ver.-
4981,2237,ED,ED1,More Than One Heart
5835,2238,OP,OP1,Fate is In Our Hands
5836,2238,ED,ED1,"One Hand, One Heartbeat"
6416,2239,ED,ED1,Light in Starless Sky
7177,2240,ED,ED1,Kimi no Kioku
4040,2241,OP,OP1,Pursuing My True Self
4041,2241,OP,OP2,sky's the limit
4042,2241,OP,OP3,True Story
4043,2241,OP,OP4,key plus words
4044,2241,OP,OP5,Burn My Dread
4045,2241,ED,ED1,Beauty of Destiny
4046,2241,ED,ED2,Koisuru Meitantei
4047,2241,ED,ED3,The way of Memories -Kizuna no Chikara-
4048,2241,ED,ED4,Honto no Kimochi
4049,2241,ED,ED5,Never More
5637,2242,OP,OP1,Shadow World
5638,2242,OP,OP2,Next Chance to Move On
5639,2242,OP,OP3,key plus words
5640,2242,ED,ED1,Dazzling Smile
5641,2242,ED,ED2,Subete no Tamashii no Uta
5642,2242,ED,ED3,Dazzling Smile
5643,2242,ED,ED4,Never More
8479,2243,OP,OP1,BREAK IN TO BREAK OUT
8480,2243,OP,OP2,Dark Sun...
8481,2243,ED,ED1,INFINITY
8482,2243,ED,ED2,Found a Light
8483,2243,ED,ED3,Autonomy
3231,2244,OP,OP1,Breakin' Through
3232,2244,OP,OP2,WORD OF THE VOICE
3233,2244,ED,ED1,SUICIDES LOVE STORY
3234,2244,ED,ED2,Found Me
10047,2245,OP,OP1,Chou no Tobu Suisou
10048,2245,ED,ED1,image _____
9600,2246,OP,OP1,Tsuranuite Yuuutsu
9601,2246,ED,ED1,Yoridokoro
7178,2247,OP,OP1,Zessei Stargate
7179,2247,ED,ED1,Rare Drop☆KOI☆Koi! One More!
8860,2248,OP,OP1,Destiny
8861,2248,OP,OP2,UniVerse
8862,2248,ED,ED1,Timeless Fortune
8863,2248,ED,ED2,Eien no encore
8864,2248,ED,ED3,Soleil -Dear Destiny-
8865,2248,ED,ED4,Living on like stars
8866,2248,ED,ED5,Hello
8248,2249,OP,OP1,Flowery Song
8249,2249,ED,ED1,HOME
8250,2249,ED,ED2,Yousei no Koibito
3473,2250,OP,OP1,Karma
3474,2250,OP,OP2,Senritsu no Kodomotachi
3475,2250,ED,ED1,Jigoku no Mon
3476,2250,ED,ED2,Transparent
2059,2251,OP,OP1,Gekkou
2060,2251,ED,ED1,I myself am Hell
7893,2252,ED,ED1,Honjitsu no Tobikiri Buouno! ~Iberico Buta no Sage Kaze Poele~
8484,2253,OP,OP1,Umi e
8485,2253,ED,ED1,Kaeru Basho ga Aru to Iu Koto
9343,2254,OP,OP1,Umi e
9344,2254,ED,ED1,Hajimari no Basho
8659,2255,OP,OP1,Poka☆Chin Time
8660,2255,OP,OP2,bring back
8661,2255,ED,ED1,Poka☆Chin Time
8662,2255,ED,ED2,Dracaena
4050,2256,OP,OP1,Brain Diver
4051,2256,ED,ED1,Hologram
4735,2257,OP,OP1,Now or Never
4736,2257,ED,ED1,Super step
4982,2258,OP,OP1,Destiny
4983,2258,ED,ED1,Say Yeah!
5263,2259,OP,OP1,Koisuru Lens
5264,2259,ED,ED1,Smile F
1015,2260,OP,OP1,
1016,2260,ED,ED1,PINCH!
5837,2261,OP,OP1,Tada Hitori
5838,2261,ED,ED1,Ano Hero to Bokura ni Tsuite
5839,2261,ED,ED2,Ano Yoake Mae no Bokura ni Tsuite
7376,2262,OP,OP1,PINGU A GO! GO!
7377,2262,ED,ED1,Ride The Rainbow
1579,2263,OP,OP1,Wake Up Angel ~Negaimashite ha Mugen Nari~
1580,2263,ED,ED1,Chiisa na Mahou
8251,2264,OP,OP1,One Unit
8252,2264,ED,ED1,Rainbow Planet
6863,2265,ED,ED1,Twinkle Starlight
6864,2265,ED,ED2,Hoshi Meguri no Uta
9784,2266,ED,ED1,Snow Globe
1680,2267,OP,OP1,Dive in the Sky
1681,2267,ED,ED1,Wonderful Life
6417,2268,OP,OP1,Ring of Fortune
6418,2268,ED,ED1,Asayake no Starmine
4293,2269,OP,OP1,Plastic☆Shikou
4294,2269,ED,ED1,Watashi to Watashi ga Shitai Koto
387,2270,OP,OP1,Yume Sousa P.M.P. 1
388,2270,ED,ED1,Craft Love
10049,2271,OP,OP1,Plunderer
10050,2271,OP,OP2,Kokou no Hikari Lonely dark
10051,2271,ED,ED1,Countless days
10052,2271,ED,ED2,Reason of Life
1017,2272,OP,OP1,Mezase Pokemon Master
1018,2272,OP,OP2,Rival!
1019,2272,OP,OP3,OK!
1020,2272,OP,OP4,Mezase Pokemon Master
1021,2272,OP,OP5,Ready Go!
1022,2272,ED,ED1,Hyakugojuuichi
1023,2272,ED,ED2,Nyaasu no Uta
1024,2272,ED,ED3,Pocket ni Fantasy
1025,2272,ED,ED4,Pokemon Ondo
1026,2272,ED,ED5,Type: Wild
1027,2272,ED,ED6,Lapras ni Notte
1028,2272,ED,ED7,Nyaasu no Party
1029,2272,ED,ED8,Pokemon Hara Hara Relay
1030,2272,ED,ED9,Takeshi no Paradise
1031,2272,ED,ED10,Boku no Best Friend e
1032,2272,ED,ED11,Maemuki Roketto-Dan
1033,2272,ED,ED12,Poketaari Monsutaari
1034,2272,OP,OP1-EN,Pokémon Theme (Gotta Catch'em All)
1035,2272,OP,OP3-EN,A Whole New World (Pokémon Johto)
1036,2272,OP,OP4-EN,Born To Be a Winner
1037,2272,OP,OP5-EN,Believe in Me
8867,2273,OP,OP1,1・2・3
8868,2273,OP,OP2,1・2・3
8869,2273,OP,OP3,1・2・3
8870,2273,ED,ED1,Pokemon Shiritori (Pikachu → Mew Ver.)
8871,2273,ED,ED2,Pokemon Shiritori (Mew → Zamazenta Ver.)
10328,2273,ED,ED3,Batsugun Type
11280,2273,OP,OP4,1・2・3
11962,2273,ED,ED4,1・2・3
1503,2274,OP,OP1,Advance Adventure
1504,2274,OP,OP2,Challenger!
1505,2274,OP,OP3,Pokemon Symphonic Medley
1506,2274,OP,OP4,Battle Frontier
1507,2274,OP,OP5,SpurtT!
1508,2274,ED,ED1,Sokoni Soraga Arukara
1509,2274,ED,ED2,Polka O Dolka
1510,2274,ED,ED3,Smile
1511,2274,ED,ED4,Ippai Summer!!
1512,2274,ED,ED5,GLORY DAY ~Kagayaku Sono Hi~
1513,2274,ED,ED6,Pokemon Kazoe Uta
1514,2274,ED,ED7,I Won't Lose! Haruka's Theme
1515,2274,OP,OP1-EN,I wanna be a hero
1516,2274,OP,OP2-EN,This Dream
1517,2274,OP,OP3-EN,I'm Unbeatable
1518,2274,OP,OP4-EN,Battle Frontier
1292,2275,OP,OP1,Aratanaru Chikai (Acoustic Version)
1293,2275,ED,ED1,Aratanaru Chikai
3652,2276,OP,OP1,Best Wishes!
3653,2276,ED,ED1,Fanfare of the Heart
3654,2276,ED,ED2,Can You Say the Pokémon? BW
3655,2276,ED,ED3,Nanairo Arch
3656,2276,ED,ED4,Mite Mite ☆ Kocchicchi
3657,2276,OP,OP1-EN,Black and White
3658,2276,OP,OP2-EN,Rival Destinies
4652,2277,OP,OP1,Yajirushi ni Natte!
4653,2277,ED,ED1,Mite Mite ☆ Kocchicchi
4654,2277,ED,ED2,Rocket Gang Forever
4655,2277,OP,OP1-EN,Rival Destinies
4656,2277,OP,OP2-EN,It's always you and me
5265,2278,OP,OP1,Natsumeku Sakamichi
5266,2278,ED,ED1,Let's Join Hands
5267,2278,OP,OP1-EN,It's always you and me
5370,2279,OP,OP1,Yajirushi ni Natte! 2013
5371,2279,ED,ED1,Sakura Go-Round
5372,2279,OP,OP1-EN,It's always you and me
2352,2280,OP,OP1,Together
2353,2280,OP,OP2,Together 2008
2354,2280,OP,OP3,High Touch!
2355,2280,OP,OP4,High Touch! 2009
2356,2280,OP,OP5,Saikou Everyday!
2357,2280,OP,OP6,Saikou Everyday! (Band Version)
2358,2280,ED,ED1,Kimi no Soba de (Hikari no Theme)
2359,2280,ED,ED2,Kimi no Soba de Hikari no Theme (PopUp.Version)
2360,2280,ED,ED3,Kimi no Soba de Hikari no Theme (Winter.Version)
2361,2280,ED,ED4,Kaze no Message
2362,2280,ED,ED5,Kaze no Message (PokaPoka- Version.)
2363,2280,ED,ED6,Ashita wa Kitto
2364,2280,ED,ED7,Moeyo Giza Mimi Pichu!
2365,2280,ED,ED9,Kimi no Mune ni La La La
2366,2280,OP,OP1-EN,Diamond and Pearl
2367,2280,OP,OP2-EN,We Will Be Heroes
2368,2280,OP,OP4-EN,We Will Carry On!
1781,2281,OP,OP1-EN,Pokémon Chronicles theme
6703,2282,OP,OP1,Alola!!
6704,2282,OP,OP2,Mezase Pokemon Master -20th Anniversary-
6705,2282,OP,OP3,Mirai Connection
6706,2282,OP,OP4,Kimi no Bouken
6707,2282,ED,ED1,Pose
6708,2282,ED,ED2,Jari Boy・Jari Girl
6709,2282,ED,ED3,Breath
6710,2282,ED,ED4,Kokoro no Note
6711,2282,ED,ED5,Type:Wild
4984,2283,OP,OP1,V (Volt)
4985,2283,OP,OP2,Mega V (Volt)
4986,2283,OP,OP3,Getter Bang Bang
4987,2283,ED,ED1,The X Strait and the Y Scenery
4988,2283,ED,ED2,Peace Smile!
4989,2283,ED,ED3,DoriDori
4990,2283,ED,ED4,Gaogao All Stars
6118,2284,OP,OP1,XY&Z
6119,2284,ED,ED1,Puni-chan no Uta
6120,2284,OP,OP1-EN,Stand Tall
1744,2285,OP,OP1,Popotan Hatake de Tsukamaete
1745,2285,ED,ED1,S.U.K.I
8663,2286,OP,OP1,Twinkling star
8664,2286,OP,OP2,POP TEAM EPIC
8665,2286,ED,ED1,POPPY PAPPY DAY
8666,2286,ED,ED2,POPPY PAPPY DAY
8667,2286,ED,ED3,POPPY PAPPY DAY (Route66 Mix)
8668,2286,ED,ED4,POPPY PAPPY DAY (Route66 Mix)
8669,2286,ED,ED5,POPPY PAPPY DAY (8 BIT MIX)
8670,2286,ED,ED6,POPPY PAPPY DAY
8671,2286,ED,ED7,POPPY PAPPY DAY
8672,2286,ED,ED8,Jinsei
8673,2286,ED,ED9,Jinsei
8674,2286,ED,ED10,POPPY PAPPY DAY
9201,2287,OP,OP1,last sparkle
9202,2287,OP,OP2,Pretty candle star
2713,2288,OP,OP1,Katamichi Catchball
2714,2288,ED,ED1,Utatane
4857,2289,OP,OP1,Maru Kaite Poyon
3566,2290,OP,OP1,Kirakira Kawaii! Precure Daishuugou
3567,2290,ED,ED1,"Precure, Kiseki Deluxe"
3949,2291,OP,OP1,Kirakira Kawaii! Precure Daishuugou ~Kibou no Hikari~
3950,2291,ED,ED1,17 Jewels ~Precure Medley 2010~
4413,2292,OP,OP1,Kirakira Kawaii! Precure Daishuugou ~Inochi no Hana~
4414,2292,ED,ED1,Arigatou ga Ippai
6506,2293,ED,ED1,Ima Koko Kara
7180,2294,OP,OP1,Anata ga Iru Kara
7181,2294,ED,ED1,Minna ga Iru Kara☆Precure All Stars
4858,2295,OP,OP1,Precure ~Eien no Tomodachi~
4859,2295,ED,ED1,Yay! Yay! Yay!
5373,2296,OP,OP1,Precure ~Eien no Tomodachi~ (2013 Ver.)
5374,2296,ED,ED1,Kono Sora no Mukou
5939,2297,OP,OP1,(2014 Ver.)
5940,2297,ED,ED1,Precure Memory (New Stage 3 Version)
7894,2298,OP,OP1,Sakura Mission ~Precure Relation~
7895,2298,ED,ED1,Kimi wo Yobu Basho
9515,2299,OP,OP1,Healin' Good♥Precure Touch!!
9516,2299,ED,ED1,Miracle-tto♥Link Ring!
9345,2300,OP,OP1,Precure! Kana Yell☆Miracle
9346,2300,ED,ED1,WIN Kuru! Miracle Universe☆
8675,2301,OP,OP1,Ashita Egao ni Naare!
8676,2301,ED,ED1,Nanairo no Sekai
4295,2302,OP,OP1,You May Dream
5268,2303,OP,OP1,BOY MEETS GIRL
5269,2303,OP,OP2,EZ DO DANCE
5270,2303,OP,OP3,CRAZY GONNA CRAZY
5271,2303,OP,OP4,Butterfly Effect
5272,2303,ED,ED1,RainBowxRainBow
5273,2303,ED,ED2,§ Rainbow
5274,2303,ED,ED3,I wannabee myself ~Jibun Rashiku Itai~
5275,2303,ED,ED4,Happy ☆ Star Restaurant
7182,2304,OP,OP1,Strider's High
7183,2304,ED,ED1,Be My Steady
9909,2305,OP,OP1,Lost Princess
9910,2305,ED,ED1,Soredemo Tomo ni Aruiteiku
9911,2305,ED,ED2,Connecting Happy!!
3394,2306,OP,OP1,Princess Primp!
3395,2306,ED,ED1,S.S.D
7588,2307,OP,OP1,The Other Side of the Wall
7589,2307,ED,ED1,A Page of My Story
1537,2308,OP,OP1,Morning Grace
1538,2308,ED,ED1,Watashi No Ai Wa Chiisaikeredo
5644,2309,OP,OP1,Make it!
5645,2309,OP,OP2,Miracle☆Paradise
5646,2309,OP,OP3,Realize!
5647,2309,OP,OP4,Dream Parade
5648,2309,OP,OP5,Bright Fantasy
5649,2309,OP,OP6,Goin'on
5650,2309,OP,OP7,Ready Smile!!
5651,2309,OP,OP8,Brand New Dreamer
5652,2309,OP,OP12,Shining Star
5653,2309,ED,ED1,Jumpin' Dancin'
5654,2309,ED,ED2,Kiraki Runway☆
5655,2309,ED,ED3,I Just Wanna Be With You ~Virtual and Real no Hazama de~
5656,2309,ED,ED4,Idol Kinryoku♥Lesson Go!
5657,2309,ED,ED5,Mune Kyun Love Song
5658,2309,ED,ED6,Rainbow Melody♪
5659,2309,ED,ED7,ThankYou ♥ Birthday
5660,2309,ED,ED9,LOVE TROOPER
5661,2309,ED,ED10,PriPara☆Dancing!!!
5662,2309,ED,ED11,Growin' Jewel!
7736,2310,OP,OP1,Tokubetsu Ichiban!!
7737,2310,OP,OP2,Twins
7738,2310,OP,OP3,Colorful
7739,2310,ED,ED1,Honey and Loops
7740,2310,ED,ED2,"Fuwari, Korori, Karan, Koron"
7741,2310,ED,ED3,Uchouten Traveler
2665,2311,OP,OP1,Soshite Boku wa...
2666,2311,ED,ED1,Opera Fantasia
6239,2312,OP,OP1,Ai no Prison
6240,2312,ED,ED1,Tsumibukaki Oretachi no Sanka
9785,2313,OP,OP1,Praeter no Kizu
9786,2313,ED,ED1,BUSTLING SHOW
9203,2314,ED,ED1,Inferno
9204,2314,ED,ED2,Koori ni Tojikomete
4526,2315,OP,OP1,abnormalize
4527,2315,OP,OP2,Out of Control
4528,2315,ED,ED1,Namae no nai Kaibutsu
4529,2315,ED,ED2,All Alone With You
5511,2316,OP,OP1,Enigmatic Feeling
5512,2316,ED,ED1,Fallen
8872,2317,OP,OP1,Q-vism
8873,2317,ED,ED1,bullet
10053,2318,OP,OP1,Synthetic Sympathy
10054,2318,ED,ED1,red strand
6507,2319,OP,OP1,Who What Who What
6508,2319,ED,ED1,Namae no nai Kaibutsu
9347,2320,OP,OP1,Abnormalize (Remixed by Masayuki Nakano)
9348,2320,ED,ED1,Fallen (Remixed by Masayuki Nakano)	
9349,2321,OP,OP1,Abnormalize (Remixed by Masayuki Nakano)
9350,2321,ED,ED1,All Alone with You (Remixed by Masayuki Nakano)
9351,2322,OP,OP1,Abnormalize (Remixed by Masayuki Nakano)
9352,2322,ED,ED1,Namae no Nai Kaibutsu (Remixed by Masayuki Nakano)
389,2323,OP,OP1,Kodoku no Tabiji ~Lonely Journey~
1519,2324,OP,OP1,Egao no Tensai
1520,2324,ED,ED1,Ienai kara
5375,2325,ED,ED1,A-Ri-Ga-To YESTERDAYS
5376,2325,ED,ED2,TODAY with ME
5377,2325,ED,ED3,Maybe TOMORROW
5378,2325,ED,ED4,La♪ La♪ La♪ Wonderland
5840,2326,ED,ED1,Ohayo Sunshine
5841,2326,ED,ED2,Hitoribocchi no Uta
5842,2326,ED,ED3,Hello Lunchtime
5843,2326,ED,ED4,Goodnight Stars
5844,2326,ED,ED5,La♪ La♪ La♪ Wonderland (Tropical Remix)
2369,2327,OP,OP1,Aoki Flamme
2370,2327,ED,ED1,Mercury Go
6419,2328,OP,OP1,PUNCH LINE!
6420,2328,ED,ED1,Honey Honey Honey
1414,2329,OP,OP1,Punipuni Densetsu-poi☆
1415,2329,ED,ED1,Yume Warai Uhyohyo
5941,2330,OP,OP1,pupa
5942,2330,ED,ED1,Dare yori Suki na no ni
8486,2331,OP,OP1,Everybody GO!
8487,2331,OP,OP2,Hallelujahlujah
8488,2331,ED,ED1,▷START
8489,2331,ED,ED2,Träumerei
8490,2331,ED,ED3,Smash Drop
8491,2331,ED,ED4,GET OVER
8492,2331,ED,ED5,Friendship No.1
8493,2331,ED,ED6,PEACE!!!
6865,2332,OP,OP1,WE ARE GO
6866,2332,OP,OP2,Colors
6867,2332,OP,OP3,Montage
6868,2332,ED,ED1,ColorFULL Combo
6869,2332,ED,ED2,Puzzle
6870,2332,ED,ED3,Colorful Jump
6871,2333,OP,OP1,Brave Freak Out
6872,2333,OP,OP2,AxxxiS
6873,2333,ED,ED1,Gravity
6874,2333,ED,ED2,Yakusoku -Promise code-
6875,2333,ED,ED3,clever
3316,2334,OP,OP1,Ochinai Sora
3317,2334,ED,ED1,Buddy-body
4737,2335,OP,OP1,Inochi no Uta ga Kikoeru
4738,2335,ED,ED1,future is serious
3477,2336,OP,OP1,Get the door
3478,2336,ED,ED1,Omoide to Yakusoku
3756,2337,ED,ED1,Bitoushi Carnival ~Taoreru Toki wa Maemuki ni~ um:1
3757,2337,ED,ED2,Bitoushi Carnival ~Taoreru Toki wa Maemuki ni~ dois:2
3758,2337,ED,ED3,Bitoushi Carnival ~Taoreru Toki wa Maemuki ni~ tres:3
3759,2337,ED,ED4,Bitoushi Carnival ~Taoreru Toki wa Maemuki ni~ quatro:4
3760,2337,ED,ED5,Bitoushi Carnival ~Taoreru Toki wa Maemuki ni~ cinco:5
3761,2337,ED,ED6,Bitoushi Carnival ~Taoreru Toki wa Maemuki ni~ seis:6
3077,2338,OP,OP1,Kenja no Michi
3078,2338,ED,ED1,Mirai no Minna
4157,2339,OP,OP1,Maji Yaba Mousou LOVE♥
4158,2339,ED,ED1,HIRAMEKI! Peace (≧▽≦)v
1380,2340,OP,OP1,R.O.D Theme
1682,2341,OP,OP1,R.O.D.
1683,2341,ED,ED1,Moments in the Sun
1684,2341,ED,ED2,Confidence
8049,2342,OP,OP1,Utopia
8050,2342,ED,ED1,Radiant
8051,2342,ED,ED2,Kimi no Mirai
8874,2343,OP,OP1,Naraku
8875,2343,ED,ED1,Chitto mo Shiranakatta
2019,2344,OP,OP1,We are the Stars
2020,2344,ED,ED1,Alive
1637,2345,OP,OP1,Hemisphere
1638,2345,ED,ED1,Yume no Tamago (English Version)
9517,2346,ED,ED1,Wonderful Rail
9518,2346,ED,ED2,Singing Wheel
9519,2346,ED,ED3,Bon Voy@ge!
5663,2347,OP,OP1,Mukai Kaze ni Utarenagara
5664,2347,ED,ED1,OVERDRIVER
3856,2348,OP,OP1,We're not alone
3857,2348,ED,ED1,A FAR-OFF DISTANCE
6121,2349,OP,OP1,Identity
6122,2349,ED,ED1,Haramitsu Renka
8677,2350,OP,OP1,FEELING AROUND
8678,2350,ED,ED1,LOVE MEN HOLIC
390,2351,OP,OP1,Jaja Uma ni Sasenai de
391,2351,OP,OP2,Little ★ Date
392,2351,OP,OP3,Omoide ga Ippai
393,2351,OP,OP4,Zettai! Part 2
394,2351,OP,OP5,Chikyuu Orchestra
395,2351,OP,OP6,Mou Nakanaide
396,2351,OP,OP7,Love Seeker CAN'T STOP IT
397,2351,ED,ED1,Platonic Tsuranuite
398,2351,ED,ED2,Equal Romance
399,2351,ED,ED3,〜Don't mind lay-lay Boy〜
400,2351,ED,ED4,Lambada☆RANMA
401,2351,ED,ED5,Present
402,2351,ED,ED6,Friends
403,2351,ED,ED7,Hinageshi
404,2351,ED,ED8,POSITIVE
405,2351,ED,ED9,Niji to Taiyou no Oka
1038,2352,OP,OP1,Love! Panic
6241,2353,OP,OP1,Speed to Masatsu
6242,2353,ED,ED1,Mikazuki
1039,2354,ED,ED1,All You Need Is Love
5276,2355,OP,OP1,Small worldrop
5277,2355,ED,ED1,Yokan
5278,2355,ED,ED2,Yokan (Izumiko version)
6421,2356,OP,OP1,Colorful Story
6422,2356,ED,ED1,Kesalan Patharan
5665,2357,OP,OP1,Sen no Tsubasa
5666,2357,ED,ED1,Brand New World
7742,2358,OP,OP1,gravityWall
7743,2358,OP,OP2,sh0ut
7744,2358,ED,ED1,NEWLOOK
7745,2358,ED,ED2,world Étude
7746,2358,ED,ED3,Rubikon
1948,2359,OP,OP1,Cutie Honey
1949,2359,ED,ED1,Into your heart
9021,2360,OP,OP1,Brilliant Wings
9022,2360,OP,OP2,"Don't think, Smile!!"
9023,2360,OP,OP3,"Yes, We Are!!!"
9024,2360,ED,ED1,Akogare Future Sign
9025,2360,ED,ED2,Sensei Sensation
9026,2360,ED,ED3,367Days
7053,2361,OP,OP1,Redo
7054,2361,OP,OP2,Paradisus-Paradoxum
7055,2361,ED,ED1,STYX HELIX
7056,2361,ED,ED2,STRAIGHT BET
7057,2361,ED,ED3,Stay Alive
7058,2361,ED,ED4,theater D
7059,2361,ED,ED5,Chinmoku no Requiem
7060,2361,ED,ED6,Wishing
9602,2362,OP,OP1,Realize
9603,2362,ED,ED1,Memento
9787,2363,OP,OP1,Long shot
9788,2363,ED,ED1,Memento
9789,2363,ED,ED2,Door
9790,2363,ED,ED3,Believe in you
9791,2363,ED,ED4,Anata no Shiranai Koto
8876,2364,ED,ED1,Yuki no Hate ni Kimi no Na wo
8052,2365,ED,ED1,White White Snow
2591,2366,OP,OP1,Cheer! ~Makka na Kimochi~
2592,2366,ED,ED1,Devotion
4860,2367,ED,ED1,Glitter
5134,2368,ED,ED1,One Two Hello
4739,2369,ED,ED1,Stare
3396,2370,ED,ED1,REDLINE DAY
6876,2371,OP,OP1,Divine Spell
6877,2371,ED,ED1,Patria
7896,2372,OP,OP1,Genkai Kentobashite
7897,2372,ED,ED1,Chikara ni Kaeta
7184,2373,OP,OP1,Fast End
7185,2373,ED,ED1,Kizuna
1040,2374,OP,OP1,Nanka Shiawase
1041,2374,ED,ED1,Love is Changing
1042,2374,ED,ED2,Zutto Kimi ni Soba de
8053,2375,OP,OP1,Spatto! Spy & Spyce
8054,2375,ED,ED1,Hide & Seek
8055,2375,ED,ED2,Tsuki Musubi
6878,2376,OP,OP1,Button
6879,2376,ED,ED1,Iijuu★Rider
6880,2376,ED,ED2,HOT LIMIT
6881,2376,ED,ED3,Timing
6882,2376,ED,ED4,HONEY
6883,2376,ED,ED5,Kore ga Watashi no Ikiru Michi
6884,2376,ED,ED6,Sunny Day Sunday
6885,2376,ED,ED7,Saudade
6886,2376,ED,ED8,Yuki no Hana
6887,2376,ED,ED9,There will be love there -Ai no Aru Basho-
6888,2376,ED,ED10,Asu e no Tobira
6889,2376,ED,ED11,PIECES OF A DREAM
6890,2376,ED,ED12,Natsumatsuri
6891,2376,ED,ED13,Button
8679,2377,OP,OP1,Button
8680,2377,ED,ED1,Hana
8681,2377,ED,ED2,CHE.R.RY
8682,2377,ED,ED3,LA・LA・LA LOVE SONG
8683,2377,ED,ED4,Button
7747,2378,OP,OP1,Koi? de Ai? de Boukun desu!
7748,2378,ED,ED1,'Suku' wo Oshiete
7749,2378,ED,ED2,'Suki' wo Oshiete Kudasai
8056,2379,OP,OP1,PARADOX
8057,2379,ED,ED1,Toki no Tsubasa
8058,2379,ED,ED2,Toki no Tsubasa
8059,2379,ED,ED3,Toki no Tsubasa
9353,2380,OP,OP1,Wagamama de Gomakasanai de
9354,2380,ED,ED1,Curtain Call
6892,2381,OP,OP1,Philosophyz
6893,2381,OP,OP2,End of the World
6894,2381,ED,ED1,Sasayaki na Hajimari
6895,2381,ED,ED2,Koibumi
6896,2381,ED,ED3,Sunbright
6897,2381,ED,ED4,Word of Dawn
6898,2381,ED,ED5,Itsuwaranai Kimi e
6899,2381,ED,ED6,Yami no Kanata e
7898,2382,OP,OP1,Tabi
7899,2382,OP,OP2,Last Desire
7900,2382,ED,ED1,Daisy Memory
7901,2382,ED,ED2,a seed leaf
7902,2382,ED,ED3,Watari no Uta
7903,2382,ED,ED4,Instincts
7904,2382,ED,ED5,Canoe
22,2383,OP,OP1,Ribbon No Kishi
23,2383,ED,ED1,Ribbon No March
3568,2384,OP,OP1,RIDEBACK
3569,2384,ED,ED1,Kioku
8877,2385,OP,OP1,Let's go! Rifling4!!!!
8878,2385,ED,ED1,Yuuyake Friends
10055,2386,OP,OP1,PARADOX
10056,2386,ED,ED1,Turing Love
4861,2387,OP,OP1,TRY Unite!
4862,2387,ED,ED1,Hello!
4740,2388,OP,OP1,TRY Unite!
4741,2388,ED,ED1,Hello!
4657,2389,OP,OP1,Marble
4658,2389,ED,ED1,Jersey-Bu Tamashi!
4659,2389,ED,ED2,Wasurenai yo.
9355,2390,ED,ED1,Ukiyo ni Hana
9356,2390,ED,ED2,Yume ni Yowasarete
9357,2390,ED,ED3,NAKED ECHO
9358,2390,ED,ED4,Sora Omoi ~Dattanjin no Odori~
9359,2390,ED,ED5,Ganbarima Sengen
9360,2390,ED,ED6,Mukudori Bojou
9361,2390,ED,ED7,Ito no Yume
9362,2390,ED,ED8,Roudousha no Ballad
9363,2390,ED,ED9,Koi ga Hajimara Night
9364,2390,ED,ED10,Numa
9365,2390,ED,ED11,Tokyo Shinobi Saki
9366,2390,ED,ED12,Dear Gemstones
4415,2391,OP,OP1,Sekai to Issho ni Mawarou yo!
4416,2391,ED,ED1,Miracle☆Chance
3479,2392,OP,OP1,Marigold
3480,2392,ED,ED1,Suteki na Kajitsu
1581,2393,OP,OP1,Hajimete Shimasho!
1582,2393,ED,ED1,Honki PAWAA no Dasshu!
1583,2393,ED,ED2,To My Husband
4159,2394,OP,OP1,SHOOT!
4160,2394,ED,ED1,Party Love ~Okkiku Naritai~
5135,2395,OP,OP1,Get goal!
5136,2395,ED,ED1,Rolling! Rolling!
9205,2396,OP,OP1,Tensai no Playlist
9206,2396,ED,ED1,Dancing to Night ~Kimi e no Saidan Warp Kouro~
1043,2397,OP,OP1,Wood Walker
7378,2398,OP,OP1,super nova
7379,2398,ED,ED1,Higher Maker
5943,2399,OP,OP1,Robot Girls Z
5944,2399,ED,ED1,Team Z no Chikara!
4530,2400,OP,OP1,Junjou Spectra
4531,2400,OP,OP2,Houkyou no Messiah
4532,2400,ED,ED1,Umikaze no Brave
4533,2400,ED,ED2,Topology
1584,2401,OP,OP1,Kaze wo Tsukinukete
1585,2401,ED,ED1,Piece of Peace
1586,2401,ED,ED2,begin the TRY
1685,2402,OP,OP1,Futatsu no Mirai
1686,2402,ED,ED1,Hikari Todoku Basho
2098,2403,OP,OP1,Shouri no Uta
2099,2403,ED,ED1,Ashiato
2241,2404,OP,OP1,Be Somewhere
1887,2405,OP,OP1,Be Somewhere
1888,2405,ED,ED1,Doobee DooWap Communication
6243,2406,OP,OP1,Cry for the Truth
6244,2406,OP,OP2,Black Swallowtail
6245,2406,ED,ED1,Secret Sky
6246,2406,ED,ED2,Dance in the Fake
6247,2406,ED,ED3,Nameless Heart
7750,2407,OP,OP1,Blow out
7751,2407,ED,ED1,Precious You☆
8494,2408,OP,OP1,Sakurairo Cliché
8495,2408,ED,ED1,Clover
8496,2408,ED,ED2,
8497,2408,ED,ED3,Clover
5667,2409,OP,OP1,Koukan win-win Mujouken
5668,2409,ED,ED1,Koi wa Milk Tea
406,2410,OP,OP1,Uchuu no Ouja! GodMars
6509,2411,OP,OP1,Hito ni Yasashiku
6510,2411,ED,ED1,Tsuki no Bakugekiki
6511,2411,ED,ED2,Noutenki
6512,2411,ED,ED3,STONES
6513,2411,ED,ED3-EN,STONES
1044,2412,OP,OP1,Sora e...
1045,2412,ED,ED1,Si Si Ciao -Romana no Oka de-
2822,2413,OP,OP1,Inori ~You Raise Me Up~
2823,2413,ED,ED1,Cyclone
2824,2413,ED,ED2,"Good bye, Yesterday"
7752,2414,ED,ED1,Kimiiro Smile
3235,2415,OP,OP1,COSMIC LOVE
3236,2415,ED,ED1,Dancing in the velvet moon
3018,2416,OP,OP1,DISCOTHEQUE
3019,2416,ED,ED1,Trinity Cross
127,2417,OP,OP1,Bara wa Utsukushiku Chiru
128,2417,ED,ED1,Ai no Hikari to Kage
1889,2418,OP,OP1,Kinjirareta Asobi
1890,2418,ED,ED1,Tomei Shelter
5137,2419,OP,OP1,Watashi no Bara wo Haminasai
5138,2419,ED,ED1,Alternative
2371,2420,OP,OP1,Baragoku Otome
2372,2420,ED,ED1,Utsusemi no Kage
2100,2421,OP,OP1,Seishoujo Ryouiki
2101,2421,ED,ED1,Hikari no Rasenritsu
1046,2422,OP,OP1,Come On! Hepoi
1047,2422,ED,ED1,Dynamite CAT
7061,2423,ED,ED1,Crush
1714,2424,OP,OP1,Tsuzureori
1715,2424,ED,ED1,Sayonara
10057,2425,OP,OP1,LION
10058,2425,ED,ED1,Ray of Light
1048,2426,OP,OP1,Sobakasu
1049,2426,OP,OP2,1/2
1050,2426,OP,OP3,Kimi ni Fureru Dake de
1051,2426,ED,ED1,Tactics
1052,2426,ED,ED2,Namida wa Shitteiru
1053,2426,ED,ED3,HEART OF SWORD ~Yoake Mae~
1054,2426,ED,ED4,the Fourth Avenue Café
1055,2426,ED,ED5,It's gonna rain!
1056,2426,ED,ED6,1/3 no Junjou na Kanjou
1057,2426,ED,ED7,Dame!
7905,2427,OP,OP1,Bokura ga Tabi ni Deru Riyuu
5845,2428,OP,OP1,Butterfly Effect
5846,2428,ED,ED1,Kasukana Hisokana Tashikana Mirai
8684,2429,OP,OP1,Korekara
8685,2429,ED,ED1,Mamoritai Mono no Tame ni
8686,2429,ED,ED2,Ano Hi no Yume
1321,2430,OP,OP1,Reckless fire
1322,2430,OP,OP2,Drastic my soul
1323,2430,ED,ED1,Drastic my soul
1324,2430,ED,ED2,Tabidachi no kane ga naru
4052,2431,ED,ED1,Reckless fire 2011
4863,2432,ED,ED1,SPIRITS
5669,2433,OP,OP1,YES!!
5670,2433,ED,ED1,Piti Pati SurviBird
1058,2434,OP,OP1,Proof of Myself
1059,2434,ED,ED1,Lively Motion
11570,2434,ED,ED2,Kaze to Sora wo Koete
11571,2434,ED,ED3,Issho ni
4161,2435,OP,OP1,stone cold
4162,2435,OP,OP2,Kiseki
4163,2435,ED,ED1,Kiseki
4164,2435,ED,ED2,stone cold
6514,2436,OP,OP1,Kimi-iro Signal
6515,2436,ED,ED1,Colorful.
7753,2437,OP,OP1,Stella Breeze
7754,2437,ED,ED1,Sakura-iro Diary
7755,2437,ED,ED2,Seishun Prologue
7756,2438,OP,OP1,Stella Breeze
7757,2438,ED,ED1,365-iro Palette
8879,2439,OP,OP1,icy tail YO!
8880,2439,ED,ED1,glory days
10059,2440,ED,ED1,Moratorium
7186,2441,OP,OP1,Hiryuu no Kishi
7187,2441,ED,ED1,Lime Tree
6900,2442,OP,OP1,Seishun wa Zankoku ja nai
6901,2442,OP,OP2,Sai Psi Sai Kouchou!
6902,2442,ED,ED1,Ψ desu I LIKE YOU
6903,2442,ED,ED2,Kokoro
8687,2443,OP,OP1,Ψlent Prisoner
8688,2443,OP,OP2,Oteage Psychics
8689,2443,ED,ED1,Ψ Hakkenden!
8690,2443,ED,ED2,Duet♡ShitekudaΨ
5945,2444,OP,OP1,BINKAN♡Attention
5946,2444,ED,ED1,Charming Do!
407,2445,OP,OP1,Saikyou Robot Daioja
7590,2446,OP,OP1,move on! Ibaramichi
7591,2446,ED,ED1,Refrain
408,2447,OP,OP1,Pegasus Gensou
409,2447,OP,OP2,Saint Shinwa
410,2447,ED,ED1,Eien Blue
411,2447,ED,ED2,Yume Tabibito
3237,2448,OP,OP1,Megami no Senshi ~Pegasus Forever~
3238,2448,ED,ED1,Kami no En ~Del regno~
1521,2449,OP,OP1,Chikyuugi
1522,2449,ED,ED1,Kimi to Onaji Aozora
2102,2450,OP,OP1,Megami no Senshi ~Pegasus Forever~
2103,2450,ED,ED1,Takusu mono e ~My Dear~
4742,2451,OP,OP1,Pegasus Fantasy ~Omega version~
4743,2451,OP,OP2,Next Generation
4744,2451,OP,OP3,Saint Evolution
4745,2451,OP,OP4,Senkou Strings
8060,2452,OP,OP1,The Beautiful Brave
8061,2452,ED,ED1,Hohoemi no Resonance
8062,2452,ED,ED2,Arasoi Shi ni Yuku Monotachi ni Shukufuku wo
6423,2453,OP,OP1,Saint Shinwa ~Soldier Dream~
6424,2453,ED,ED1,Yakusoku no Ashita e
1539,2454,OP,OP1,Koisuru Kimochi
1540,2454,ED,ED1,Sayonara
2513,2455,OP,OP1,Hajimari no Kaze
2514,2455,ED,ED1,Saikou no Kataomoi
2825,2456,OP,OP1,Hajimari no Kaze
2826,2456,ED,ED1,Asu he
4746,2457,OP,OP1,Sakamichi no Melody
4747,2457,ED,ED1,Altair
7062,2458,OP,OP1,COOLEST
7063,2458,ED,ED1,Nakushita Hibi ni Sayonara
4991,2459,ED,ED1,Patema Inverse
3481,2460,OP,OP1,Glossy:MMM
3482,2460,OP,OP2,bloooomin'
3483,2460,ED,ED1,Netsuretsu Kangei Wonderland
3484,2460,ED,ED2,Zankoku na Negai no Naka de
3485,2460,ED,ED3,Shikakui Uchuu de Matteru yo
4748,2461,OP,OP1,MIRACLE RUSH
4749,2461,ED,ED1,SquarePanicSerenade
4750,2461,ED,ED2,Futuristic Player
5379,2462,OP,OP1,TSU・BA・SA
5947,2463,OP,OP1,New SPARKS!
5948,2463,ED,ED1,New SPARKS!
5949,2463,ED,ED2,TRUE GATE
5950,2463,ED,ED3,Kono Te ga Kiseki wo Eranderu Miyamori Joshi Koukou ver.
5951,2463,ED,ED4,Kono Te ga Kiseki wo Eranderu Eisui Joshi Koukou ver.
5952,2463,ED,ED5,Kono Te ga Kiseki wo Eranderu Himematsu Joshi Koukou ver.
5953,2463,ED,ED6,Glossy:MMM
1687,2464,OP,OP1,Jun
1688,2464,ED,ED1,Trust Me
412,2465,OP,OP1,Yogorechimatta Kanashimi ni...
413,2465,ED,ED1,Ikujidai Arimashite
7758,2466,OP,OP1,Morning Glory
7759,2466,OP,OP2,Lupinus
7760,2466,ED,ED1,Freesia
7761,2466,ED,ED2,Baby's Breath
1226,2467,OP,OP1,Geki Teikoku Kagekidan
1227,2467,ED,ED1,Yume Mite Iyou
1228,2467,ED,ED2,Gekitei Ondo
5954,2468,OP,OP1,Won(*3*)Chu KissMe!
5955,2468,ED,ED1,Kiss(and)Love
5956,2468,ED,ED2,Sakura Sweet Kiss
7762,2469,OP,OP1,Reset ~Acoustic Version~
7763,2469,OP,OP2,Reset
7764,2469,OP,OP3,Dakara Boku wa Boku wo Tebanasu
7765,2469,ED,ED1,Tonari Au
7766,2469,ED,ED2,Colors of Happiness
6123,2470,OP,OP1,Dear Answer
6124,2470,ED,ED1,Uchiyoserareta Boukyaku no Zankyou ni
4534,2471,OP,OP1,Kimi ga Yume wo Tsuretekita
4535,2471,OP,OP2,Yume no Tsuzuki
4536,2471,OP,OP3,I call your name again
4537,2471,ED,ED1,DAYS of DASH
4538,2471,ED,ED2,Prime number ~Kimi to Deaeru Hi~
4539,2471,ED,ED3,Kyou no Hi wa Sayounara
1950,2472,OP,OP1,UNLIMITED
1951,2472,ED,ED1,Fuhen
1952,2472,OP,OP1-Animax,UNLIMITED
2021,2473,OP,OP1,Battlecry
2022,2473,ED,ED1,Shiki no Uta
2023,2473,ED,ED2,Who's Theme
2024,2473,ED,ED3,YOU
2025,2473,ED,ED4,FLY [SMALL CIRCLE OF FRIENDS]
2026,2473,ED,ED5,San Francisco
1541,2474,OP,OP1,Ao no Requiem
1542,2474,ED,ED1,LOVE DEEPER
4992,2475,OP,OP1,JUST ONE LIFE
4993,2475,OP,OP2,Ai Ai AI ni Utarete Bye Bye Bye
4994,2475,ED,ED1,Date TIME
4995,2475,ED,ED2,Namida Hoshi
4996,2475,ED,ED3,Flight 23-ji
4997,2475,ED,ED4,Macaron DAYS
4751,2476,OP,OP1,Esoragoto
4752,2476,ED,ED1,Above your hand
8691,2477,OP,OP1,Seishun Interlude
8692,2477,ED,ED1,Now on dream!
8693,2477,ED,ED2,Kokoro ni Hanataba Wo
7064,2478,OP,OP1,Clover♣Kakumation
7065,2478,ED,ED1,Goochoki Parade
5513,2479,ED,ED1,Kimi e Okuru Mahou
5514,2480,OP,OP1,Haru no Sakebi
5515,2480,ED,ED1,Player
3858,2481,OP,OP1,Sign of Love
3859,2481,ED,ED1,all I need is...
9207,2482,OP,OP1,Massara
9208,2482,ED,ED1,Stand by me
8498,2483,OP,OP1,divine criminal
8499,2483,ED,ED1,décadence
6425,2484,ED,ED1,Saihate ga Mitai
3318,2485,OP,OP1,Kanashii Hodo Aoku
3319,2485,ED,ED1,Niji-iro Pocket
2515,2486,OP,OP1,Sweet MAGIC
2516,2486,ED,ED1,Kirakira Days
2373,2487,OP,OP1,Sweet MAGIC
2374,2487,ED,ED1,Yuuyake no Solitude
5380,2488,OP,OP1,Alteration
5381,2488,ED,ED1,Shintouatsu Symphony
8253,2489,OP,OP1,Vital
8254,2489,ED,ED1,Pray
8694,2490,ED,ED1,Viator
2715,2491,OP,OP1,Hito toshite Jiku ga Bureteiru
2716,2491,OP,OP2,Gouin ni Mai Yeah~
2717,2491,ED,ED1,Zessei Bijin
6904,2492,OP,OP1,Ao to Kurenai no Forzato
6905,2492,ED,ED1,old revelation
6906,2492,ED,ED2,Dan-Gun-Xechs
6907,2492,ED,ED3,path of truth
6908,2492,ED,ED4,STARDUST LOVERS
7906,2493,OP,OP1,Mirai-kei Strikers
7907,2493,ED,ED1,Kitto Wonderful!
2718,2494,OP,OP1,Innocent Blue
2719,2494,ED,ED1,Usotsuki
2720,2494,ED,ED2,Ai no kakera
2721,2494,ED,ED3,Waltz
2722,2494,ED,ED4,Kioku no Umi
2723,2494,ED,ED5,Look at Me
2724,2494,ED,ED6,Namida no Riyuu
2725,2494,ED,ED7,Anata ga... Inai
2726,2494,ED,ED8,Still I Love You ~Mitsumeru Yori wa Shiawase~
1891,2495,OP,OP1,Scramble
1892,2495,OP,OP2,Umi no Otoko wa yo
1893,2495,ED,ED1,Onna no Ko Otoko no Ko
1894,2495,ED,ED2,Hatenkou Robo Dojibiron no Tema
1895,2495,ED,ED3,School Rumble 4 Ever
2517,2496,OP,OP1,Sentimental Generation
2518,2496,ED,ED1,Kono Namida ga Aru kara Tsugi no Ippo to Naru
2519,2496,ED,ED3,Futari wa Wasurechau
7188,2497,OP,OP1,white forces
7189,2497,ED,ED1,Kanashimi ga Jidai o Kakeru
1746,2498,OP,OP1,Little Wing
1747,2498,ED,ED1,Daichi no la-li-la
9027,2499,OP,OP1,Removes
9028,2499,ED,ED1,Tri-Alive
10166,2499,ED,ED2,REW
414,2500,OP,OP1,Fushigi Call Me
415,2500,ED,ED1,Yume Ginga
416,2500,OP,OP1-EN,Saber Rider and the Star Sheriffs
417,2500,ED,ED1-EN,Saber Rider and the Star Sherrifs (Ending Version)
1060,2501,OP,OP1,Through the Night
1061,2501,ED,ED1,Hiru no Tsuki
1062,2501,ED,ED2,Tsuki no Ie
1063,2502,OP,OP1,All My Soul
1064,2502,ED,ED1,True Moon
1065,2503,OP,OP1,Opening Theme
1066,2503,ED,ED1,Ushinawareta Aozora
1229,2504,OP,OP1,Seikai no Senki
1230,2504,ED,ED1,Pink
1325,2505,OP,OP1,Main Theme (Seikai no Senki II Version)
1326,2505,ED,ED1,Farewell to my love
2137,2506,OP,OP1,Main Theme (Seikai no Senki III Version)
2138,2506,ED,ED1,Tenohira no Yume
7767,2507,OP,OP1,Tabiuta
7768,2507,ED,ED1,Eien no Kotae
3320,2508,OP,OP1,JUSTICE of LIGHT
3321,2508,ED,ED1,Miracle Happy Day
6516,2509,OP,OP1,Hi no Ito Rinne no Gemini
6517,2509,ED,ED1,Magna Idea
3762,2510,OP,OP1,Flying Humanoid
3763,2510,ED,ED1,Kimi ga Iru Basho
5847,2511,OP,OP1,Seiken nante Iranai
5848,2511,ED,ED1,MOST Ijou no 'MOSTEST'
5849,2511,ED,ED2,MOST Ijou no 'MOSTEST'
5850,2511,ED,ED3,MOST Ijou no 'MOSTEST'
3951,2512,OP,OP1,Errand
3952,2512,OP,OP2,Baptize
3953,2512,ED,ED1,Passionate squall
3954,2512,ED,ED2,Mimei no Inori
3955,2512,ED,ED3,Wishes Hypocrites
4296,2513,OP,OP1,"Rasen, Arui wa Seinaru Yokubou"
4297,2513,ED,ED1,metaphor
2827,2514,OP,OP1,SHINE
2828,2514,ED,ED1,Itoshii Hito e
5671,2515,OP,OP1,Kyoumei no True Force
5672,2515,ED,ED1,Blade Dance
7908,2516,OP,OP1,Kimi no Hana
7909,2516,ED,ED1,Shunkan Happening
7910,2516,ED,ED2,Akane-iro ni Kakushite
7911,2516,ED,ED3,Muteki no Megami
7912,2516,ED,ED4,Kimi to Yozora to Fortune to
7913,2516,ED,ED5,Koi no Theory
7914,2516,ED,ED6,Futari Fuwari Ra
7066,2517,OP,OP1,Resonant Heart
7067,2517,ED,ED1,Xenotopia
8063,2518,OP,OP1,Kimi no Sei
8064,2518,ED,ED1,Fukashigi no Karte
8065,2518,ED,ED2,Fukashigi no Karte
8066,2518,ED,ED3,Fukashigi no Karte
8067,2518,ED,ED4,Fukashigi no Karte
8068,2518,ED,ED5,Fukashigi no Karte
8069,2518,ED,ED6,Fukashigi no Karte
9209,2519,ED,ED1,Fukashigi no Karte movie ver.
3322,2520,OP,OP1,Treasure
3323,2520,ED,ED1,Mousou Fetish
3324,2520,ED,ED2,Up Up Down Down Left Right Left Right B A
3325,2520,ED,ED3,Mousou Fetish ~Shiina Shimai ver.~
3326,2520,ED,ED4,Mousou Fetish ~2 ban~
3327,2520,ED,ED5,Up Up Down Down Left Right Left Right B A ~Ganbare Kurimu ver.~
3328,2520,ED,ED6,Up Up Down Down Left Right Left Right B A ~2 ban~
3329,2520,ED,ED7,Mousou Fetish ~Sasuga!! Chizuru ver.~
3330,2520,ED,ED8,Up Up Down Down Left Right Left Right B A ~Shiina sisters ver.~
3331,2520,ED,ED9,Yurupa☆Wonderful
3332,2520,ED,ED10,Yurupa☆Wonderful ~Kurimu & Chizuru ver.~
3333,2520,ED,ED11,Zettai Kaichou Sengen?
3334,2520,ED,ED12,Yurupa☆Wonderful ~2 ban~
4540,2521,OP,OP1,Precious
4541,2521,ED,ED1,Fo(u)r Seasons
4542,2521,ED,ED2,"Hitsuji ga Ippiki, Nihiki Kazoete Nemashou"
4543,2521,ED,ED3,KIZUNA
4544,2521,ED,ED4,Chouzetsu☆Coquettish
4545,2521,ED,ED5,Pure Pure Canvas
4546,2521,ED,ED6,☆Pa Pi Pu Pe Policy☆
4547,2521,ED,ED7,Kuusou☆S'il Vous Plaît
4548,2521,ED,ED8,Aoi Hoshi ni Umarete
4549,2521,ED,ED9,BLUE SKY
3764,2522,OP,OP1,Yamato Nadeshiko Education
3765,2522,ED,ED1,Aoi Haru
5957,2523,OP,OP1,Hanasaku☆Saikyou Legend Days
5958,2523,ED,ED1,Mirai Night
4998,2524,OP,OP1,Beautiful Dreamer
4999,2524,ED,ED1,Fan Fanfare!!!
5000,2524,ED,ED2,Sorairo Monologue
5959,2525,OP,OP1,Be mine!
5960,2525,ED,ED1,Bijoumania
4298,2526,OP,OP1,Sekai de Ichiban Koishiteru
4299,2526,ED,ED1,"Ashita, Boku wa Kimi ni Ai ni Iku."
4053,2527,OP,OP1,Sekai no Hate ni Kimi ga Itemo
4054,2527,ED,ED1,Aikotoba
10060,2528,ED,ED1,Mirai mo Kimi no Te no Naka de
3079,2529,OP,OP1,Sekirei
3080,2529,ED,ED1,Dear sweet heart
3081,2529,ED,ED2,Kimi wo Omou Toki
3766,2530,OP,OP1,Hakuyoku no Seiyaku ~Pure Engagement~
3767,2530,ED,ED1,Onnaji Kimochi
3768,2530,ED,ED2,Oboetiru Kara
7190,2531,ED,ED1,Hoshizora Rendezvous
7191,2532,ED,ED1,Love your enemies
5851,2533,OP,OP1,killy killy JOKER
5852,2533,ED,ED1,realize -Yume no Matsu Basho-
5853,2533,ED,ED2,realize -Yume no Matsu Basho- ~White Hope Remix~
5516,2534,OP,OP1,"world's end, girl's rondo"
5517,2534,ED,ED1,Undo: Ashita e no Kioku
5518,2534,ED,ED2,infinite Girl
1327,2535,ED,ED1,Itsumo Nando demo
3486,2536,OP,OP1,JAP
3487,2536,ED,ED1,Break & Peace
5673,2537,OP,OP1,Thunderclap
5674,2537,ED,ED1,Polaris
3769,2538,OP,OP1,SWORD SUMMIT
3770,2538,ED,ED1,El Dorado
3771,2538,ED,ED2,FATE
6712,2539,ED,ED1,Gekokujou de okashi cha e!
418,2540,OP,OP1,Goshougun Hasshin Se yo!
419,2540,ED,ED1,21Century ~Ginga wo Koete~
7380,2541,OP,OP1,Tenka Zekkei
7381,2541,ED,ED1,HEN-GEN-JI-ZAI
7382,2541,ED,ED2,VICTORIOUS
7383,2541,ED,ED3,Moonlight Beam
7384,2541,ED,ED4,Seigiron
7385,2541,ED,ED5,Kakuran Romantist
7386,2541,ED,ED6,Kurosomare
7387,2541,ED,ED7,Tsuki Kiba no Koku
4300,2542,OP,OP1,Kagerou
4301,2542,ED,ED1,Atsuki Ya no Gotoku
4302,2542,ED,ED2,Atsuki Ya no Gotoku ~Shinjuu Otome Version~
4303,2542,ED,ED3,Ashita e
3488,2543,OP,OP1,Asu e no Kizuna
3489,2543,OP,OP2,KANASHIMI RENSA
3490,2543,ED,ED1,Ano Kaze ni Notte
3491,2543,ED,ED2,Hitotsu no Negai
4304,2544,OP,OP1,Tomoshibi
8255,2545,OP,OP1,antique memory
8256,2545,ED,ED1,BLACK MATRIX
1067,2546,OP,OP1,WILL
1068,2546,ED,ED1,FRIENDS
7592,2547,OP,OP1,TESTAMENT
7593,2547,ED,ED1,Senritsu Sorority
7594,2547,ED,ED2,Futurism
7595,2547,ED,ED3,Axia no Kaze
7596,2547,ED,ED4,Nijiiro no Flugel
5139,2548,OP,OP1,Apple
5140,2548,OP,OP2,Vitalization
5141,2548,OP,OP3,Next Destination
5142,2548,ED,ED1,Ressou Yari - Gungnir
5143,2548,ED,ED2,Next Destination
5144,2548,ED,ED3,Kyoushitsu Monochrome
5145,2548,ED,ED4,Vitalization
5146,2548,ED,ED5,Nijiiro no Flugel
6248,2549,OP,OP1,Exterminate
6249,2549,OP,OP2,Rebirth-day
6250,2549,ED,ED1,Glorious Break
6251,2549,ED,ED2,Rebirth-Day
6252,2549,ED,ED3,BAYONET CHARGE
6253,2549,ED,ED4,Nijiiro no Flugel
4864,2550,OP,OP1,Synchrogazer
4865,2550,OP,OP2,Meteor Light
4866,2550,ED,ED1,Synchrogazer
4867,2550,ED,ED2,Meteor Light
4868,2550,ED,ED3,Gekisou - Gungnir
4869,2550,ED,ED4,Gyakkou no Flugel
9029,2551,OP,OP1,METANOIA
9030,2551,ED,ED1,FINAL COMMANDER
9031,2551,ED,ED2,Lasting Song
9032,2551,ED,ED3,Sforzando no Zankyou
9033,2551,ED,ED4,Ashita no Flugel
3860,2552,OP,OP1,Yakusoku
3861,2552,ED,ED1,Mirai e...
1543,2553,OP,OP1,Chiyoko no Theme Mode-1
1544,2553,ED,ED1,Rotation [lotus-2]
5382,2554,OP,OP1,Break your world
5383,2554,ED,ED1,Fighting Dreamer
5384,2554,ED,ED2,Yamiyo wa Otome wo Hana ni Suru
5385,2554,ED,ED3,Shissouron
6518,2555,ED,ED1,"Hello,Hello,Hello"
8070,2556,OP,OP1,SCARLET MASTER
8071,2556,ED,ED1,Junsei Erotic
9210,2557,OP,OP1,Kotonoha no Omoi
9211,2557,ED,ED1,ORDINARY LOVE
2027,2558,OP,OP1,Oshiete Ageru
2028,2558,ED,ED1,Furare Kibun de Rock'n'Roll
1953,2559,OP,OP1,Jyutai no Love Affair
1954,2559,ED,ED1,Ai no Chikara
420,2560,OP,OP1,Hayate Xabungle
421,2560,ED,ED1,Kawaita Daichi
9520,2561,OP,OP1,Higher's High
9521,2561,ED,ED1,Sayonara Namida
9522,2561,ED,ED2,Fly high
5386,2562,OP,OP1,THE MONSTERS
5387,2562,ED,ED1,Believe ~Eien no Link~
5147,2563,OP,OP1,Canary
5148,2563,ED,ED1,QUESTERS!
1069,2564,OP,OP1,DUVET
1070,2564,ED,ED1,Tooi Sakebi
6909,2565,OP,OP1,Deal with
6910,2565,ED,ED1,sunlight avenue
8500,2566,ED,ED1,One Side
5149,2567,OP,OP1,May I Help You?
5150,2567,ED,ED1,Hachimitsu Doki
2829,2568,OP,OP1,Romantic summer
2830,2568,ED,ED2,Dan Dan Dan
11274,2568,ED,ED1,Ashita e no Hikari
9212,2569,OP,OP1,Koyoi mofumofu!!
9213,2569,ED,ED1,Moffumoffu DE Yoi no Ja yo
129,2570,OP,OP1,Starzinger no Uta
130,2570,OP,OP2,Uchuu no Senshi Starzinger
131,2570,OP,OP3,Bokura no Starzinger
132,2570,ED,ED1,Hime no Tame nara
133,2570,ED,ED2,Hoshi ni Negai wo
9912,2571,OP,OP1,Hurry Love
9913,2571,ED,ED1,Oyasumi
9914,2572,OP,OP1,Kirifuda
9915,2572,OP,OP2,Shinsekai
9916,2572,ED,ED1,Happiness*Sensation
9917,2572,ED,ED2,Kokoro Dare ni mo
2104,2573,OP,OP1,Hishoku no Sora
2105,2573,OP,OP2,being
2106,2573,ED,ED1,Yoake Umare Kuru Shoujo
2107,2573,ED,ED2,Aka no Seijaku
2667,2574,OP,OP1,JOINT
2668,2574,OP,OP2,BLAZE
2669,2574,ED,ED1,Triangle
2670,2574,ED,ED2,Sociometry
2671,2574,ED,ED3,Sense
4055,2575,OP,OP1,Light My Fire
4056,2575,OP,OP2,Serment
4057,2575,ED,ED1,I'll believe
4058,2575,ED,ED2,ONE
4059,2575,ED,ED3,u\/n
4060,2575,ED,ED4,Koubou
3335,2576,OP,OP1,Prophecy
3336,2576,ED,ED1,All in good time
2375,2577,OP,OP1,Hishoku no Sora
2376,2577,ED,ED1,Yoake Umare Kuru Shoujo
6713,2578,OP,OP1,Shakunetsu Switch
6714,2578,ED,ED1,Bokura no Frontier
1328,2579,OP,OP1,Over Soul
1329,2579,OP,OP2,Northern Lights
1330,2579,ED,ED1,Trust You
1331,2579,ED,ED2,Omokage
1332,2579,OP,OP1-EN,Shaman King Theme
3492,2580,OP,OP1,Kimi Shinitamou Koto Nakare
3493,2580,ED,ED1,Hajimari no Asa ni Hikari Are.
8257,2581,OP,OP1,Bu Fu Liunian
8258,2581,ED,ED1,Sheng Zhuang
8259,2582,OP,OP1,360° Hoshi no Orchestra
8260,2582,ED,ED1,Starlight
5519,2583,OP,OP1,Hikaru nara
5520,2583,OP,OP2,Nanairo Symphony
5521,2583,ED,ED1,Kirameki
5522,2583,ED,ED2,Orange
5523,2583,ED,ED3,Orange (Acoustic Version)
3239,2584,OP,OP1,Kotodama
3240,2584,ED,ED1,Chain
2377,2585,OP,OP1,Be Strong
2378,2585,OP,OP2,Yahhoo~
2379,2585,ED,ED1,Kimi ga iru kara
2380,2585,ED,ED2,Catch Your Dream
2381,2585,ED,ED3,RunOver
2382,2585,ED,ED4,Kokoro Kara no Message
2383,2585,ED,ED5,Be Strong
4753,2586,OP,OP1,WISH
4754,2586,ED,ED1,Glory Days
4755,2586,ED,ED2,Predawn Song
4756,2586,ED,ED3,Breathless
3772,2587,OP,OP1,Kuchizuke
3773,2587,OP,OP2,Calendula Requiem
3774,2587,ED,ED1,Walk no Yakusoku
3775,2587,ED,ED2,Gekka Reijin
8261,2588,ED,ED1,WALK
6254,2589,OP,OP1,B Chiku Sentai SOX
6255,2589,ED,ED1,Inner Urge
134,2590,OP,OP1,Seishun ni Kakero!
135,2590,ED,ED1,Ashita ni Mukatte
8881,2591,OP,OP1,Koufukuron
8882,2591,ED,ED1,Paradigm Shift
9792,2592,OP,OP1,Tough Heart
9793,2592,ED,ED1,COLORS
1071,2593,OP,OP1,Cutey Honey
1072,2593,OP,OP2,Cutey Honey (English Version)
1073,2593,ED,ED1,Circle Game
1074,2593,ED,ED2,Uchuu de Rendezvous
1075,2593,ED,ED3,Sayonara no Densetsu
3337,2594,OP,OP1,Touen Ketsugi ~Touen no Chikai~
3338,2594,ED,ED1,Otome Ryouran☆Battle PARTY
3776,2595,ED,ED1,Otome Ryouran☆Battle PARTY
3862,2596,OP,OP1,Renka Tairan
3863,2596,ED,ED1,Yuuki Rinrin
4417,2597,OP,OP1,Renka Tairan
4418,2597,ED,ED1,Yuuki Rinrin
3494,2598,OP,OP1,Kanjite Knight
3495,2598,OP,OP2,Shugojin - The Guardian
3496,2598,ED,ED1,Brand New World
3497,2598,ED,ED2,Tsuyokimono yo
3659,2599,OP,OP1,Kite Kite Shin-Men
136,2600,OP,OP1,Shin Minashigo Hutch
137,2600,ED,ED1,Utsukushi no Oka
9918,2601,OP,OP1,Geki! Teikoku Kagekidan <Shinshou>
9919,2601,ED,ED1,Sakura Yumemishi
9920,2601,ED,ED2,Star Tanjou Hana-gumi ver.
1523,2602,OP,OP1,Hanazono Kinema
1381,2603,OP,OP1,White Destiny
11253,2603,ED,ED1,Lucky Star
422,2604,OP,OP1,Cosmos Dream: Uchuu wo Kakeru Yume
423,2604,ED,ED1,Mahoroba Densetsu
1076,2605,OP,OP1,Yume wa Doko e Itta?
1077,2605,ED,ED1,Yamerarenai Yamerarenai
1078,2605,ED,ED2,Kataomoi
5524,2606,OP,OP1,Kakumei e no Prelude
5525,2606,ED,ED1,Party Time
5526,2606,ED,ED2,Party Time
5527,2606,ED,ED3,Party Time
5528,2606,ED,ED4,Party Time
5529,2606,ED,ED5,Party Time
5530,2606,ED,ED6,Party Time
5531,2606,ED,ED7,Party Time
5532,2606,ED,ED8,Party Time
5533,2606,ED,ED9,Party Time
5534,2606,ED,ED10,Party Time
8883,2607,OP,OP1,TIT FOR TAT
8884,2607,ED,ED1,"be perfect, plz!"
8885,2607,ED,ED2,Saisho kara Zutto
6125,2608,OP,OP1,Seishun wa Hanabi no You ni
6126,2608,ED,ED1,Hangeki no Daichi
5535,2609,OP,OP1,EXiSTENCE
5536,2609,ED,ED1,Promised Land
7769,2610,OP,OP1,LET iT END
7770,2610,OP,OP2,Walk This Way
7771,2610,ED,ED1,Haikei Goodbye Sayounara
7772,2610,ED,ED2,Cinderella step
5279,2611,OP,OP1,Guren no Yumiya
5280,2611,OP,OP2,Jiyuu no Tsubasa
5281,2611,ED,ED1,Utsukushiki Zankoku na Sekai
5282,2611,ED,ED2,great escape
7388,2612,ED,ED1,Call your name <Gv>
7389,2612,ED,ED2,Utsukushiki Zankoku na Sekai
5537,2613,ED,ED1,Guren no Zahyou
5538,2613,ED,ED2,YAMANAIAME
6426,2614,ED,ED1,theDOGS
5001,2615,OP,OP1,Guren no Yumiya
5002,2615,ED,ED1,Utsukushiki Zankoku na Sekai
7773,2616,OP,OP1,Shinzou wo Sasageyo!
7774,2616,ED,ED1,Yuugure no Tori
8695,2617,ED,ED1,Barricades <MOVIEver.>
8262,2618,OP,OP1,Red Swan
8263,2618,ED,ED1,Akatsuki no Chinkonka
9214,2619,OP,OP1,Shoukei to Shikabane no Michi
9215,2619,ED,ED1,Name of Love
9523,2620,OP,OP1,Boku no Sensou
9524,2620,ED,ED1,Shougeki
1689,2621,OP,OP1,The Sacred Moon
1690,2621,ED,ED1,Rinne No Hate Ni...
2520,2622,OP,OP1,no one
2521,2622,ED,ED1,White Messenger
4757,2623,OP,OP1,Toki Sekai
4758,2623,ED,ED1,Fuwaffuwa no Mahou
2831,2624,OP,OP1,Shining Tears
8886,2625,ED,ED1,Gattan Gotton GO!
8696,2626,OP,OP1,Shinka Riron
8697,2626,ED,ED1,Go One Step Ahead
8698,2626,ED,ED2,I WANNA BE WITH YOU
8699,2626,ED,ED3,Go Way!
8700,2626,ED,ED4,STARTRAiN
8701,2626,ED,ED5,Start Line
2832,2627,OP,OP1,Apocrypha
2833,2627,ED,ED1,Concordia
3498,2628,OP,OP1,phosphorus
3499,2628,ED,ED1,Koi no Uta
6519,2629,OP,OP1,Blade of Hope
6520,2629,ED,ED1,Still Sis
6127,2630,OP,OP1,Over The Testament
6128,2630,OP,OP2,Over The Testament
6129,2630,OP,OP3,Over The Testament
6130,2630,OP,OP4,Over The Testament
6131,2630,ED,ED1,Temperature
6427,2631,OP,OP1,Blade of Hope
6428,2631,ED,ED1,Still Sis –Alternative Sequence
3660,2632,OP,OP1,Key
3661,2632,ED,ED1,Missing You
2672,2633,OP,OP1,Poltergeist
2673,2633,ED,ED1,Call My Name ~Kazenari no Oka~
3662,2634,OP,OP1,Shinryaku no Susume☆
3663,2634,ED,ED1,Metamerism
4061,2635,OP,OP1,HIGH POWERED
4062,2635,ED,ED1,Kimi wo Shirukoto
4660,2636,OP,OP1,Let's☆Shinryaku Time!
4661,2636,ED,ED1,Puzzle
4662,2636,ED,ED2,Miser's Dream
4550,2637,OP,OP1,Yuki ni Saku Hana
4551,2637,ED,ED1,Wareta Ringo
4552,2637,ED,ED2,Yuki ni Saku Hana
8264,2638,OP,OP1,Baka-Bonsoir!
8265,2638,ED,ED1,Kaze ga Fuiteiru
138,2639,OP,OP1,Tatakae! Casshan
139,2639,ED,ED1,Are wa Shinzo Ningen
2674,2640,OP,OP1,LADY LOVE
2675,2640,ED,ED1,My dear friend
5539,2641,OP,OP1,I'm Sorry EXODUS
5540,2641,OP,OP2,COLORFUL BOX
5541,2641,OP,OP3,Takarabako -TREASURE BOX-
5542,2641,ED,ED1,Animetic Love Letter
5543,2641,ED,ED2,Platinum Jet
5544,2641,ED,ED3,Yama Harinezumi Andes Chucky
10061,2642,OP,OP1,Shikatanai no de Yareyare
10062,2642,ED,ED1,Hoshi wo Atsumete
6521,2643,OP,OP1,I'm Sorry EXODUS
6522,2643,OP,OP2,Alice in Blue
6523,2643,ED,ED1,C Melo kara Ai wo Komete
6524,2643,ED,ED2,Angel Fly
5675,2644,OP,OP1,Tough Intention
5676,2644,OP,OP2,ZoNE-iT
5677,2644,ED,ED1,Faith
5678,2644,ED,ED2,Vivid Telepathy
4759,2645,OP,OP1,Boku ni Invitation
4760,2645,OP,OP2,Rough & Laugh
4761,2645,OP,OP3,You&Me
4762,2645,ED,ED1,Bamboo☆Scramble
4763,2645,ED,ED2,Grizzly-san no G★ROCK
4764,2645,ED,ED3,Mizuiro
4765,2645,ED,ED4,ZOO tto ne!
4766,2645,ED,ED5,Michinoku Shiiku Blues
4767,2645,ED,ED6,Zokkon! Penko-san
4768,2645,ED,ED7,Kimama ni Panda Mama♥
4769,2645,ED,ED8,Llama-san no Llama Mambo
4770,2645,ED,ED9,Largo
4771,2645,ED,ED10,Bamboo rendezvous ♥
4772,2645,ED,ED11,PANDAHOLIC!!
4773,2645,ED,ED12,My Dear
9921,2646,OP,OP1,Tenbin -Libra-
9922,2646,ED,ED1,through the dark
9923,2646,ED,ED2,Yasashiki Yami no Uta
6429,2647,OP,OP1,Kibou no Uta
6430,2647,OP,OP2,Rising Rainbow
6431,2647,ED,ED1,Spice
6432,2647,ED,ED2,Sacchan no Sexy Curry
6433,2647,ED,ED3,Kibou no Uta
9924,2648,OP,OP1,Last Chapter
9925,2648,ED,ED1,Crossing Road
6911,2649,OP,OP1,ROUGH DIAMONDS
6912,2649,ED,ED1,Snow Drop
7390,2650,OP,OP1,BRAVER
7391,2650,ED,ED1,Kyokyojitsujitsu
8501,2651,ED,ED1,Atoria
10292,2651,OP,OP1,Symbol
8887,2652,OP,OP1,Chronos
8888,2652,ED,ED1,Emblem
9034,2653,ED,ED1,Butai Shoujo Taisou
8266,2654,OP,OP1,Hoshi no Dialogue
8267,2654,ED,ED1,Fly Me to the Star
8268,2654,ED,ED2,Fly Me to the Star
8269,2654,ED,ED3,Fly Me to the Star
8270,2654,ED,ED4,Fly Me to the Star
8271,2654,ED,ED5,Fly Me to the Star
8272,2654,ED,ED6,Fly Me to the Star
8273,2654,ED,ED7,Fly Me to the Star
8274,2654,ED,ED8,Fly Me to the Star
8275,2654,ED,ED9,Fly Me to the Star
1079,2655,OP,OP1,Rinbu - revolution
1080,2655,ED,ED1,Truth
1081,2655,ED,ED2,Virtual Star Hasseigaku
1082,2655,ED,ED3,Rose & release
7392,2656,OP,OP1,"Ugoku, Ugoku"
7393,2656,ED,ED1,More One Night
7394,2656,ED,ED2,Amadare no Uta
7192,2657,OP,OP1,WASTELANDERS
7193,2657,ED,ED1,Sekai wa Kyou mo Atarashii
7194,2657,ED,ED2,Tetoteha
7597,2658,OP,OP1,Rasen no Yume
7598,2658,OP,OP2,Akairo
7599,2658,ED,ED1,Taiyou no Elegy
7600,2658,ED,ED2,Windy
9216,2659,OP,OP1,Kotae
9217,2659,ED,ED1,Swallowtail Butterfly ~Ai no Uta~ from Shoumetsu Toshi
9218,2659,ED,ED2,With Your Breath
9219,2659,ED,ED3,"Hello, Again ~Mukashi Kara Aru Basho~ from Shoumetsu Toshi"
7068,2660,OP,OP1,Hello Tomorrow
7069,2660,ED,ED1,Gomamu
7070,2661,OP,OP1,innocent promise
7071,2661,ED,ED1,Zutto Only You
2384,2662,OP,OP1,Egao no Wake
7195,2663,OP,OP1,Usurahi Shinjuu
7196,2663,ED,ED1,"Kawa, Taredoki"
7915,2664,OP,OP1,Imawa no Shinigami
7916,2664,ED,ED1,Hikobayuru
6434,2665,OP,OP1,Seishun wa Non-Stop!
6435,2665,ED,ED1,Have a nice MUSIC!!
6715,2666,OP,OP1,Heart wo Rock!!
6716,2666,ED,ED1,My Song is YOU!!
10063,2667,OP,OP1,Mashiro Startline
10064,2667,OP,OP2,Hiromenes
10065,2667,ED,ED1,Kimi no Rhapsody
6913,2668,ED,ED1,Do Re Mi Fa PARTY
9794,2669,OP,OP1,Do Re Mi Fa STARS!!
9795,2669,ED,ED1,Hoshizora Light Story
10108,2669,ED,ED2,Yell and Response
2139,2670,OP,OP1,You
2140,2670,ED,ED1,Innocence
2676,2671,OP,OP1,Kokoro no Tamago
2677,2671,OP,OP2,Minna Daisuki
2678,2671,ED,ED1,Honto no Jibun
2679,2671,ED,ED2,Renai ♥ Rider
2680,2671,ED,ED3,Kiss! Kiss! Kiss!
2681,2671,ED,ED4,Gachinko de Ikou!
3020,2672,OP,OP1,Minna no Tamago
3021,2672,OP,OP2,Shugo Shugo!
3022,2672,OP,OP3,Omakase♪Guardian
3023,2672,OP,OP4,School Days
3024,2672,ED,ED1,Rottara Rottara
3025,2672,ED,ED2,co.no.mi.chi
3026,2672,ED,ED3,MY BOY
3027,2672,ED,ED4,Take it Easy!
3028,2672,ED,ED5,Honto no Jibun
3777,2673,OP,OP1,Shiawase wa Tsuki Yori Takaku
3778,2673,ED,ED1,Mirai Kaikisen
8072,2674,ED,ED1,Bounce
7775,2675,OP,OP1,Scarborough Fair
7776,2675,OP,OP2,DEAREST DROP
7777,2675,ED,ED1,From
7778,2675,ED,ED2,Kinema
7779,2675,ED,ED3,Ever be my love
6717,2676,OP,OP1,cross the line
6718,2676,ED,ED1,Hikari Aru Basho e
5854,2677,OP,OP1,Sidonia
5855,2677,ED,ED1,show
6436,2678,OP,OP1,Kishi Shinkoukyoku
6437,2678,ED,ED1,Requiem
1083,2679,OP,OP1,Kindan No Pensée
1084,2679,ED,ED1,Silently
7780,2680,OP,OP1,My Sweet Maiden
7781,2680,ED,ED1,Welcome to our diabolic paradise
2522,2681,OP,OP1,Utsukushi Kereba Sore de Ii
2523,2681,ED,ED1,Inori no Uta
8276,2682,OP,OP1,Sirius
8277,2682,ED,ED1,Hoshie
1382,2683,OP,OP1,Love Destiny
1383,2683,ED,ED1,Tsubasa
1524,2684,OP,OP1,Maboroshi
1525,2684,ED,ED1,Kimi to Ikite Iku
9796,2685,OP,OP1,Paradise
9797,2685,ED,ED1,Infinity
9798,2686,OP,OP1,Chase the core
9799,2686,ED,ED1,JUMP
4305,2687,OP,OP1,Kakko Warui I love you!
4306,2687,OP,OP2,Michi
4307,2687,OP,OP3,Graffiti
4308,2687,OP,OP4,Message
4309,2687,OP,OP5,Reboot
4310,2687,OP,OP6,Clear
4311,2687,ED,ED1,Comic Sonic
4312,2687,ED,ED2,Funny Bunny (Rock Stock Version)
4313,2687,ED,ED3,Clover
4314,2687,ED,ED4,Kioku
4315,2687,ED,ED5,Milk to Chocolate
4316,2687,ED,ED6,HERO
4317,2687,ED,ED7,Party! Hallelujah!
4318,2687,ED,ED8,Birthday
4319,2687,ED,ED9,Colors
4320,2687,ED,ED10,Sekai wa Okujou de Miwataseta
4321,2687,ED,ED11,Sekai wa Okujou de Miwataseta: Gasshou Ver.
4322,2687,ED,ED12,Startup
2682,2688,OP,OP1,Kaze Sagashi
2683,2688,OP,OP2,Natsu no Kioku
2684,2688,ED,ED1,Sketchbook o Motta mama
2685,2688,ED,ED2,Tanpopo Suisha
3029,2689,OP,OP1,Dream Star
3030,2689,OP,OP2,Renaissance
3031,2689,ED,ED1,Namida
3032,2689,ED,ED2,Eien
7601,2690,ED,ED1,secret
1085,2691,OP,OP1,Kimi ga Suki da to Sakebitai
1086,2691,OP,OP2,Zettai ni Daremo
1087,2691,ED,ED1,Anata Dake Mitsumeteru
1088,2691,ED,ED2,Sekai ga Owaru Made Wa
1089,2691,ED,ED3,Kirameku Toki ni Torawarete
1090,2691,ED,ED4,My Friend
1091,2692,OP,OP1,Get along
1092,2692,ED,ED1,KUJIKENAIKARA!
3570,2693,OP,OP1,Front breaking
3571,2693,ED,ED1,Sunadokei
1093,2694,OP,OP1,Give a reason
1094,2694,ED,ED1,Jama wa Sasenai
3082,2695,OP,OP1,Plenty of grit
3083,2695,ED,ED1,Revolution
1095,2696,OP,OP1,Breeze
1096,2696,ED,ED1,don't be discouraged
8702,2697,OP,OP1,ne! ne! ne!
8703,2697,ED,ED1,Kaze no Koe wo Kikinagara
8704,2697,ED,ED2,Yuuyake to Issho ni
4870,2698,OP,OP1,Let's go! Smile Precure!
4871,2698,ED,ED1,Yay! Yay! Yay!
4872,2698,ED,ED2,Mankai * Smile
4553,2699,OP,OP1,Let's go! Smile Precure!
4554,2699,ED,ED1,Kimi to Iu Mirai
3956,2700,OP,OP1,Hikari no Senritsu
3957,2700,ED,ED1,"Girls, Be Ambitious."
4323,2701,OP,OP1,Rule Book wo Wasurechae
4324,2701,ED,ED1,Tsumasaki Dachi
2834,2702,OP,OP2,colorless wind
2835,2702,ED,ED1,Mellow Melody
10066,2703,OP,OP1,Arigatou wa Kocchi no Kotoba
10067,2703,ED,ED1,Kokoro Somali
5961,2704,OP,OP1,Beat goes on!
5962,2704,OP,OP2,SuperSoni♥
5963,2704,ED,ED1,LOVE THE WORLD
5964,2704,ED,ED2,Sky Love Hurricane
5965,2704,ED,ED3,Summer Illusion
5966,2704,ED,ED4,Moonlight de Buttobase! ~MOONLIGHT STAR~
5967,2704,ED,ED5,Crystal Dream
5968,2704,ED,ED6,Nightmare Buster
5969,2704,ED,ED7,Star Rain
5970,2704,ED,ED8,Shinjitsu no Hikari
5971,2704,ED,ED9,Go! Go!
5972,2704,ED,ED10,Affection
5973,2704,ED,ED11,Very Merry
5974,2704,ED,ED12,SuperOrbital
1097,2705,ED,ED1,Look-a-Like
1748,2706,OP,OP1,Sonic Drive
1749,2706,ED,ED1,Mi-Ra-I
1750,2706,ED,ED2,Hikaru Michi
1751,2706,ED,ED3,T.O.P
8073,2707,ED,ED1,Maji de Koisuru 5-byou Mae
8889,2708,ED,ED1,Aoi
3397,2709,OP,OP1,Super Noisy Nova
3398,2709,ED,ED1,Hoshikuzu no Surround
3399,2709,ED,ED2,Super Noisy Nova
5545,2710,OP,OP1,Stargazer
5546,2710,ED,ED1,Hoshikuzu no Interlude
5547,2710,ED,ED2,Hoshi no Kakera
5548,2710,ED,ED3,Sora no Method
3339,2711,OP,OP1,Ring My Bell (Main Vocal Hitomi)
3340,2711,OP,OP2,Ring My Bell (Main Vocal Saori)
3341,2711,ED,ED1,Soba ni Irareru Dake de
3342,2711,ED,ED2,Misaki Meguri
3343,2711,ED,ED3,Taiyou ga Kureta Kisetsu
3344,2711,ED,ED4,Senshi no Kyuusoku
3345,2711,ED,ED5,Yuke! Yuke! Kawaguchi Hiroshi
3346,2711,ED,ED6,Natsu-iro no Nancy
3347,2711,ED,ED7,Furimuku na Kimi wa Utsukushii
3348,2711,ED,ED8,Wild Seven
3349,2711,ED,ED9,Hatsukoi
3350,2711,ED,ED10,Bokura no Diary
3351,2711,ED,ED11,Champion
3352,2711,ED,ED12,Akai Hana Shiroi Hana
3664,2712,OP,OP1,Ring My Bell
3665,2712,OP,OP2,Heart no Kakuritsu (Main Vocal Hitomi)
3666,2712,OP,OP3,Heart no Kakuritsu (Main Vocal Saori)
3667,2712,ED,ED1,Kaeru Kara (Piano Version)
3668,2712,ED,ED2,COSMOS
3669,2712,ED,ED3,Kakegemeguru Seishun
3670,2712,ED,ED4,Miracle Guy
3671,2712,ED,ED5,ff (Fortissimo)
3672,2712,ED,ED6,Soldier in the Space
3673,2712,ED,ED7,Kaerazaru Hi no Tame ni
3674,2712,ED,ED8,Odoriko
3675,2712,ED,ED9,Natsu no Ojou-san
3676,2712,ED,ED10,Boukyou no Tabi
3677,2712,ED,ED11,Kaeru Kara (Guitar Version)
3678,2712,ED,ED12,Jidai Okure no Koibito-tachi
8074,2713,OP,OP1,Sora to Umi no Aida
8075,2713,ED,ED1,Ao no Kanata
3572,2714,OP,OP1,Rara Eve Shinseiki
3573,2714,OP,OP2,Miracle Fly
3574,2714,ED,ED1,Sora wa Shoujo no Tomodachisa
3575,2714,ED,ED2,Kishi Otome
3576,2714,ED,ED3,espacio
3577,2715,OP,OP1,Anemoi
3578,2715,ED,ED1,Hikari to Yami to Toki no Hate
8705,2716,OP,OP1,The Girls Are Alright!
8706,2716,ED,ED1,"Koko kara, Koko kara"
8707,2716,ED,ED2,Mata Ne
9525,2717,ED,ED1,Sore dake ga Neck
6256,2718,OP,OP1,Sore ga Seiyuu!
6257,2718,ED,ED1,Anata no Omimi ni Plug In!
6258,2718,ED,ED2,Mimi no Naka e
3679,2719,OP,OP1,DOWN TOWN
3680,2719,ED,ED1,Maids Sanjou!
5856,2720,OP,OP1,BEAUTIFUL WORLD
5857,2720,OP,OP2,Ame Okuri no Uta
5858,2720,ED,ED1,PROMISE
424,2721,OP,OP1,Honoo no Sadame
425,2721,ED,ED1,Itsumo Anata ga
9800,2722,OP,OP1,Dream hopper
9801,2722,ED,ED1,Compass Song
2385,2723,OP,OP1,Message
2386,2723,ED,ED1,Umi no Opal
1955,2724,OP,OP1,Shangri-La
1956,2724,ED,ED1,Separation
6525,2725,OP,OP1,Exist
6526,2725,ED,ED1,Anya Kouro
6132,2726,OP,OP1,Exist
6133,2726,OP,OP2,DEAD OR ALIVE
6134,2726,ED,ED1,Anya Kouro
6135,2726,ED,ED2,Aisuru Koto
6136,2726,ED,ED3,Horizon
9220,2727,OP,OP1,THE BEYOND
9221,2727,ED,ED1,Naze ni...
8890,2728,OP,OP1,THE BEYOND
8891,2728,ED,ED1,Naze ni...
8892,2728,ED,ED2,Kimi wo Yurusu You ni
9526,2729,OP,OP1,THE BEYOND
9527,2729,OP,OP2,Sakebe
9528,2729,ED,ED1,Kimi wo Yurusu You ni
9529,2729,ED,ED2,Yoakemachi no Ballad
6719,2730,ED,ED1,MY OWN LIFE
3163,2731,OP,OP1,Resonance
3164,2731,OP,OP2,PAPERMOON
3165,2731,ED,ED1,I Wanna Be
3166,2731,ED,ED2,Style
3167,2731,ED,ED3,Bakusou Yumeuta
3168,2731,ED,ED4,Strength
3169,2731,OP,OP1-RepeatShow,Counter Identity
3170,2731,OP,OP2-RepeatShow,Ai ga Hoshii yo
3171,2731,ED,ED1-RepeatShow,Ao no Kaori
3172,2731,ED,ED2-RepeatShow,Northern Lights
5859,2732,OP,OP1,monochrome
5860,2732,ED,ED1,Yuugure Happy Call
2524,2733,OP,OP1,screaming
2525,2733,ED,ED1,dust trail
9035,2734,OP,OP1,Koko wa Doko
9036,2734,ED,ED1,Ikiru
7782,2735,ED,ED1,Meaning of Life
2196,2736,OP,OP1,Sousei no Aquarion
2197,2736,OP,OP2,Go Tight
2198,2736,ED,ED1,Omna Magni
7072,2737,OP,OP1,Valkyrie -Ikusa Otome-
7073,2737,OP,OP2,Re:Call
7074,2737,OP,OP3,sync
7075,2737,OP,OP4,Kanadeai
7076,2737,ED,ED1,Eyes
7077,2737,ED,ED2,Yadoriboshi
7078,2737,ED,ED3,Hide and Seek
7079,2737,ED,ED4,15
7080,2737,ED,ED5,Hotarubi
6720,2738,OP,OP1,Chou Musubi Amulet
6721,2738,ED,ED1,My Only Place
3500,2739,OP,OP1,909
3501,2739,ED,ED1,Pinhole
8502,2740,OP,OP1,Souten no Hate ni
8503,2740,ED,ED1,Inori no Hoshizora
8076,2741,OP,OP1,Soul Seeker
8077,2741,ED,ED1,Kono Sora wo Subete Kimi ni
426,2742,OP,OP1,Cobra
427,2742,ED,ED1,Secret Desire
5975,2743,OP,OP1,Viva Namida
5976,2743,ED,ED1,X Jigen e Youkoso
5679,2744,OP,OP1,Viva Namida
5680,2744,ED,ED1,X Jigen e Youkoso
5681,2744,ED,ED2,Kanchigai Lonely Night
5682,2744,ED,ED3,WHITE HOUSE
5683,2744,ED,ED4,Space☆Dandy
5684,2744,ED,ED5,Seaside Driving
5685,2744,ED,ED6,s i am... worried
5686,2744,ED,ED7,SPACE FUN CLUB
3173,2745,OP,OP1,Special days
3174,2745,OP,OP2,Gorgeous 4U
3175,2745,ED,ED1,Hidamari no Gate
3176,2745,ED,ED2,Special☆Gyutto Good luck!
2199,2746,OP,OP1,Girls on Film
2200,2746,ED,ED1,Hinageshi no Oka
2201,2746,ED,ED2,Break the Cocoon
1526,2747,OP,OP1,Kibouhou
1527,2747,ED,ED1,Cocktail
7917,2748,OP,OP1,Mugendai
7918,2748,ED,ED1,Endless Stories
8708,2749,OP,OP1,Taion
8709,2749,ED,ED1,I'll be there
428,2750,OP,OP1,Yume-iro no Spoon
429,2750,ED,ED1,Ringo no Mori no Koneko-tachi
8078,2751,OP,OP1,UNION
8079,2751,ED,ED1,youthful beautiful
8893,2752,OP,OP1,"Thought I Knew ft.ra'z, Hayes"
8894,2752,ED,ED1,Precious My Heroes
3681,2753,OP,OP1,Gravity Zero
3682,2753,OP,OP2,SHINING☆STAR
3683,2753,ED,ED1,Cross Over
3684,2753,ED,ED2,Pride
5388,2754,ED,ED1,colorful
1384,2755,OP,OP1,To the light
9367,2756,OP,OP1,Kirari ☆彡Star☆Twinkle Precure
9368,2756,ED,ED1,Papepipu Romantic
9369,2756,ED,ED2,WIN Kuru! Miracle Universe☆
9370,2756,ED,ED3,Oshiete...! Twinkle☆
9371,2756,ED,ED4,Twinkle Stars
8895,2757,OP,OP1,Kirari ☆彡Star☆Twinkle Precure
8896,2757,ED,ED1,Twinkle Stars
7783,2758,OP,OP1,SHOW MUST GO ON!!
7784,2758,ED,ED1,Gift
9037,2759,OP,OP1,DREAM TOGETHER
9038,2759,ED,ED1,On Stage
9039,2759,ED,ED2,"Warera, Ayanagi Gakuen Kao Kai ~NEXT STAGE Ver.~"
2242,2760,OP,OP1,radiance
2243,2760,ED,ED1,Chi ni Kaeru ~on the Earth~
4325,2761,OP,OP1,Hacking to the Gate
4326,2761,ED,ED1,Toki Tsukasadoru Juuni no Meiyaku
4327,2761,ED,ED2,Fake Verthandi
4328,2761,ED,ED3,Sky Clad no Kansokusha
4329,2761,ED,ED4,Another Heaven
8504,2762,OP,OP1,Fatima
8505,2762,ED,ED1,Amadeus
8506,2762,ED,ED2,LAST GAME
8507,2762,ED,ED3,Lyra
8508,2762,ED,ED4,Hoshi no Kanaderu Uta
8509,2762,ED,ED5,World-Line
8510,2762,ED,ED6,GATE OF STEINER
5283,2763,OP,OP1,Anata no Eranda Kono Toki wo
5284,2763,ED,ED1,Itsumo Kono Basho de
5151,2764,OP,OP1,Shape My Story
5152,2764,ED,ED1,Hajikero! C³-bu!
6722,2765,OP,OP1,God Save The Girls
6723,2765,ED,ED1,Yonaka Jikaru
1210,2766,OP,OP1,Sora e
1211,2766,ED,ED1,Melody ni..
2526,2767,OP,OP1,Shoujo Meiro de Tsukamaete
2527,2767,OP,OP2,Kuchibiru Daydream
2528,2767,ED,ED1,Himitsu Dolls
2529,2767,ED,ED2,Ichigo Tsumi Monogatari
5003,2768,OP,OP1,Strike the Blood
5004,2768,OP,OP2,Fight 4 Real
5005,2768,ED,ED1,Strike my soul
5006,2768,ED,ED2,signal
6724,2769,OP,OP1,Blood on the EDGE
6725,2769,ED,ED1,Fortune Number 0405
8080,2770,OP,OP1,Blood and Emotions
8081,2770,ED,ED1,LOVE STOIC
9926,2771,OP,OP1,Akatsuki no Kaleido Blood
9927,2771,ED,ED1,Dear My Hero
10068,2772,OP,OP1,Akatsuki no Kaleido Blood
10069,2772,ED,ED1,Dear My Hero
6137,2773,OP,OP1,Little Charm Fang
6138,2773,ED,ED1,Kimi wa Soleil
3084,2774,OP,OP1,STRIKE WITCHES ~Watashi ni Dekiru Koto~
3085,2774,ED,ED1,Bookmark A Head
3086,2774,ED,ED2,Bookmark A Head
3087,2774,ED,ED3,Bookmark A Head
3088,2774,ED,ED4,Bookmark A Head
3089,2774,ED,ED5,Bookmark A Head
3090,2774,ED,ED6,Bookmark A Head
3091,2774,ED,ED7,Bookmark A Head
3092,2774,ED,ED8,Bookmark A Head
3093,2774,ED,ED9,Bookmark A Head
3094,2774,ED,ED10,Bookmark A Head
3095,2774,ED,ED11,Bookmark A Head
3779,2775,OP,OP1,STRIKE WITCHES 2 ~Egao no Mahou~
3780,2775,ED,ED1,Over Sky
3781,2775,ED,ED2,Over Sky
3782,2775,ED,ED3,Over Sky
3783,2775,ED,ED4,Over Sky
3784,2775,ED,ED5,Over Sky
3785,2775,ED,ED6,Over Sky
3786,2775,ED,ED7,Over Sky
3787,2775,ED,ED8,Over Sky
3788,2775,ED,ED9,Over Sky
3789,2775,ED,ED10,Over Sky
3790,2775,ED,ED11,Over Sky
9222,2776,OP,OP1,Sora ga Yobu Hou e
9223,2776,ED,ED1,Treasure of life
9224,2776,ED,ED2,Treasure of life
9225,2776,ED,ED3,Treasure of life
9226,2776,ED,ED4,Treasure of life
9227,2776,ED,ED5,Treasure of life
9228,2776,ED,ED6,Treasure of life
9229,2776,ED,ED7,Treasure of life
9230,2776,ED,ED8,Treasure of life
9231,2776,ED,ED9,Treasure of life
9232,2776,ED,ED10,Treasure of life
9233,2776,ED,ED11,Treasure of life
9234,2776,ED,ED12,Treasure of life
5549,2777,OP,OP1,Connect Link
5550,2777,ED,ED1,Fly away
5551,2777,ED,ED2,Fly Beyond
5552,2777,ED,ED3,Fly Chronicle
9530,2778,OP,OP1,Yuuki no Tsubasa
9531,2778,ED,ED1,Kimi no Tsubasa ni Akogarete
9532,2778,ED,ED2,Kimi no Tsubasa ni Akogarete
9533,2778,ED,ED3,Kimi no Tsubasa ni Akogarete
9534,2778,ED,ED4,Kimi no Tsubasa ni Akogarete
9535,2778,ED,ED5,Kimi no Tsubasa ni Akogarete
9536,2778,ED,ED6,Kimi no Tsubasa ni Akogarete
9537,2778,ED,ED7,Kimi no Tsubasa ni Akogarete
9538,2778,ED,ED8,Kimi no Tsubasa ni Akogarete
9539,2778,ED,ED9,Kimi no Tsubasa ni Akogarete
9540,2778,ED,ED10,Kimi no Tsubasa ni Akogarete
9541,2778,ED,ED11,Kimi no Tsubasa ni Akogarete
9542,2778,ED,ED12,Kimi no Tsubasa ni Akogarete
6139,2779,OP,OP1,talking
6140,2779,ED,ED1,Nana Hitsuji
3502,2780,OP,OP1,Fururu Fururu Fururu
3503,2780,ED,ED1,Komorebi no Naka de
2141,2781,OP,OP1,Chocolate ni Muchuu
2142,2781,ED,ED1,Tsuki no Mukou no Sekai
2143,2781,ED,ED2,DATE☆DATE
5285,2782,OP,OP1,Kono Sekai wa Bokura wo Matteita
5286,2782,ED,ED1,Sora to Kimi no Message
4419,2783,OP,OP1,La♪ La♪ La♪ Suite Precure♪
4420,2783,OP,OP2,La♪ La♪ La♪ Suite Pretty Cure♪ ~Unlimited ver~
4421,2783,ED,ED1,Wonderful↑Powerful↑Music!!
4422,2783,ED,ED2,#Kibou Rainbow#
4063,2784,OP,OP1,La♪ La♪ La♪ Suite Pretty Cure♪ ~Unlimited ver~
4064,2784,ED,ED1,Kokoro no Uta
6726,2785,OP,OP1,Senpai
6727,2785,ED,ED1,Daikirai na Hazu Datta
4555,2786,OP,OP1,Friendship ~ for Sukitte Ii na yo.
4556,2786,ED,ED1,slow dance
8278,2787,OP,OP1,Bitter Sweet Harmony
8279,2787,ED,ED1,Sonna no Boku Janai.
1385,2788,OP,OP1,A-i-tsu
1386,2788,ED,ED1,Dakishimetai
7081,2789,OP,OP1,Okaeri.
7082,2789,ED,ED1,Happiness YOU & ME
7919,2790,OP,OP1,Hare-iro Melody
7920,2790,ED,ED1,Gyun to Love Song
3685,2791,OP,OP1,MAXON
3686,2791,OP,OP2,Ryuusei Lovers
3687,2791,ED,ED1,Bokura no Jiyuu
3688,2791,ED,ED2,Saigo no Tabi
8897,2792,ED,ED1,SUPER SHIRO
4423,2793,ED,ED1-EN,Carry on Wayward Son
7197,2794,ED,ED1,I Don't Understand You
6259,2795,OP,OP1,Smile☆Revolution
2144,2796,OP,OP1,Start Line
2145,2796,ED,ED1,Aoi FIELD
2146,2796,ED,ED2,Kimi no Koto
3579,2797,OP,OP1,Ima made no Arasuji
3580,2797,ED,ED1,Atogaki no You na Mono
3958,2798,OP,OP1,Bouken Desho Desho?
3959,2798,ED,ED1,Yasashii Boukyaku
2530,2799,OP,OP1,Koi no Mikuru Densetsu
2531,2799,OP,OP2,Bouken Desho Desho?
2532,2799,ED,ED1,Hare Hare Yukai
3504,2800,OP,OP1,Super Driver
3505,2800,ED,ED1,Tomare!
4663,2801,OP,OP1,crossing field
4664,2801,OP,OP2,INNOCENCE
4665,2801,ED,ED1,Yume Sekai
4666,2801,ED,ED2,Overfly
8082,2802,OP,OP1,ADAMAS
8083,2802,OP,OP2,RESISTER
8084,2802,ED,ED1,Iris
8085,2802,ED,ED2,forget-me-not
8086,2802,ED,ED3,Niji no Kanata ni
8898,2803,OP,OP1,Resolution
8899,2803,ED,ED1,unlasting
9604,2804,OP,OP1,ANIMA
9605,2804,ED,ED1,I will...
8900,2805,ED,ED1,Blazing the future
5687,2806,OP,OP1,IGNITE
5688,2806,OP,OP2,courage
5689,2806,OP,OP3,Separate Ways
5690,2806,ED,ED1,Startear
5691,2806,ED,ED2,No More Time Machine
5692,2806,ED,ED3,Shirushi
8511,2807,OP,OP1,Ryuusei
8512,2807,ED,ED1,To see the future
7921,2808,ED,ED1,Catch the Moment
8710,2809,OP,OP1,Sadamegoto
4424,2810,OP,OP1,fly away t.p.s
4425,2810,ED,ED1,Boku wa Kimi no soba ni iru
9235,2811,ED,ED1,Ano Natsu no Hi no Mahou
6914,2812,OP,OP1,Belief
6915,2812,ED,ED1,EGOISTIC EMOTION
8513,2813,ED,ED1,"Motto, Nee Motto"
8514,2814,OP,OP1,Otomodachi Film
8515,2814,ED,ED1,Love Song
6438,2815,ED,ED1,Arashi no Ato de
1098,2816,OP,OP1,100mph no Yuuki
1099,2816,ED,ED1,Arittake no Joonetsu de
1100,2817,OP,OP1,Boku de Aru Tame ni
1101,2817,OP,OP2,LOVE SOMEBODY
1102,2817,ED,ED1,"Thank you, love"
1103,2817,ED,ED2,Sora wo Miagete
1387,2818,OP,OP1,Starting UP
1388,2818,ED,ED1,Blooming Days
2686,2819,OP,OP1,Mighty Buddy
2687,2819,ED,ED1,1/2
6141,2820,OP,OP1,Embrace Blade
6142,2820,ED,ED1,Calling my Twilight
7395,2821,OP,OP1,Nozomu Koto wa Tsumi Nano ka
7396,2821,ED,ED1,Egao no Enishi
7397,2821,ED,ED2,Inui Emi Sorirokui
7398,2821,ED,ED3,Yoi ni Utaeba
3400,2822,ED,ED1,Yume Miru Kokoro
10819,2822,OP,OP1,Romantic Strike
9543,2823,OP,OP1,Shangai Honey
9544,2823,ED,ED1,Yume ja Nai
430,2824,OP,OP1,Saraba Yasashiki Hibi yo
1104,2825,OP,OP1,Taiyou no Tsubasa
6439,2826,OP,OP1,Kogane no Kinderella ~Gozen 0-ji ni Mahou wa Hodokezu~
5153,2827,OP,OP1,-Across the line-
140,2828,OP,OP1,Takarajima
141,2828,ED,ED1,Chiisana Funanori
8711,2829,OP,OP1,aventure bleu
8712,2829,ED,ED1,Stoic ni Detox
1416,2830,OP,OP1,Sora ni Kakeru Hashi
1417,2830,ED,ED1,I'd love you to touch me
4873,2831,ED,ED1,Omotteiru zutto...
1896,2832,OP,OP1,Yume no hate
1897,2832,ED,ED1,Prayer
4065,2833,OP,OP1,Honto Uso
4066,2833,ED,ED1,Tagatame no Sekai
4067,2833,ED,ED2,Ibitsu
4068,2833,ED,ED3,Hikari Furu Basho De ~Promesse~
4069,2833,ED,ED4,Kaze wa Harukana Asu wo Shiru
2836,2834,OP,OP1,ALMATERIA
2837,2834,ED,ED1,Negai
2838,2834,ED,ED2,Uchi e Kaerou
2839,2834,ED,ED3,ALMATERIA
3960,2835,OP,OP1,Tenkuu no Canaria
3961,2835,ED,ED1,Inori no Kanata
3962,2835,ED,ED2,TETHE'ALA ~Tai no Kodomo Tachi~
3033,2836,OP,OP1,Karma
3034,2836,ED,ED1,Bouken Suisei
6916,2837,OP,OP1,Kaze no Uta
6917,2837,ED,ED1,calling
6918,2837,ED,ED2,White Light
6919,2837,ED,ED3,BURN
7922,2838,OP,OP1,illuminate
7923,2838,ED,ED1,INNOSENSE
5861,2839,OP,OP1,Koi no Uta
5862,2839,ED,ED1,Koi no Uta
5863,2839,ED,ED2,Principle
5389,2840,OP,OP1,Dramatic Market Ride
5390,2840,ED,ED1,Neguse
5391,2840,ED,ED2,Koi no Uta
9928,2841,OP,OP1,Never Let You Go!
9929,2841,ED,ED1,Plus Minus Zero no Housoku
3791,2842,OP,OP1,Yasashisa ni Tsutsumareta Nara
3792,2842,ED,ED1,Melody
3793,2842,ED,ED2,Natsudori
4070,2843,OP,OP1,Okaerinasai
4071,2843,ED,ED1,Kamisama no Itazura
4072,2843,ED,ED2,Natsutori -Uta to Piano-
4073,2843,ED,ED3,Hoshizora
4074,2843,ED,ED4,Ashita no Hidamari
4075,2843,ED,ED5,A HAPPY NEW YEAR
4774,2844,OP,OP1,Okaerinasai
4775,2844,ED,ED1,Hanabi
5154,2845,OP,OP1,Hajimari no Umi
5155,2845,ED,ED1,Arigatou
5156,2845,ED,ED2,Kazeiro no Film
5157,2845,ED,ED3,Saigo no Haruyasumi
6440,2846,ED,ED1,Korekara
6143,2847,ED,ED1,Korekara ~Uta to Piano~
7083,2848,ED,ED1,Sotsugyou Shashin
7084,2848,ED,ED2,Korekara
7085,2849,OP,OP1,Utatane Sunshine
7086,2849,ED,ED1,BON-BON
7087,2849,ED,ED2,Utatane Shunshine
1752,2850,OP,OP1,MeiQ!?-Meikyuu-MAKE★YOU-
1753,2850,OP,OP2,"Luvly, Merry-Go-Round"
1754,2850,OP,OP3,100% Pure
1755,2850,ED,ED1,Koigokoro
1756,2850,ED,ED2,Niji-iro ni Hikaru Umi
1757,2850,ED,ED3,Mienai Story
1758,2850,ED,ED4,Kaze ni Mukai Aruku Youni
6527,2851,OP,OP1,MILKY A GO GO
6528,2851,ED,ED1,Tankyuu Dreaming
3689,2852,OP,OP1,Seikai wa Hitotsu! Janai!!
3690,2852,ED,ED1,Honnou no Doubt
4667,2853,OP,OP1,Ameagari no Mirai (Alternative Mix)
4668,2853,ED,ED1,Kimi no Naka no Watashi
4874,2854,OP,OP1,Nazo! Nazo? Happiness!!
4875,2854,ED,ED1,Lovely Girls Anthem
8087,2855,ED,ED1,"Soshite, Gunjou ni Tokete Iku"
4165,2856,OP,OP1,Seikai wa Hitotsu! Janai!!
4166,2856,ED,ED1,Party Party!
4669,2857,OP,OP1,Dreamer
4670,2857,ED,ED1,Shiokaze no Harmony
4671,2857,ED,ED2,Shiokaze no Harmony
4672,2857,ED,ED3,Shiokaze no Harmony
4776,2858,OP,OP1,CHOIR JAIL
4777,2858,ED,ED1,Calendrier
4778,2858,ED,ED2,Calendrier -Yuuko-
431,2859,OP,OP1,Kagayake! Ramenman
432,2859,ED,ED1,Kibou e no Tabi
3353,2860,OP,OP1,Datengoku Sensen
3354,2860,OP,OP2,Seisai no Ripieno
3355,2860,ED,ED1,Light of Dawn
3356,2860,ED,ED2,Dominant Space
9372,2861,OP,OP1,RISE
9373,2861,OP,OP2,FAITH
9374,2861,ED,ED1,Kimi no Namae
9375,2861,ED,ED2,Falling Through Starlight
9376,2861,ED,ED3,Atashi ga Tonari ni Iru Uchi ni
9802,2862,OP,OP1,Tatoeba Sore wa Yuuki no Mahou
9803,2862,ED,ED1,I'mpossible?
3506,2863,OP,OP1,The fine every day
3507,2863,ED,ED1,Kizuna no Uta
3508,2864,OP,OP1,Free and Dream
3509,2864,ED,ED1,"Blue sky, True sky"
3510,2864,ED,ED2,Weeping Alone
4557,2865,OP,OP1,Botsuraku Kizoku no Tame no Teekyu
4558,2865,OP,OP1-BestSelection,Koyoi Festi-Bubble
5158,2866,OP,OP1,Menimeni Manimani
5007,2867,OP,OP1,Nufutto Teekyuu Potlatch
6441,2868,OP,OP1,Fattoshite Tougenkyou
6260,2869,OP,OP1,Qunka!
6144,2870,OP,OP1,Tottemo Safari
7198,2871,OP,OP1,Tsuppari-kun vs Sekitori-man
6728,2872,OP,OP1,Gluten Elegy
6729,2872,OP,OP2,Nihongo Wakarimasen
7602,2873,OP,OP1,Dream First Sensei-shon!
7603,2873,ED,ED1,Kaiun! Soufuku! Entenka
3357,2874,OP,OP1,Hajimari no Hi
3358,2874,OP,OP2,Love Letter no Kawari ni Kono Uta wo.
3359,2874,ED,ED1,Hatenaki Michi
3360,2874,ED,ED2,Hikari no Kioku
3691,2875,OP,OP1,Chiisana Mahou
3692,2875,OP,OP2,Yakusoku
3693,2875,ED,ED1,Wasurenagusa
3694,2875,ED,ED2,Perseus
9040,2876,OP,OP1,FANTASTIC ILLUSION
9041,2876,ED,ED1,Dame wa Dame
1105,2877,OP,OP1,Geba Geba 90 Pun! no Theme
1106,2877,ED,ED1,Dare ka ga Kaze no Naka de
1107,2878,OP,OP1,Tenchi Muyo!
1108,2878,ED,ED1,Ginga de Chokuritsu Hokou
1109,2878,ED,ED2,Ginga de Chokuritsu Hokou
1110,2879,OP,OP1,Nemureru Engawa no Bijo
1111,2879,ED,ED1,Magical Girl Pretty Sammy
1587,2880,OP,OP1,Mayonaka no Taiyou
1588,2880,ED,ED1,Anata ga Saitei...
1112,2881,ED,ED1,Alchemy of Love
1113,2882,ED,ED1,Love Song ga Kikoeru
1114,2883,ED,ED1,Manatsu no Eve
1115,2884,OP,OP1,Tenchi Muyou! Ryououki no Theme
1116,2884,ED,ED1,Renai no Sainou
1117,2885,OP,OP1,Boku wa Motto Pioneer
1118,2885,ED,ED1,Tsuki no Tragedy
1716,2886,OP,OP1,Tenchi Muyou! Ryououki Dai San Ki Theme
1717,2886,ED,ED1,Lovely Cookin'
6730,2887,OP,OP1,Tenchi Muyou!
6731,2887,OP,OP2,P.N.K!!
6732,2887,OP,OP3,Kokoro Hanabira
6733,2887,OP,OP4,Brand New Door
6734,2887,ED,ED1,Shake the DiCE
6735,2887,ED,ED2,Jumpin' Lovin' Girl
6736,2887,ED,ED3,Pastel Party♪
6737,2887,ED,ED4,Koboreru Hizashi no Naka de
10070,2888,OP,OP1,Tenchi Muyou! Ryououki no Theme
10071,2888,ED,ED1,Gravitation=LOVE
9804,2889,OP,OP1,Give It Up?
9805,2889,ED,ED1,DESIGNED BY HEAVEN!
9806,2889,ED,ED2,DESIGNED BY HEAVEN!
2840,2890,OP,OP1,Sorairo Days
2841,2890,ED,ED1,UNDERGROUND
2842,2890,ED,ED2,happily ever after
2843,2890,ED,ED3,Minna no Peace
3035,2891,ED,ED1,Tsuzuku Sekai
3511,2892,ED,ED1,"Namida no Tane, Egao no Hana"
2029,2893,OP,OP1,Bomb A Head! V
2030,2893,ED,ED1,Aishitene♥Motto
8901,2894,OP,OP1,"Aka, Hana wo Sakasete"
9042,2895,ED,ED1,Daijoubu (Movie edit)
9043,2895,ED,ED2,Ai ni Dekiru Koto wa Mada Aru Kai
1119,2896,OP,OP1,Yakusoku wa Iranai
1120,2896,ED,ED1,Mystic Eyes
433,2897,OP,OP1,Sora kara Futtekita Shoujo
1294,2898,OP,OP1,Future
1295,2898,OP,OP2,Driving Myself
1296,2898,OP,OP3,Make You Free
1297,2898,OP,OP4,Long Way
1298,2898,OP,OP5,Fly High
1299,2898,OP,OP6,Shining
1300,2898,OP,OP7,Paradise
1301,2898,OP,OP8,Dream Believer
1302,2898,ED,ED1,You got game?
1303,2898,ED,ED2,KEEP YOUR STYLE
1304,2898,ED,ED3,walk on
1305,2898,ED,ED4,WHITE LINE
1306,2898,ED,ED5,Kaze no Tabibito
1307,2898,ED,ED6,Sakura
1308,2898,ED,ED7,Wonderful Days
1309,2898,ED,ED8,Little Sky
4167,2899,OP,OP1,Aozora STAGE
4168,2899,ED,ED1,HIKARI
3512,2900,OP,OP1,Brand-New HEAVEN
3513,2900,ED,ED1,Iroasenai Ano Sora e
3514,2900,ED,ED2,Sakamichi no Hate e
3515,2900,ED,ED3,Owaranai Ai
2593,2901,OP,OP1,Flower -Sakiran Hana-
2594,2901,OP,OP2,Kakaeta Kiseki
2595,2901,ED,ED1,Hello & Goodbye
2596,2901,ED,ED2,Fujouri
3177,2902,OP,OP1,Across My Line
3178,2902,ED,ED1,Dear Prince ~Tennis no Ouji-sama-tachi e~
2844,2903,OP,OP1,Kakaeta Kiseki
2845,2903,OP,OP2,Koi no Gekidasa Ecstasy
2846,2903,ED,ED1,Thank you!!
2387,2904,OP,OP1,Ryuusei Miracle
2388,2904,OP,OP2,Lone Star
8088,2905,OP,OP1,Nameless Story
8089,2905,OP,OP2,Meguru Mono
8090,2905,ED,ED1,Another colony
8091,2905,ED,ED2,Little Soldier
9807,2906,OP,OP1,Storyteller
9808,2906,ED,ED1,STORYSEEKER
1589,2907,OP,OP1,grand blue
1590,2907,OP,OP2,Sun rise train
1591,2907,ED,ED1,Whenever I think of you
1592,2907,ED,ED2,It's for you
1593,2907,ED,ED3,Tears Go By
1594,2907,ED,ED4,Secret&Lies
7604,2908,OP,OP1,Habataki no Birthday
7605,2908,ED,ED1,Kusabi
7606,2908,ED,ED2,HOWLING
7607,2908,ED,ED3,Taisetsu ga Kikoeru
7608,2908,ED,ED4,INNOCENT BLUE
7609,2908,ED,ED5,Habataki no Birthday
2847,2909,OP,OP1,endscape
2848,2909,OP,OP2,JET BOY JET GIRL
2849,2909,ED,ED1,Love is...
5553,2910,OP,OP1,AMAZING BREAK
5554,2910,ED,ED1,Lightning
7088,2911,OP,OP2,PLANET / THE HELL
7089,2911,ED,ED1,Red Zone
7090,2911,ED,ED2,Strength
7091,2911,ED,ED3,Revolution
5008,2912,OP,OP1,Stand Up!!!!
5009,2912,ED,ED1,12 kagetsu
5977,2913,OP,OP1,Stand Up!!!!
5978,2913,ED,ED1,Sorezore no 12 Kagetsu
5979,2913,ED,ED2,Sorezore no 12 Kagetsu
5980,2913,ED,ED3,Sorezore no 12 Kagetsu
5981,2913,ED,ED4,Sorezore no 12 Kagetsu
5982,2913,ED,ED5,Koharu Biyori
5983,2913,ED,ED6,Hirameichaccha!
5984,2913,ED,ED7,Tesaguri Bu Buka
5985,2913,ED,ED8,Fuusenkazura
5986,2913,ED,ED9,Call Me 'Lazy'
5987,2913,ED,ED10,Torikaekko
5988,2913,ED,ED11,Chanto Stand Up!!!!
6442,2914,OP,OP1,Yappari Stand Up!!!!!
6443,2914,ED,ED1,Shikisai crossroad
6444,2914,ED,ED2,Tousei Koukou Kouka
6445,2914,ED,ED3,Red Hot Happy Days!
6446,2914,ED,ED4,Ao to Kiiro no Amanojaku
6447,2914,ED,ED5,Kirakira BabyxBaby
6448,2914,ED,ED6,Momoiro Tomodachi Nintei
6449,2914,ED,ED7,Green Mousou Monster
24,2915,OP,OP1,Tetsujin 28-gou
2031,2916,OP,OP1,Tetsujin 28-go
2032,2916,ED,ED1,Susume Shoutarou
25,2917,OP,OP1,Tetsuwan Atom
26,2917,ED,ED1,Tetsuwan Atom
3096,2918,OP,OP1,Sora
3097,2918,ED,ED1,Let's go together
3581,2919,OP,OP1,Kiseki
3582,2919,ED,ED1,Tane
1759,2920,OP,OP1,Guardian Angel (Xavier's Edit)
1760,2920,ED,ED1,Tsuki no Uta (Song of the Moon)
1761,2920,ED,ED2,Walking Through the Empty Age
434,2921,OP,OP1,Paradise Dracula
435,2921,ED,ED1,Otousan wa Kyuuketsuki
1121,2922,OP,OP1,Big-O!
1122,2922,OP,OP2,Respect
1123,2922,ED,ED1,And Forever...
9606,2923,OP,OP1,Contradiction feat. Tyler Carter
9607,2923,ED,ED1,WIN
4169,2924,OP,OP1,READY!!
4170,2924,OP,OP2,CHANGE!!!!
4171,2924,ED,ED1,The world is all one!!
4172,2924,ED,ED2,Positive!
4173,2924,ED,ED3,First Stage
4174,2924,ED,ED4,Aoi Tori
4175,2924,ED,ED5,MOONY
4176,2924,ED,ED6,THE IDOLM@STER
4177,2924,ED,ED7,Ohayou!! Asagohan
4178,2924,ED,ED8,Hanikami! First Bite
4179,2924,ED,ED9,Reimei Starline
4180,2924,ED,ED10,GO MY WAY!!
4181,2924,ED,ED11,START!!
4182,2924,ED,ED12,Shocking na Kare!
4183,2924,ED,ED13,i
4184,2924,ED,ED14,Colorful Days
4185,2924,ED,ED15,MEGARE!
4186,2924,ED,ED16,Brand New Day!
4187,2924,ED,ED17,Cheering Letter
4188,2924,ED,ED18,Mahou wo Kakete!
4189,2924,ED,ED19,Kazahana
4190,2924,ED,ED20,Yakusoku
4191,2924,ED,ED21,Sora
4192,2924,ED,ED22,Happy Christmas
4193,2924,ED,ED23,Mitsumete
4194,2924,ED,ED24,Massugu
4195,2924,ED,ED25,Watashi-tachi wa Zutto...Deshou?
4673,2925,OP,OP1,CHANGE!!!!
4674,2925,ED,ED1,my song
6529,2926,OP,OP1,Onegai! Cinderella
6530,2926,OP,OP2,Star!!
6531,2926,ED,ED1,Message
6532,2926,ED,ED2,Yuubae Present
6533,2926,ED,ED3,Star!! (Piano Instrumental Version)
6534,2926,ED,ED4,-LEGNE- Adanasu Tsurugi Hikari no Shirabe
6535,2926,ED,ED5,Happy×2 Days
6536,2926,ED,ED6,LET'S GO HAPPY!!
6537,2926,ED,ED7,ØωØver!!
6538,2926,ED,ED8,Nation Blue
6261,2927,OP,OP1,Star!!
6262,2927,OP,OP2,Shine!!
6263,2927,ED,ED1,Yume-iro Harmony
6264,2927,ED,ED2,Watashi-iro Gift
6265,2927,ED,ED3,Heart Voice
6266,2927,ED,ED4,Wonder goes on!!
6267,2927,ED,ED5,Kokoro Moyou
6268,2927,ED,ED6,S(mile)ING!
7199,2928,OP,OP1,Shine!!
7200,2928,ED,ED1,Yume-iro Harmony
5989,2929,ED,ED1,Nijiiro Miracle
7399,2930,OP,OP1,Reason!!
7400,2930,ED,ED1,DRIVE A LIVE
7401,2930,ED,ED2,Beyond The Dream
7402,2930,ED,ED3,STARLIGHT CELEBRATE!
7403,2930,ED,ED4,TOMORROW DIAMOND
7404,2930,ED,ED5,From Teacher To Future!
7405,2930,ED,ED6,AFTER THE RAIN
7406,2930,ED,ED7,JOKER↗︎Almighty
7407,2930,ED,ED8,Ryuusei PARADE
7408,2930,ED,ED9,Over AGAIN
7409,2930,ED,ED10,Sunset★Colors
7410,2930,ED,ED11,ARRIVE TO STAR
7411,2930,ED,ED12,DRIVE A LIVE
8092,2931,ED,ED1,DRIVE A LIVE
8093,2931,ED,ED2,LET'S GO!!
8094,2931,ED,ED3,Friendly Smile
8095,2931,ED,ED4,POKER FAITH
5555,2932,ED,ED1,Hoshi no Utsuwa
7610,2933,ED,ED1,SunSunSunrise
1389,2934,OP,OP1,SOULTAKER
1390,2934,ED,ED1,MEMORY
2533,2935,OP,OP1,Sajou no Yume
2534,2935,ED,ED1,ING
2535,2935,ED,ED2,Late Show
4330,2936,OP,OP1,Orion wo Nazoru
4331,2936,OP,OP2,Missing Link
4332,2936,ED,ED1,Hoshi no Sumika
4333,2936,ED,ED2,Mind Game
4334,2936,ED,ED3,Orion wo Nazoru
4675,2937,OP,OP1,Earth Diver
4676,2937,ED,ED1,Linear Blue wo Kiki Nagara
5990,2938,OP,OP1,Nemesis
5991,2938,ED,ED1,harmonized finale
27,2939,OP,OP1,Ike! Tiger Mask
28,2939,ED,ED1,Minashigo no Ballad
6738,2940,OP,OP1,Ike! Tiger Mask
6739,2940,ED,ED1,KING OF THE WILD
6740,2941,OP,OP1,Fantastic Time
6741,2941,ED,ED1,TRUE LOVE
7412,2942,OP,OP1,DESTINY
7413,2942,OP,OP2,DESTINY
7414,2942,OP,OP3,DESTINY
7415,2942,OP,OP4,WANTED GIRL
7416,2942,ED,ED1,20xx
7417,2942,ED,ED2,Topaz Love
436,2943,OP,OP1,Gyakuten Ippatsuman
437,2943,ED,ED1,Shibibiin Rhapsody
6920,2944,OP,OP1,Kibou TRAVELER
6921,2944,ED,ED1,Miss Rabbit
6742,2945,OP,OP1,Ai ni Koiyo
6743,2945,ED,ED1,Watashi no papa ga chikyuu wo mamoru ~My father protects the Earth~
8516,2946,OP,OP1,Ray
8517,2946,ED,ED1,Renka Renbo
3179,2947,OP,OP1,forever we can make it!
3180,2947,ED,ED1,Lucky Tune
3181,2947,ED,ED2,kiss no Yukue
4559,2948,OP,OP1,RAKUEN PROJECT
4560,2948,ED,ED1,Foul Play ni Kurari
6269,2949,OP,OP1,secret arms
6270,2949,ED,ED1,Gardens
3516,2950,OP,OP1,Yattekoi! Daisuki
3517,2950,ED,ED1,Apple Panic!?
3518,2950,ED,ED2,Lucky tune
5992,2951,OP,OP1,azurite
5993,2951,ED,ED1,Kaze ga Shitteru
9044,2952,OP,OP1,Shadow is the Light
9045,2952,ED,ED1,Parole
3361,2953,OP,OP1,only my railgun
3362,2953,OP,OP2,LEVEL 5 -judgelight-
3363,2953,ED,ED1,Dear My Friend -Mada Minu Mirai he-
3364,2953,ED,ED2,Smile -You and Me-
3365,2953,ED,ED3,Real Force
3699,2954,OP,OP1,future gazer
3700,2954,ED,ED1,Special 'ONE'
5287,2955,OP,OP1,sister's noise
5288,2955,OP,OP2,eternal reality
5289,2955,ED,ED1,Grow Slowly
5290,2955,ED,ED2,stand still
5291,2955,ED,ED3,Links
5292,2955,ED,ED4,Infinia
10072,2956,OP,OP1,final phase
10073,2956,OP,OP2,dual existence
10074,2956,ED,ED1,nameless story
10075,2956,ED,ED2,Aoarashi no Ato de
3036,2957,OP,OP1,PSI-missing
3037,2957,OP,OP2,masterpiece
3038,2957,ED,ED1,Rimless ~Fuchinashi no Sekai~
3039,2957,ED,ED2,Chikaigoto ~Sukoshi Dake Mou Ichido~
3695,2958,OP,OP1,No buts!
3696,2958,OP,OP2,See visionS
3697,2958,ED,ED1,Magic8world
3698,2958,ED,ED2,Memories Last
8096,2959,OP,OP1,Gravitation
8097,2959,OP,OP2,ROAR
8098,2959,ED,ED1,Kakumei Zenya
8099,2959,ED,ED2,Owaranai Uta
8713,2960,OP,OP1,Save you Save me
8714,2960,OP,OP2,Shinkakei Colors
8715,2960,ED,ED1,Kokoro no Memoria
8716,2960,ED,ED2,Ima kono mi ga Hateyou Tomo
8717,2960,ED,ED3,Mirai Epilogue
8718,2960,ED,ED4,Chinkon no Yasokyoku
9545,2961,ED,ED1,blurry shadow
2536,2962,OP,OP1,Nothing
2537,2962,ED,ED1,Sherry
5693,2963,OP,OP1,Tokyo Zero Hearts
5694,2963,ED,ED1,Kyuusei Argyros
5695,2964,OP,OP1,unravel
5696,2964,ED,ED1,Seijatachi
6539,2965,OP,OP1,Munou
6540,2965,ED,ED1,Kisetsu wa Tsugitsugi Shindeiku
8518,2966,OP,OP1,asphyxia
8519,2966,ED,ED1,HALF
8100,2967,OP,OP1,katharsis
8101,2967,ED,ED1,Rakuen no Kimi
1691,2968,ED,ED1,No. 9
3401,2969,OP,OP1,Kimi no Uta
3402,2969,ED,ED1,M/elody
2931,2970,OP,OP1,0:00 a.m.
2932,2970,ED,ED1,Hanafubuki
2727,2971,OP,OP1,0:00 a.m.
2728,2971,OP,OP2,Prayer
1595,2972,OP,OP1,My Sweet Heart
1596,2972,ED,ED1,Koi wa A La Mode
5010,2973,OP,OP1,X-encounter
5011,2973,OP,OP2,~Outgrow~
5012,2973,ED,ED1,Kimi ga Emu Yuugure
5013,2973,ED,ED2,Break a spell
7785,2974,OP,OP1,Wacha-Gacha!
7786,2974,ED,ED1,Nayameru Hero
9930,2975,OP,OP1,Sekai ga Kimi wo Hitsuyou to Suru Toki ga Kitanda
9931,2975,ED,ED1,Bokura ga Hero
2415,2976,OP,OP1,DRAMATIC☆GIRLY
2416,2976,ED,ED1,Aitai Kimochi Kara ~Placid time~
2417,2976,ED,ED2,Oh My Darling
4561,2977,OP,OP1,Q&A Recital!
4562,2977,ED,ED1,White Wishes
8102,2978,OP,OP1,†Kyuutie Ladies†
8103,2978,ED,ED1,Happy!! Strange Friends
5994,2979,OP,OP1,Mewaku Spectacle
5995,2979,ED,ED1,Set Them Free
9546,2980,OP,OP1,Koi no Uta (feat. Tsukasa Yuzaki)
9547,2980,ED,ED1,Tsuki to Hoshizora
7092,2981,ED,ED1,Check the Back Up
1898,2982,OP,OP1,Groovin' Magic
1899,2982,ED,ED1,Hoshikuzu Namida
438,2983,OP,OP1,Active Heart
439,2983,ED,ED1,Try Again...!
440,2983,ED,ED2,Active Heart
441,2983,ED,ED3,Toki no Kawa o Koete…
3040,2984,OP,OP1,Pre-Parade
3041,2984,OP,OP2,silky heart
3042,2984,ED,ED1,Vanilla Salt
3043,2984,ED,ED2,Orange
3044,2984,ED,ED3,Holy Night
4335,2985,OP,OP1,Guts Guts!!
4336,2985,OP,OP2,Go Shock My Way!!
3182,2986,OP,OP1,"Atashi no Machi, Asu no Machi"
3183,2986,ED,ED1,changes
442,2987,OP,OP1,Touch
443,2987,OP,OP2,Ai ga Hitoribocchi
444,2987,OP,OP3,Che! Che! Che!
445,2987,OP,OP4,Hitoribocchi no Duet
446,2987,OP,OP5,Jounetsu Monogatari
447,2987,ED,ED1,Kimi ga Inakereba
448,2987,ED,ED2,Seishun (Youth)
449,2987,ED,ED3,Yakusoku
450,2987,ED,ED4,Kimi wo Tobashita Gogo
2108,2988,OP,OP1,Nantoka Nare
2109,2988,ED,ED1,Akagi
2110,2988,ED,ED2,S.T.S.
2850,2989,OP,OP1,Yume Oboro
2851,2989,ED,ED1,Kono Sekai ga Itsuka wa
6744,2990,OP,OP1,Hanamaru◎Biyori
6745,2990,ED,ED1,Ake Kure Nikki
6746,2990,ED,ED2,Shinkon no Arika
6747,2990,ED,ED3,Hana no Kaori wa Kyoushidare
6748,2990,ED,ED4,Toki Zotomo Nashi Kenbi no Hana yo
6749,2990,ED,ED5,"Dezuru Tsuki, Souen no Uta"
12145,2990,ED,ED6,Okiraku Chindouchuu
12146,2990,ED,ED7,Koi to Jouto no Yaezakura
12147,2990,ED,ED8,Nikkari Ayakashi Kazoe Uta
12148,2990,ED,ED9,Akatsuki no Hoshi
12149,2990,ED,ED10,Kokorobase kara Yukari ari
12150,2990,ED,ED11,
12151,2990,ED,ED12,Hanamaru◎Biyori
142,2991,OP,OP1,Tate! Toushou Daimos
451,2992,OP,OP1,Choujin Masterforce no Theme
452,2992,ED,ED1,Moero! Transformer
453,2993,OP,OP1,The Headmasters
454,2993,ED,ED1,Kimi wa Transformer
455,2994,OP,OP1,Transformers V (Victory)
456,2994,ED,ED1,Cybertron Banzai
1124,2995,OP,OP1,Transformers Zone Theme
1125,2995,ED,ED1,Ashita no Kimi e
6450,2996,OP,OP1,triage
6451,2996,ED,ED1,Soleil More
6750,2997,OP,OP1,Kimi dake no Boku de Iru kara
6751,2997,OP,OP2,Unmei Dilemma
6752,2997,ED,ED1,1HOPE SNIPER
6753,2997,ED,ED2,Tsumi no Keishou: Original Sin
1126,2998,OP,OP1,H.T.
1127,2998,ED,ED1,Kaze wa Mirai ni Fuku
2202,2999,OP,OP1,Dress (BLOODY TRINITY MIX)
2203,2999,ED,ED1,Broken Wings
5556,3000,OP,OP1,Seven Doors
5557,3000,ED,ED1,BEAUTIFUL≒SENTENCE
5558,3000,ED,ED2,SHaVaDaVa in AMAZING♪
5559,3000,ED,ED3,ReSTART 'THE WORLD'
5560,3000,ED,ED4,TRINITY×SEVENTH+HEAVEN
7924,3001,ED,ED1,Last Proof
9377,3002,ED,ED1,Against The Abyss
9809,3003,OP,OP1,Viva! Spark! Tropical-Rouge! Precure
9810,3003,ED,ED1,Tropica I・N・G
10325,3003,ED,ED2,Akogare Go My Way!!
10846,3003,OP,OP2,Viva! Spark! Tropical-Rouge! Precure with Tropical-bu
10847,3003,OP,OP3,Viva! Spark! Tropical-Rouge! Precure ~Tropical-bu Ver.~
3241,3004,OP,OP1,Reflectia
3242,3004,ED,ED1,Sekai no Namida
9046,3005,OP,OP1,Mugen no Try
9047,3005,ED,ED1,Moyou
2204,3006,OP,OP1,BLAZE
2205,3006,ED,ED1,Loop
2538,3007,OP,OP1,IT'S
2539,3007,ED,ED1,Kazemachi Jet
3583,3008,OP,OP1,SONIC BOOM
3584,3008,ED,ED1,Kioku no Mori
2688,3009,OP,OP1,Synchronicity
2689,3009,ED,ED1,Saigo no Kajitsu
9932,3010,OP,OP1,Kaze Fukeba Tsukiyo no Hate ni
9933,3010,ED,ED1,"Haru, Kanade"
7787,3011,OP,OP1,METAMORISER
7788,3011,ED,ED1,I4U
7789,3012,OP,OP1,Imakoko
7790,3012,ED,ED1,Tsuki ga Kirei
1957,3013,OP,OP1,Amulet
1900,3014,OP,OP1,Amulet
5561,3015,OP,OP1,Orange Mint
5562,3015,ED,ED1,border
7418,3016,OP,OP1,Burny!!!
7419,3016,OP,OP2,ALIEL
7420,3016,OP,OP3,Because you are
7421,3016,OP,OP4,Mahou no Kizuna
7422,3016,ED,ED1,Ouka Ranman
7423,3016,ED,ED2,FRIEND
7424,3016,ED,ED3,Chiisana Sekai
7425,3016,ED,ED4,one day...
7426,3016,ED,ED5,Back On Track
7427,3016,ED,ED6,"Start Line ~Boys, Be Mighty~"
7428,3016,ED,ED7,Above the best
7429,3016,ED,ED8,Parallel Lineage
7430,3016,ED,ED9,Unmei wo Koeru 'Venga'
7431,3016,ED,ED10,Mirai e no Okurimono
7432,3016,ED,ED11,Arigatou
7433,3016,ED,ED12,Hidamari ni Saku
6922,3017,OP,OP1,GRAVITIC-LOVE
6923,3017,OP,OP2,LOLV -Lots of Love-
6924,3017,ED,ED1,stella ~Kinpika Joushou Kibun~
6925,3017,ED,ED2,initium ~Shikou Hyouron~
6926,3017,ED,ED3,amor ~Afure dasu Omoi kara~
6927,3017,ED,ED4,ver ~Utayomidori no Koe~
6928,3017,ED,ED5,cerasus ~Sakura Namiki ni Michikarete~
6929,3017,ED,ED6,caelum ~Mirai~
6930,3017,ED,ED7,pluvia ~Uso to Nukumori~
6931,3017,ED,ED8,mare ~Kimi to Tsuzuru Koukai Nisshi~
6932,3017,ED,ED9,sol ~Happy! Phew!~
6933,3017,ED,ED10,nox ~Kaze no Record~
6934,3017,ED,ED11,athletic ~Never Ending Challenge!!~
6935,3017,ED,ED12,albion ~Futari Dake Shiro~
9548,3018,OP,OP1,Paint It Black
9549,3018,OP,OP2,White Sparks
9550,3018,ED,ED1,Kinpika Complete
9551,3018,ED,ED2,Close
9552,3018,ED,ED3,Sakura Mau Sora e
9553,3018,ED,ED4,Kimi to Prominence
9554,3018,ED,ED5,Namae no Nai Monogatari
9555,3018,ED,ED6,Valiant Journey
9556,3018,ED,ED7,Koibana
9557,3018,ED,ED8,Nen-ka Zoku Sou
9558,3018,ED,ED9,Fly Together
9559,3018,ED,ED10,Getsumen Kansoku
9560,3018,ED,ED11,Hajime Chouka
9561,3018,ED,ED12,Cry for xxx
8280,3019,OP,OP1,Get Into My Heart
8281,3019,ED,ED1,Koyoi wa Yume wo Misasete
1901,3020,OP,OP1,Neko Mimi Mode
1902,3020,OP,OP2,Tsuku Yomi Mode
1903,3020,ED,ED1,Pressentiment triste
1904,3020,ED,ED2,Kanashii Yokan
1905,3020,ED,ED4,Just for my love
7611,3021,OP,OP1,Aimai Moko
7612,3021,ED,ED1,Dear
4779,3022,OP,OP1,Tsurezure Monochrome
4780,3022,ED,ED1,Sora mo Toberu Hazu
8104,3023,OP,OP1,Naru
8105,3023,ED,ED1,Orange-iro
9048,3024,OP,OP1,Iyayo Iyayo mo Suki no Uchi!
9049,3024,ED,ED1,Tsuujou Kougeki ga Zentai Kougeki de Ni-kai Kougeki Mama
2418,3025,OP,OP1,Sunao ni Narenai
2419,3025,ED,ED1,open
1128,3026,OP,OP1,Turn A Turn
1129,3026,OP,OP2,Century Color
1130,3026,ED,ED1,AURA
1131,3026,ED,ED2,Tsuki no Mayu
1132,3026,ED,ED3,Kagiri naki Tabiji
7434,3027,OP,OP1,Heart to Heart
7435,3027,ED,ED1,Angelica Wind
3045,3028,OP,OP1,"Ano Sora wo, Yuke"
3046,3028,ED,ED1,Lost in Space
9050,3029,OP,OP1,I'm with you
9051,3029,ED,ED1,"This is Yuusha, but Zannen!?"
9052,3029,ED,ED2,Hana no Eda
8106,3030,OP,OP1,Uzauza☆Waossu!
8107,3030,ED,ED1,Tokimeki☆Climax
10076,3031,OP,OP1,Friends
10077,3031,ED,ED1,Hidamari wo Sagashite
10078,3031,ED,ED2,Rainy Bull
10079,3031,ED,ED3,Itsumo Itsumo no Sanpomichi
10080,3031,ED,ED4,3-Choume no Hoshi☆
10081,3031,ED,ED5,UP TO DATE!
10082,3031,ED,ED6,Inu Neko Elegy
10083,3031,ED,ED7,Kitty's cutie!
10084,3031,ED,ED8,Nante Koto Nai Uta
10085,3031,ED,ED9,Play with me...?
10086,3031,ED,ED10,Hallelujah Hallelujah
10087,3031,ED,ED11,3-Choume no Theme
7613,3032,ED,ED1,Uchiage Hanabi
5159,3033,OP,OP1,Uchouten Jinsei
5160,3033,ED,ED1,"Qué Será, Será"
5161,3033,ED,ED2,Uchouten Jinsei
7791,3034,OP,OP1,"Nasagumama, Sawagumama"
7792,3034,ED,ED1,Moon River
143,3035,OP,OP1,Captain Harlock
144,3035,ED,ED1,Warera no Tabidachi
4781,3036,OP,OP1,Feel So Moon
4782,3036,OP,OP2,Eureka
4783,3036,OP,OP3,Yume Miru Sekai
4784,3036,OP,OP4,Small World
4785,3036,OP,OP5,Kienai E
4786,3036,OP,OP6,Crater
4787,3036,OP,OP7,HALO
4788,3036,OP,OP8,B.B
4789,3036,ED,ED1,Subarashiki Sekai
4790,3036,ED,ED2,Kokuhaku
4791,3036,ED,ED3,Tete
4792,3036,ED,ED4,Goodbye Isaac
4793,3036,ED,ED5,BEYOND
4794,3036,ED,ED6,Yozora no Taiyou
4795,3036,ED,ED7,New World
4796,3036,ED,ED8,Anata a Ireba OK!
145,3037,OP,OP1,Uchuu Majin Daikengo no Uta
146,3038,OP,OP1,Tekkaman no Uta
147,3038,ED,ED1,Space Knights no Uta
1133,3039,OP,OP1,Reason
1134,3039,OP,OP2,Eternally Lonely
1135,3039,ED,ED1,Energy of Love
1136,3039,ED,ED2,Lonely Heart
1762,3040,OP,OP1,Asu e no brilliant road
1763,3040,ED,ED1,Kirei na Yozora
1764,3040,ED,ED2,The end of the world
1765,3040,ED,ED3,Dear my best friend
7093,3041,OP,OP1,Cry Max do Heijitsu
7094,3041,ED,ED1,Pipo Password
7095,3041,ED,ED2,Cry Max do Heijitsu
8520,3042,OP,OP1,Breakthrough
8521,3042,ED,ED1,DURANDAL
8108,3043,OP,OP1,Breakthrough
8109,3043,OP,OP2,Gravity Heart
8110,3043,ED,ED1,DURANDAL New ver.
148,3044,OP,OP1,Uchuu Senkan Yamato
149,3044,ED,ED1,Makka na Scarf
4797,3045,OP,OP1,Uchuu Senkan Yamato
4798,3045,OP,OP2,Uchuu Senkan 2199 (Normal Ver.)
4799,3045,ED,ED1,Hoshi ga Eien wo Terashiteru
4800,3045,ED,ED2,Utsukushii Chikyuu wo Shiru Mono yo
4801,3045,ED,ED3,Makka na Scarf
4802,3045,ED,ED4,Kioku no Hikari
4803,3045,ED,ED5,Yosoro ~Hoshi no Umi wo Koete~
4804,3045,ED,ED6,R.I.P~Tomo yo Shizuka ni Nemure~
4805,3045,ED,ED7,Ai no Hoshi
4806,3045,OP,OP2-TV,Fight For Liberty
7925,3046,OP,OP1,Uchuu Senkan Yamato 2202 (Instrumental)
7926,3046,OP,OP2,Uchuu Senkan Yamato 2202
7927,3046,ED,ED1,Yamato yori Ai wo Komete
7928,3046,ED,ED2,Tsuki no Kagami
7929,3046,ED,ED3,"Kimi, Hitohira"
7930,3046,ED,ED4,CRIMSON RED
7931,3046,ED,ED5,Youranka
7932,3046,ED,ED6,Ooinaru Wa
457,3047,OP,OP1,Ashita ni Ikiro Baldios
458,3047,ED,ED1,"Marin, Inochi no Tabi"
459,3048,OP,OP1,Sea Wind
460,3048,ED,ED1,Sugao no Mama de
461,3049,OP,OP1,Ganbare! Uchuu no Senshi
462,3050,OP,OP1,Stardust Boys
463,3050,ED,ED1,Yume Kounen
6754,3051,OP,OP1,S.O.S
6755,3051,ED,ED1,Sweet Darwin
6756,3051,ED,ED2,Gaogao-chan Taisou
9378,3052,OP,OP1,Hirameki Heartbeat
9379,3052,ED,ED1,My Pace Science
9380,3052,ED,ED2,Love Me Science
9381,3052,ED,ED3,Houkago Traveler
9382,3052,ED,ED4,Cosmo Lumina
9383,3052,ED,ED5,Bukiyou Sensation
9384,3052,ED,ED6,Kokoro no Furiko
1545,3053,OP,OP1,Itoshii Kakera
1546,3053,ED,ED1,Save♥
150,3054,OP,OP1,Tobe! Grendizer
151,3054,ED,ED1,Uchuu no Ouja Grendizer
152,3055,OP,OP1,UFO Senshi Dai Apolon
153,3055,ED,ED1,UFO Shounen Dan no Uta
154,3056,OP,OP1,UFO Senshi Dai Apolon
155,3056,ED,ED1,UFO Shounen Dan no Uta
1766,3057,OP,OP1,Kagami no Naka
1767,3057,ED,ED1,Hitotsu=Unmei Kyoudoutai
9236,3058,ED,ED1,Sight Over The Battle
8111,3059,OP,OP1,Liberation
8112,3059,ED,ED1,Hyakunen no Melum ~Dai 1 Uta Kiengi~
8113,3059,ED,ED2,Hyakunen no Melum ~Dai 2 Uta Enki~
8114,3059,ED,ED3,Hyakunen no Melum ~Dai 3 Uta Enlil~
8115,3059,ED,ED4,Hyakunen no Melum ~Dai 4 Uta Inanna~
8116,3059,ED,ED5,Hyakunen no Melum ~Dai 5 Uta Inanna (Shouzen)~
8117,3059,ED,ED6,Hyakunen no Melum ~Dai 6 Uta Étemen Houkai~
8118,3059,ED,ED7,Hyakunen no Melum ~Dai 7 Uta Ziusudra~
8119,3059,ED,ED8,Hyakunen no Melum ~Dai 8 Uta Rakuen Houkai~
8120,3059,ED,ED9,Hyakunen no Melum
8522,3060,OP,OP1,Make Debut!
8523,3060,ED,ED1,Grow Up Shine!
8524,3060,ED,ED2,"Arigatou, Kamisama"
8525,3060,ED,ED3,Silent Star
8526,3060,ED,ED4,Find My Only Way
8527,3060,ED,ED5,Umapyoi Densetsu
8121,3061,OP,OP1,Make Debut!
8122,3061,ED,ED1,Grow Up Shine!
8123,3061,ED,ED2,Enjoy and Join
9811,3062,OP,OP1,Yume wo Kakeru!
9812,3062,ED,ED1,winning the soul
9813,3062,ED,ED2,Komorebi no Yell
9814,3062,ED,ED3,Sasayaka na Inori
10109,3062,ED,ED4,Negai no Katachi
10309,3062,ED,ED5,Umapyoi Densetsu
9608,3063,ED,ED1,Pyoitto♪Hallelujah!
9609,3063,ED,ED2,Ring Ring Diary
9610,3063,ED,ED3,Nigekiri! Fallin' Love
29,3064,OP,OP1,Umeboshi Denka Konnichiwa
30,3064,ED,ED1,Umeboshi Denka Konnichiwa
3403,3065,OP,OP1,Violet
3404,3065,ED,ED1,Toumei na Inori
156,3066,OP,OP1,Go! Go! Triton
157,3066,ED,ED1,Umi no Triton
9611,3067,ED,ED1,Zokkon
3405,3068,OP,OP1,One-winged Bird
3406,3068,ED,ED1,la divina tragedia ~Makyoku~
4076,3069,OP,OP1,How to go
4077,3069,ED,ED1,Fantasy
4807,3070,OP,OP1,I.N.G.
4808,3070,ED,ED1,Himekuri
7436,3071,OP,OP1,Happy☆Material
7437,3071,ED,ED1,Steady→GO!!
7614,3072,ED,ED1,Kagayaku Kimi e
7615,3072,ED,ED2,1000%SPARKING!
7616,3072,ED,ED3,Love☆Sensation
3864,3073,OP,OP1,Uragiri no Nai Sekai Made
3865,3073,OP,OP2,Inishie
3866,3073,ED,ED1,Aoi Ito
3867,3073,ED,ED2,Kizuna
7438,3074,OP,OP1,Antithesis Escape
7439,3074,ED,ED1,KIRAMEKI☆Life Line
7933,3075,OP,OP1,Yumeji Labyrinth
7934,3075,ED,ED1,go to Romance>>>>>
9815,3076,OP,OP1,Minikui Ikimono
9816,3076,ED,ED1,You & Me
10110,3076,ED,ED2,Machi wo Nukete
8902,3077,OP,OP1,Calendar Reminder
6452,3078,ED,ED1,URAWA ga Tomaranai
464,3079,OP,OP1,Lum no Love Song
465,3079,OP,OP2,Dancing Star
466,3079,OP,OP3,Pajama Jama da!
467,3079,OP,OP4,Chance on Love
468,3079,OP,OP5,Rock the Planet
469,3079,OP,OP6,Tonogata Gomen Asobase
470,3079,ED,ED1,Uchuu wa Taihen da!
471,3079,ED,ED2,Kokorobosoi na
472,3079,ED,ED3,Hoshizora Cycling
473,3079,ED,ED4,"I, I, You & Ai"
474,3079,ED,ED5,Yume wa Love me more
475,3079,ED,ED6,Koi no Mobius
476,3079,ED,ED7,Open Invitation
477,3079,ED,ED8,Every Day
478,3079,ED,ED9,Good Luck
4196,3080,OP,OP1,Sweet Drops
4197,3080,ED,ED1,High High High
7096,3081,OP,OP1,Hashire! Usakame Koukou Tennis-bu!!
7097,3081,ED,ED1,Promise you
5563,3082,OP,OP1,Le jour
5564,3082,ED,ED1,Ashita Mata Aeru yo ne
6271,3083,OP,OP1,Mazeru na Kiken
6272,3083,ED,ED1,HERO
6273,3083,ED,ED2,Makeruna Chiisaki Mono yo
7098,3084,OP,OP1,Shuugawari no Kiseki no Shinwa
7099,3084,ED,ED1,Kessen Zenya
8124,3085,ED,ED1,Hitohira
1906,3086,OP,OP1,Omoi wo Kanadete
1907,3086,ED,ED1,Itsuka Tokeru Namida
6757,3087,OP,OP1,Tempest
6758,3087,ED,ED1,Maji LOVE Legend Star
9237,3088,ED,ED1,Encore
2540,3089,OP,OP1,Musouka
2541,3089,ED,ED1,Madoromi no Rinne
6145,3090,OP,OP1,Fuantei na Kamisama
6146,3090,OP,OP2,Ame Kakeru Hoshi
6147,3090,ED,ED1,Yume ka Utsutsu ka
6148,3090,ED,ED2,Hoshi Furu Sora Aogi Mite
6149,3090,ED,ED3,Unmei -SADAME-
3519,3091,OP,OP1,adamant faith
3520,3091,ED,ED1,Yume no Tsuzuki
9612,3092,OP,OP1,Nadame Sukashi Negotiation
9613,3092,ED,ED1,Kokoro Knock
8903,3093,OP,OP1,for...
8904,3093,ED,ED1,UP-DATE x PLEASE!!! ver 1.7.8
8905,3093,ED,ED2,UP-DATE x PLEASE!!! ver 3.4.5
8906,3093,ED,ED3,UP-DATE x PLEASE!!! ver 2.6.9
6150,3094,OP,OP1,Overdrive
6151,3094,ED,ED1,Ultra Super Hyper Miracle Romantic
9614,3095,OP,OP1,Taste of home
9615,3095,OP,OP2,Taste of home
3184,3096,OP,OP1,Futatsu no Kodou to Akai Tsumi
3185,3096,ED,ED1,still doll
3047,3097,OP,OP1,Rondo
3048,3097,ED,ED1,Suna no Oshiro
7617,3098,OP,OP1,MYSTERIUM
7618,3098,ED,ED1,Sacramento
479,3099,ED,ED1,Asu e no Kaze
1137,3100,OP,OP1,Ureshii Namida
1138,3100,ED,ED1,Ano Hi Ni
480,3101,OP,OP1,Video Senshi Lezarion
10801,3101,ED,ED1,Heartful Hotline
9053,3102,OP,OP1,MUKANJYO
9054,3102,OP,OP2,Dark Crow
9055,3102,ED,ED1,Torches
9056,3102,ED,ED2,Drown
8719,3103,OP,OP1,Sincerely
8720,3103,ED,ED1,Michishirube
8721,3103,ED,ED2,Believe in...
9057,3104,ED,ED1,Amy
9385,3105,OP,OP1,AIAIAI (feat. Nakata Yasutaka)
9386,3105,OP,OP2,Ai ga Tarinai (feat. Nakata Yasutaka)
9387,3105,ED,ED1,Hitogata
6759,3106,OP,OP1,Future Strike
6760,3106,ED,ED1,Starry Wish
5392,3107,OP,OP1,ENERGY
5393,3107,ED,ED1,WE ARE ONE!
5394,3107,ED,ED2,STEREO COLORS
5395,3107,ED,ED3,Stray Sheep Story
5396,3107,ED,ED4,Arifureta Shiawase
5397,3107,ED,ED5,Vivid Shining Sky
9819,3108,ED,ED1-TV,Akai Ame
9820,3108,OP,OP1,Where you are
9821,3108,OP,OP2,Winds Of Transylvania
9822,3108,ED,ED1,Shingetsu
1908,3109,OP,OP1,KIZUNA
1909,3109,ED,ED1,Omoide good night
9388,3110,OP,OP1,Reason
9389,3110,ED,ED1,Kamisama wa Kitto
1597,3111,OP,OP1,Pretty Cake Magic
1598,3111,OP,OP2,Kechirase!
1599,3111,OP,OP3,"Happy Lucky: Onegai, Mirumo!"
1600,3111,OP,OP4,Fun Fun Fantasy
1601,3111,OP,OP5,Love Love
1602,3111,OP,OP6,Ashita ni Nare
1603,3111,OP,OP7,Sugar Sugar Love
1604,3111,ED,ED1,Mirumo no Waltz
1605,3111,ED,ED2,Sarara
1606,3111,ED,ED3,Asunaru no Uta
1607,3111,ED,ED4,Precious Moment
1608,3111,ED,ED5,Taisetsu na Tomodachi
1609,3111,ED,ED6,'Gomen Nasai' wa Mahou no Kotoba
1610,3111,ED,ED7,Special Smile!
1611,3111,ED,ED8,Odoru Mahou no Osouzai Byon
1612,3111,ED,ED9,Boku no Tonari
1613,3111,ED,ED10,Brownie
1614,3111,ED,ED11,Cherry Girl
7100,3112,ED,ED1,High Spec Days
6274,3113,OP,OP1,Hajimete Girls!
6275,3113,OP,OP2,Hajimete Girls!
6276,3114,OP,OP1,Shiawase no Kaerimichi
8528,3115,ED,ED1,Kimi no Stage e
8529,3115,ED,ED2,NEW DAY
8282,3116,ED,ED1,Mata Ashita
5565,3117,ED,ED1,WUG Zoo Zoo
5996,3118,OP,OP1,Tachiagare!
5997,3118,OP,OP2,7 Girls War
5998,3118,ED,ED1,Kotonoha Aoba
6152,3119,ED,ED1,Beyond the Bottom
6277,3120,ED,ED1,Shoujo Koukyoukyoku
5999,3121,ED,ED1,Tachiagare!
7440,3122,OP,OP1,7 Senses
7441,3122,ED,ED1,Shizuku no Kanmuri
158,3123,OP,OP1,Suki Da Danguard Ace
159,3123,ED,ED1,Sono Na mo Takuma Uchuu Pilot
5014,3124,OP,OP1,UN-DELAYED
5015,3124,ED,ED1,MoonRise Romance
2729,3125,OP,OP1,lights and any more
2730,3125,ED,ED1,Talking bout good days
7793,3126,OP,OP1,Don't
7794,3126,ED,ED1,Don! Yarare Chatta Bushi
5162,3127,OP,OP1,Watashi ga Motenai no wa Dou Kangaete mo Omaera ga Warui
5163,3127,ED,ED1,Dou Kangaete mo Watashi wa Warukunai
5164,3127,ED,ED2,Musou Renka
5165,3127,ED,ED3,"Yoru no Tobari yo, Sayounara"
5166,3127,ED,ED4,Natsu Matsuri
5167,3127,ED,ED5,Sokora no Kigurumi no Fuusen to Watashi
5168,3127,ED,ED6,Watashi ga Motenai no wa Dou Kangaete mo Omaera ga Warui
6761,3128,OP,OP1,Prince×Prince
6762,3128,ED,ED1,Dokidoki no Kaze
9390,3129,OP,OP1,Kimama na Tenshi-tachi
9391,3129,ED,ED1,Happy Happy Friends
8907,3130,OP,OP1,Smile Skill = Suki Skill
8908,3130,ED,ED1,Genzai↑ Banzai↑
9823,3131,OP,OP1,Shigeki Surfer Boy!
9824,3131,ED,ED1,BFF ~Best Friends Forever~
9825,3131,ED,ED2,"One more chance, One Ocean"
3585,3132,OP,OP1,Shin Ai
3586,3132,ED,ED1,Maiochiru Yuki no Youni
5016,3133,OP,OP1,Todokanai Koi '13
5017,3133,ED,ED1,WHITE ALBUM
5018,3133,ED,ED2,closing '13
5019,3133,ED,ED3,Sayonara no Koto
5020,3133,ED,ED4,After All ~Tsuzuru Omoi~ '13
5021,3133,ED,ED5,Twinkle Snow '13
5022,3133,ED,ED6,Todokanai Koi
3366,3134,OP,OP1,Mugen
3367,3134,ED,ED1,Akai Ito
6000,3135,OP,OP1,divine intervention
6001,3135,ED,ED1,Witch☆Activity
1547,3136,OP,OP1,Shell
1548,3136,ED,ED1,half pain
2542,3137,OP,OP1,XTC
2543,3137,OP,OP2,Dear Bob
2544,3137,ED,ED1,Ashita no Te
2545,3137,ED,ED2,Kutsu Himo
9826,3138,OP,OP1,D-(A)LIVE!!
9827,3138,ED,ED1,Hanpanai★Destruction
9828,3138,ED,ED2,ENDLESS-PUNCHLINE
9829,3138,ED,ED3,salvage the future
9830,3138,ED,ED4,Glory Grow
9831,3138,ED,ED5,TRIGGER OF VICTORY
10111,3138,ED,ED6,D-(A)LIVE!!
6002,3139,OP,OP1,JUSTITIA
6003,3139,ED,ED1,BLUE TOPAZ
1782,3140,OP,OP1,Stray
1783,3140,ED,ED1,Gravity
1784,3140,ED,ED2,Tell Me What the Rain Knows
9832,3141,OP,OP1,Sudachi no Uta
9833,3141,ED,ED1,Life is Cider
6004,3142,ED,ED1,NEW ORDER
6278,3143,ED,ED1,Lucky girl*
3868,3144,OP,OP1,SOMEONE ELSE
3869,3144,ED,ED1,Heart no Edge ni Idomou Go to Heart Edge
3870,3144,ED,ED2,Golden Day
4078,3145,OP,OP1,COOLISH WALK
4079,3145,ED,ED1,Itsumo no Youni LOVE & PEACE!!
6279,3146,OP,OP1,NOW!!!GAMBLE
6280,3146,ED,ED1,Matsuge ni LOCK
3098,3147,OP,OP1,ZERØ
3099,3147,ED,ED1,Kaze no Kioku ~to the end of the world~
5566,3148,OP,OP1,GIRIGIRI
5567,3148,OP,OP2,Ashita no Hikari
5568,3148,OP,OP3,Dream Trigger
9834,3149,OP,OP1,Force
9835,3149,ED,ED1,Mirai Eigou
9836,3150,OP,OP1,Wanna Fly?
9837,3150,ED,ED1,Colorful Everyday
9838,3150,ED,ED2,Awesome days!
9839,3150,ED,ED3,Colorful Everyday
9840,3150,ED,ED4,Awesome days!
9841,3150,ED,ED5,Colorful Everyday
9842,3150,ED,ED6,Awesome days!
9843,3150,ED,ED7,Colorful Everyday
9844,3150,ED,ED8,Awesome days!
9845,3150,ED,ED9,Colorful Everyday
10112,3150,ED,ED10,Awesome days!
10113,3150,ED,ED11,Colorful Everyday
10310,3150,ED,ED12,Awesome Days!
8530,3151,OP,OP1,Fiction
8531,3151,ED,ED1,Kimi no Tonari
8532,3151,ED,ED2,Ashita mo Mata
6763,3152,OP,OP1,Eyecatch! Too much!
6764,3152,ED,ED1,Mujuuryoku Fever
1310,3153,OP,OP1,eX Dream
1311,3153,ED,ED1,Secret Sorrow
2244,3154,ED,ED1,In this serenity
2546,3155,OP,OP1,19sai
2547,3155,ED,ED1,Reason
2548,3155,ED,ED2,Kagerou
2147,3156,ED,ED1,Sanagi ~theme from xxxHOLiC the movie~
3871,3157,OP,OP1,Adayume
3872,3157,ED,ED1,Kaza Nagi
3873,3157,ED,ED2,Gomen ne
3587,3158,OP,OP1,sofa
3588,3158,ED,ED1,CHERISH
8125,3159,OP,OP1,Kimi ni Furete
8126,3159,ED,ED1,hectopascal
8127,3159,ED,ED2,"Suki, Igai no Kotoba de"
5293,3160,OP,OP1,Yukitoki
5294,3160,ED,ED1,Hello Alone
5295,3160,ED,ED2,Hello Alone -Yui Ballade-
5296,3160,ED,ED3,Hello Alone -Band arrange-
9616,3161,OP,OP1,Megumi no Ame
9617,3161,ED,ED1,Diamond no Jundo
9618,3161,ED,ED2,Diamond no Jundo ~Yui Ballade~
9619,3161,ED,ED3,Diamond no Jundo ~Yukino Ballade~
9620,3161,ED,ED4,Yukitoki
6453,3162,OP,OP1,Harumodoki
6454,3162,ED,ED1,Everyday World
6455,3162,ED,ED2,Everyday World -Ballade Arrange-Yukino Solo Ver.
6456,3162,ED,ED3,Everyday World -Ballade Arrange-Yui Solo Ver.
8283,3163,OP,OP1,YAKINIKU♥TABETAI
1910,3164,OP,OP1,Houkigumo
1911,3164,OP,OP2,Promise
1912,3164,OP,OP3,Chiisana Uta
1913,3164,ED,ED1,Sunday
1914,3164,ED,ED3,Hummingbird
8284,3165,ED,ED1,Awai
9392,3166,OP,OP1,Touch Off
9393,3166,ED,ED1,Zettai Zetsumei
9394,3166,ED,ED2,Lamp
9846,3167,OP,OP1,Identity
9847,3167,ED,ED1,Mahou
160,3168,OP,OP1,Midori no Hidamari
161,3168,ED,ED1,Rocky to Polly
5398,3169,ED,ED1,Staccato Days
5697,3170,OP,OP1,Natsu-iro Present
5698,3170,OP,OP2,Mainichi Koharu Biyori
5699,3170,ED,ED1,Tinkling Smile
5700,3170,ED,ED2,Staccato Days
5701,3170,ED,ED3,Cocoiro Rainbow
8285,3171,OP,OP1,Chiheisen Stride
8286,3171,ED,ED1,Irochigai no Tsubasa
6457,3172,OP,OP1,Kuchizuke Diamond
6458,3172,ED,ED1,CANDY MAGIC
2389,3173,OP,OP1,Slow
2390,3173,ED,ED1,Carnation
2391,3173,ED,ED2,∞Changing∞
5169,3174,ED,ED1,Kaikai Emaki
5702,3175,ED,ED1,Shijuukunichi Me
7201,3176,ED,ED1,Naa? Naa? Naa?
7935,3177,ED,ED1,Yume Oi Bito
7619,3178,ED,ED1,Yawarakai Kamen
8287,3179,ED,ED1,Mayakashi Yokochou
9058,3180,ED,ED1,Kekkai
9848,3181,ED,ED1,Twilight
1692,3182,OP,OP1,Hitomi no Naka no Meikyuu
1693,3182,ED,ED1,Eien no Inori wo Sasagete
8288,3183,ED,ED1,Touch you
9238,3184,ED,ED1,DELUXE DELUXE HAPPY
10088,3185,ED,ED1,Imaginary Love
9849,3186,ED,ED1,Zassou Tamashii na Men na yo!
3243,3187,OP,OP1,Yatterman no Uta
481,3188,OP,OP1,Miracle Girl
482,3188,OP,OP2,Rain-Kissed Bouquet…
483,3188,OP,OP3,Girl Can't Lose
484,3188,OP,OP4,YOU AND I
485,3188,ED,ED1,Stand by Me
486,3188,ED,ED2,Egao wo Sagashite
487,3188,ED,ED3,Shoujo Jidai
488,3188,ED,ED4,Itsumo Soko ni Kimi ga Ita
2933,3189,OP,OP1,"Smile, Go Go!"
2934,3189,ED,ED1,Kirakira Shichatte My True Love
2935,3189,ED,ED2,Ganbalance de Dance ~Yume Miru Kisekitachi~
3244,3190,OP,OP1,"Precure 5, Full Throttle GO GO!"
3245,3190,ED,ED1,Te to Te Tsunaide Heart mo Link!!
3246,3190,ED,ED2,Gambalance de Dance ~Kibou no Relay~
3049,3191,OP,OP1,"Precure 5, Full Throttle GO GO!"
3050,3191,ED,ED1,Birthday Party
2690,3192,OP,OP1,"Smile, Go Go!"
2691,3192,ED,ED1,Ganbalance de Dance ~Yume Miru Kisekitachi~
9934,3193,ED,ED1,Kago no Naka ni Tori
9935,3193,ED,ED2,Aoibashi
9936,3193,ED,ED3,Yesterday wo Utatte
2392,3194,OP,OP1,Prelude -We are not alone-
2393,3194,ED,ED1,Crescent Love ～Tsuki no Namida～
7795,3195,ED,ED1,Utautai no Ballad
3874,3196,OP,OP1,Maigo Inu to Ame no Beat
3875,3196,OP,OP2,Kamisama no Iutoori
3876,3196,ED,ED1,Kamisama no Iutoori
1139,3197,OP,OP1,Cafe Alpha
1140,3197,ED,ED1,Closing Time
1528,3198,ED,ED1,Fuwa Fura
3407,3199,OP,OP1,programming for non-fiction
3408,3199,ED,ED1,Made in WONDER
4337,3200,OP,OP1,Pandemic!!
4338,3200,ED,ED1,Like a Party
5297,3201,OP,OP1,Revival!
5298,3201,ED,ED1,Sticky Lucky Stupids (Yonekura Chihiro Ver.)
11471,3201,ED,ED2,Sticky Lucky Stupids (Sakuma Rinko Ver.)
11472,3201,ED,ED3,Sticky Lucky Stupids (Azazel & Beelzebub Ver.)
489,3202,OP,OP1,Stardust Eyes
490,3202,OP,OP2,Samurai Heart
491,3202,ED,ED1,Far away
492,3202,ED,ED2,BE FREE
493,3203,OP,OP1,Yoroshiku Tuning
494,3203,ED,ED1,Kimi ni Woo...!
6541,3204,OP,OP1,Kyokugen Dreamer
6542,3204,ED,ED1,Jounetsu CONTINUE
7796,3205,ED,ED1,Kouya wo Aruke
3701,3206,OP,OP1,Hiyoku no Hane
3702,3206,ED,ED1,Tsunagukizuna
3703,3206,ED,ED2,Pinky Jones
3247,3207,OP,OP1,Koisuru Kioku
3248,3207,ED,ED1,Negai
7936,3208,OP,OP1,JINGO JUNGLE
7937,3208,ED,ED1,Los! Los! Los!
7938,3208,ED,ED2,Sensen no Realism
9395,3209,ED,ED1,Los! Los! Los!
9396,3209,ED,ED2,Remembrance
9850,3210,OP,OP1,Susume! Mujina Company
9851,3210,ED,ED1,Kaisha ni Kaerou!
7620,3211,OP,OP1,Good Night Mare
7621,3211,OP,OP2,Hajimari no College
7622,3211,ED,ED1,Nichijoushiki Broken down
7623,3211,ED,ED2,Neiro
31,3212,OP,OP1,Youkai Ningen Bem
32,3212,ED,ED1,Bero wa Tomodachi
6005,3213,OP,OP1,Geragerapou no Uta
6006,3213,OP,OP2,Matsuri Hayashi de Geragerapou
6007,3213,OP,OP3,Hatsukoi-touge de Geragerapou
6008,3213,OP,OP4,Kerappo Dance Train
6009,3213,OP,OP5,Jinsei Dramatic
6010,3213,ED,ED3,Idol wa Unyanya no Ken
9239,3214,OP,OP1,Kerakeraho no Uta
9240,3214,ED,ED1,Youkai Taisou Daiichi ~Tsuzuku~
10089,3215,OP,OP1,Gingira Ginga
10090,3215,OP,OP2,Dai Uchuu Rendezvous
10091,3215,ED,ED1,Umare Kawattemo
10092,3215,ED,ED2,Y Gakuen e Ikou Waiwai-hen
10093,3215,ED,ED3,Y Gakuen e Ikou Shisshou-hen
10094,3215,ED,ED4,Y Gakuen e Ikou Seishun Rock-hen
10095,3215,ED,ED5,Y Gakuen e Ikou Gakuen Dotabata-hen
10096,3215,ED,ED6,Return to Chikyuu
10097,3215,ED,ED7,Y Gakuen e Ikou 8bit-hen
10098,3215,ED,ED8,Shinryaku Mahou Shoujo Elzemekia
10099,3215,ED,ED9,Kiraboshi Kyouwakoku Kokka
8533,3216,OP,OP1,Toki wo Matou
8534,3216,OP,OP2,Susume Shounen! Hyuuihyuu
8535,3216,ED,ED1,Funky Boogie Bar
8536,3216,ED,ED2,Oyasumi Sanka
7624,3217,OP,OP1,Caste Room
7625,3217,ED,ED1,Beautiful Soldier
6153,3218,OP,OP1,I am Just Feeling Alive
6154,3218,ED,ED1,All Categorize
5023,3219,OP,OP1,Reclimb
5024,3219,OP,OP2,Yowamushi na Honoo
5025,3219,OP,OP3,Be As One
5026,3219,ED,ED1,Kaze wo Yobe
5027,3219,ED,ED2,I am ready
5028,3219,ED,ED3,Glory Road
8722,3220,OP,OP1,Boku no Koe
8723,3220,OP,OP2,Dancing
8724,3220,ED,ED1,Carry the Hope
8725,3220,ED,ED2,Over the Limit
5569,3221,OP,OP1,Determination
5570,3221,OP,OP2,Remind
5571,3221,ED,ED1,Realize
5572,3221,ED,ED2,Eikou no Ichibyou
7939,3222,OP,OP1,Cadence
7940,3222,OP,OP2,Transit
7941,3222,ED,ED1,Now or Never
7942,3222,ED,ED2,Takai Tokoro
5029,3223,OP,OP1,Sakura no Ato (all quartets lead to the ?)
5030,3223,OP,OP2,"Kid, I like Quartet"
5031,3223,ED,ED1,Tsukiyomi
3704,3224,OP,OP1,"Kid, I like Quartet"
3705,3224,ED,ED1,Hello Hello
3706,3224,ED,ED2,Hello Hello Ballade Version
5032,3225,OP,OP1,Non-Fiction Compass
5033,3225,ED,ED1,Chandelier Waltz
1141,3226,OP,OP1,Kawaita Sakebi
1142,3226,ED,ED1,Ashita Moshi Kimi ga Kowaretemo
3186,3227,OP,OP1,Kizuna
3187,3227,OP,OP2,Last train  (New Morning)
3188,3227,OP,OP3,FREEDOM
3189,3227,OP,OP4,BELIEVE IN NEXUS
3190,3227,OP,OP5,Asu He no Michi ~Going my way!!~
3191,3227,ED,ED1,START
3192,3227,ED,ED2,CROSS GAME
3193,3227,ED,ED3,-OZONE-
3194,3227,ED,ED4,Close to You
3195,3227,ED,ED5,Future Colours
3196,3227,OP,OP1-EN,Hyper Drive
5864,3228,OP,OP1,Believe x Believe
5865,3228,OP,OP2,Burn!
5866,3228,OP,OP3,UNLEASH
5867,3228,OP,OP4,Kirifuda
5868,3228,OP,OP5,Kibou no Hikari
5869,3228,OP,OP6,Pendulum Beat!
5870,3228,ED,ED1,One Step
5871,3228,ED,ED2,Future Fighter
5872,3228,ED,ED3,ARC of Smile!
5873,3228,ED,ED4,Speaking
5874,3228,ED,ED5,Vision
5875,3228,ED,ED6,Shissou Pendulum
5876,3228,OP,OP1-EN,Can You Feel The Power
3963,3229,ED,ED1,makemagic
1231,3230,OP,OP1,Voice
1232,3230,OP,OP2,shuffle
1233,3230,OP,OP3,WILD DRIVE
1234,3230,OP,OP4,Warriors
1235,3230,OP,OP5,OVERLAP
1236,3230,ED,ED1,Genki no Shower
1237,3230,ED,ED2,Ano Hi no Gogo
1238,3230,ED,ED3,Rakuen
1239,3230,ED,ED4,Afureru Kanjou ga Tomaranai
1240,3230,ED,ED5,EYES
1241,3230,OP,OP1-EN,Yu-Gi-Oh! Theme
1915,3231,OP,OP1,Kaisei Joushou Hallelujah
1916,3231,OP,OP2,99%
1917,3231,OP,OP3,Teardrop
1918,3231,OP,OP4,"Precious Time, Glory Days"
1919,3231,ED,ED1,Genkai Battle
1920,3231,ED,ED2,Wake Up Your Heart
1921,3231,ED,ED3,Taiyou
1922,3231,ED,ED4,Endless Dream
1923,3231,OP,OP1-EN,Get Your Game On
9937,3232,OP,OP1,Nanananananana
9938,3232,ED,ED1,Gouha Dai-7 Shougakkou Kouka
9939,3232,ED,ED2,Miniscape
9940,3232,ED,ED3,Gouha Dai-7 Shougakkou Kouka (Luke ver.)
9941,3232,ED,ED4,Gouha Dai-7 Shougakkou Kouka (4-nin Gasshou ver.)
9942,3232,ED,ED5,Gouha Dai-7 Shougakkou Kouka (Yuuga ver.)
9943,3232,ED,ED6,Gouha Dai-7 Shougakkou Kouka (Gakuto ver.)
10243,3232,ED,ED7,Gouha Dai-7 Shougakkou Kouka (Romin ver.)
10384,3232,OP,OP2,Harevutai
10385,3232,ED,ED8,Never Looking Back
11265,3232,ED,ED9,Are You Re:D?
1143,3233,OP,OP1,Kawaita Sakebi
1144,3233,ED,ED1,Ashita Moshi Kimi ga Kowaretemo
7797,3234,OP,OP1,With The Wind
7798,3234,OP,OP2,go forward
7799,3234,OP,OP3,calling
7800,3234,ED,ED1,Believe In Magic
7801,3234,ED,ED2,Writing Life
7802,3234,ED,ED3,BOY
7803,3234,ED,ED4,glory
7804,3234,ED,ED5,Are you ready?
4339,3235,OP,OP1,Masterpiece
4340,3235,OP,OP2,BRAVING!
4341,3235,OP,OP3,Tamashii Drive
4342,3235,ED,ED1,Boku Quest
4343,3235,ED,ED2,Setsubou no Freesia
4344,3235,ED,ED3,Wild Child
12604,3235,OP,OP1-EN,Take a Chance
4563,3236,OP,OP1,Orenai Heart
4564,3236,OP,OP2,Kagami no Dualism
4565,3236,OP,OP3,Wonder Wings
4566,3236,ED,ED1,Artist
4567,3236,ED,ED2,GO WAY GO WAY
4568,3236,ED,ED3,Challenge the GAME
4569,3236,ED,ED4,Masterpiece
9059,3237,ED,ED1,BLAZING LUV!!
495,3238,ED,ED1,"Yume kara, Samenai"
1145,3239,OP,OP1,N-paka March
1146,3239,ED,ED1,Ari no Mama ni
8289,3240,OP,OP1,Afureru Hikari
8290,3240,ED,ED1,Secret Dreams
8291,3240,ED,ED2,Secret Dreams Unplugged MIX
2394,3241,OP,OP1,Yume Meikyuu~Hikari to Yami no Dance~
2395,3241,ED,ED1,Kodou
4426,3242,OP,OP1,Daydream Syndrome
12184,3242,ED,ED1,Yume to Kibou to Ashita no Atashi
2061,3243,OP,OP1,24 Jikan Aishiteru
2062,3243,ED,ED1,precious treasure
8292,3244,OP,OP1,Momoiro Typhoon
8293,3244,ED,ED1,Happen ~Kogarashi ni Fukarete~
6543,3245,OP,OP1,Ano Mori de Matteru
6544,3245,ED,ED1,TERRITORY
6765,3246,OP,OP1,History Maker
6766,3246,ED,ED1,You Only Live Once
6767,3246,ED,ED2,Yeah Yeah Yeah
6768,3246,ED,ED3,Stay By Me
4876,3247,OP,OP1,Yuri Seijin Naoko-san
4877,3247,ED,ED1,Photon Belt Kankou Hotel
8726,3248,OP,OP1,SHINY DAYS
8727,3248,ED,ED1,Fuyu Biyori
9852,3249,OP,OP1,Seize The Day
9853,3249,ED,ED1,Haru no Tonari
4198,3250,OP,OP1,Yuriyurarararayuruyuri Daijiken
4199,3250,ED,ED1,My Pace de Ikimashou
4677,3251,OP,OP1,Yes! Yuyuyu☆Yuru Yuri♪♪
4678,3251,OP,OP2,Yonde Mirakurun!
4679,3251,ED,ED1,100% Chu~Gakusei
4680,3251,ED,ED2,Girls Power de
8909,3252,OP,OP1,"Yuru Yuri, Tenya Wanya☆"
8910,3252,ED,ED1,Ripitte Chime♪
6545,3253,OP,OP1,Yuruyurinrinrinrinrin
6546,3253,ED,ED1,After School Days
6281,3254,OP,OP1,Yurishurashushushu
6282,3254,ED,ED1,Ohirune Universe
12160,3254,ED,ED2,Ohirune Universe
6155,3255,OP,OP1,Chochocho! Yuru Yuri☆Capriccio!!!
6156,3255,ED,ED1,Acchu~ma Seishun!
6157,3255,ED,ED2,Kimi ga Kureta Shiny Story
1147,3256,OP,OP1,Hohoemi no Bakudan
1148,3256,ED,ED1,Homework ga Owaranai
1149,3256,ED,ED2,Sayonara bye bye
1150,3256,ED,ED3,Unbalance na Kiss wo Shite
1151,3256,ED,ED4,Taiyou ga Mata Kagayaku Toki
1152,3256,ED,ED5,Daydream Generation
1153,3256,OP,OP1-EN,Hohoemi no Bakudan
1154,3256,ED,ED1-EN,Homework ga Owaranai
1155,3256,ED,ED2-EN,Sayonara bye bye
1156,3256,ED,ED3-EN,Unbalance na Kiss wo Shite
1157,3256,ED,ED4-EN,Taiyou ga Mata Kagayaku Toki
1158,3256,ED,ED5-EN,Daydream Generation
5573,3257,OP,OP1,Hoshi to Hana
5574,3257,ED,ED1,Aurora Days
5575,3257,ED,ED2,Aurora Days
10311,3257,OP,OP2,Hoshi to Hana
10312,3257,ED,ED3,Inori no Uta (acoustic guitar ver.)
10313,3257,ED,ED4,Inori no Uta
10314,3257,ED,ED5,Aurora Days
10315,3257,ED,ED6,Aurora Days
7442,3258,OP,OP1,Hoshi to Hana
7443,3258,ED,ED1,Aurora Days
7444,3259,OP,OP1,Egao no Kimi e
7445,3259,ED,ED1,Egao no Kimi e
7446,3259,ED,ED2,Tomodachi
7447,3259,ED,ED3,Tamashii
7448,3259,ED,ED5,Yakusoku
11743,3259,ED,ED4,Tomodachi
7943,3260,OP,OP1,Sakiwau Hana
7944,3260,ED,ED1,Tomodachi
7805,3261,OP,OP1,Sakiwau Hana
7806,3261,ED,ED1,Tamashii
7626,3262,OP,OP1,Sakiwau Hana
7627,3262,ED,ED1,Yakusoku
7449,3263,OP,OP1,Hanakotoba
7450,3263,ED,ED1,Hanakotoba
7451,3263,ED,ED2,Yuusha-tachi no Lullaby
9562,3264,OP,OP1,DYING WISH
9563,3264,ED,ED1,ALPHA
33,3265,OP,OP1,Yuusei Kamen
1159,3266,OP,OP1,Gatherway
1160,3267,OP,OP1,Heart to Heart
5034,3268,OP,OP1,Extra Revolution
5035,3268,ED,ED1,Sticking Places
1161,3269,OP,OP1,Yuusha-Ou Tanjou!
1162,3269,ED,ED1,Itsuka houshi no umi de
1249,3270,OP,OP1,Yuusha-Ou Tanjou! -Shinwa (Mythology) Version-
1250,3270,OP,OP2,Yuusha-Ou Tanjou! -Kyuukyoku Shinwa (Mythology) Version-
1251,3270,OP,OP3,Yuusha-Ou Tanjou! -Piano Solo Version-
1252,3270,ED,ED1,Lion Renias
1253,3270,ED,ED2,Lion Reine -Hyper Mode-
1254,3270,ED,ED3,Itsuka Hoshi no Umi de
2206,3271,OP,OP1,Yuusha-Ou Tanjou! -Shuutaisei Shinwa (Gathering Mythology) Version-
2207,3271,ED,ED1,Lion Reine
2208,3271,ED,ED2,"Negaiboshi, Kanaeboshi"
2209,3271,ED,ED3,Lion Reine (French version)
2210,3271,ED,ED4,Lion Reine -Hyper Mode-
162,3272,OP,OP1,Yuusha Raideen
163,3272,ED,ED1,Ore wa Akira Da
1163,3273,OP,OP1,Arashi no Yuusha
5299,3274,OP,OP1,Se-no!
5300,3274,ED,ED1,Affection
7945,3275,OP,OP1,Kirameki! no Hi
7946,3275,ED,ED1,Aozora no Tsukurikata
8911,3276,OP,OP1,Destiny
8912,3276,ED,ED1,Girl Meets Girl
8913,3276,ED,ED2,Girl Meets Girl
8914,3276,ED,ED3,Girl Meets Girl
8915,3276,ED,ED4,Girl Meets Girl
6011,3277,OP,OP1,EX:FUTURIZE
6012,3277,ED,ED1,Monochrome Overdrive
3409,3278,OP,OP1,Ringo Mogire Beam!
3410,3278,ED,ED1,Zetsubou Restaurant
3411,3278,ED,ED2,Kurayami Shinchuu Soushi Souai
3412,3278,ED,ED3,Private Lesson
12452,3278,ED,ED4,Sayonara! Zetsubou Sensei
3368,3279,OP,OP1,Ringo Mogire Beam!
3369,3279,ED,ED1,Zetsubou Restaurant
3370,3279,ED,ED2,Kurayami Shinchuu Soushi Souai
5703,3280,OP,OP1,Trigger
5704,3280,ED,ED1,"Dare ka, Umi wo."
9944,3281,ED,ED1,CATCH YOUR SWEET MIND
2549,3282,OP,OP1,Kimi e Mukau Hikari
2550,3282,ED,ED1,Little Goodbye
2551,3282,ED,ED2,And You
2552,3282,ED,ED3,Last Blue
7807,3283,OP,OP1,Hakkensha wa Watashi
7808,3283,ED,ED1,Hajimari no Shirushi
2420,3284,OP,OP1,First kiss
2421,3284,ED,ED1,Honto no Kimochi
4878,3285,OP,OP1,I'll Be There For You
4879,3285,ED,ED1,Kiss Shite↑Agenai↓
2731,3286,OP,OP1,I SAY YES
2732,3286,ED,ED1,Suki!? Kirai!? Suki!!!
3100,3287,OP,OP1,YOU'RE THE ONE
3101,3287,ED,ED1,Gomen ne
4809,3288,OP,OP1,dots and lines
4810,3288,ED,ED1,Tomeru
4570,3289,OP,OP1,Spirit Inspiration
4571,3289,OP,OP2,Daisuki nano ni
4572,3289,ED,ED1,happy endings
4573,3289,ED,ED2,Boku-tachi no Uta
5301,3290,OP,OP1,Hajimari no Resolution
5302,3290,ED,ED1,Truly
3197,3291,OP,OP1,Over The Future
3198,3291,OP,OP2,MY WINGS
3199,3291,OP,OP3,MY WINGS
3200,3291,ED,ED1,Zettai love×love Sengen!!
3201,3291,ED,ED2,DATTE Daihonmei
3202,3291,ED,ED3,Break+Your+Destiny
3203,3291,ED,ED4,Soushunfu
3204,3291,ED,ED5,Zettai love×love Sengen!!
3794,3292,ED,ED1,☆Seventh★Heaven☆
5399,3293,OP,OP1,LΛST RESOLUTION (English ver.)
5400,3293,OP,OP2,LΛST RESOLUTION (Japanese ver.)
5401,3293,ED,ED1,OUTLAWS
5402,3293,ED,ED2,BRIGHTEST LIGHT
5403,3293,ED,ED3,DARKNESS NIGHT
5404,3293,ED,ED4,BRAND NEW EDEN
5405,3293,ED,ED5,ADVENT
5406,3293,ED,ED6,DARKNESS NIGHT (Hyoubu Arrange ver.)
5407,3293,ED,ED7,Sora no Hate
5408,3293,ED,ED8,DARKNESS NIGHT (Hinomiya Arrange ver.)
1164,3294,OP,OP1,Dream Shift
1165,3294,ED,ED1,Chikyuu Bouei Gumi Ouenka
3051,3295,OP,OP1,Tatsumaki Wave
3052,3295,ED,ED1,Will ~Kokoro no Michishirube~
3053,3295,ED,ED2,Zero Gravity
2211,3296,OP,OP1,Hikari no Silhouette
2212,3296,ED,ED1,Shounen Humming
1924,3297,OP,OP1,Rashinban
1925,3297,ED,ED1,Kimi wo Miteiru
1166,3298,OP,OP1,Wild Flowers
1167,3298,ED,ED1,Song for...
1168,3298,ED,ED2,Chase
1169,3298,ED,ED3,Into Yourself
1170,3298,ED,ED4,Your Song
2213,3299,OP,OP1,Yotaka no Yume
2214,3299,ED,ED2,Arino Mamade Lovin'U
2215,3299,ED,ED3,Nigirishimeta sono Te ni
8294,3300,OP,OP1,Starting Over
8295,3300,OP,OP2,Defiance
8296,3300,OP,OP3,Sky Flight
8297,3300,OP,OP4,Kettou
8298,3300,ED,ED1,Shounen no Boku e
8299,3300,ED,ED2,blue moon
8300,3300,ED,ED3,Speed Up
8301,3300,ED,ED4,best friends
8916,3301,OP,OP1,blue blue blue
8917,3301,OP,OP2,Player
8918,3301,ED,ED1,Hikari
8919,3301,ED,ED2,DOOR
8920,3301,ED,ED3,Yume no Wadachi
8921,3301,ED,ED4,Namonaki Tabi
3589,3302,OP,OP1,Ano hi Time Machine
3590,3302,ED,ED1,Aishiteru
8128,3303,OP,OP1,07734
8129,3303,ED,ED1,azure
3249,3304,OP,OP1,Kuusou Rumba
3250,3304,OP,OP2,Lyricure Go Go!
3251,3304,ED,ED1,Romance Romanesque
3252,3304,ED,ED2,Marionette
3253,3304,ED,ED3,Omamori
8728,3305,OP,OP1,Hanamaru In no Hi no Moto de
8729,3305,ED,ED1,Ten to Koyomi
8730,3305,ED,ED2,Ashita Tenki ni Na Are
8731,3305,ED,ED3,Kishiki Meguri wa Zuina Midori
8732,3305,ED,ED4,Medetashi Tsukurigoto
8733,3305,ED,ED5,"Michiyuki, Yoriai"
8734,3305,ED,ED6,Hanairo Goromo
8735,3305,ED,ED7,Suzunaridoki nite
8736,3305,ED,ED8,"Ittai no Hibana, Hi no Koto ni Fure"
8737,3305,ED,ED9,Haseido
8738,3305,ED,ED10,Sen no Kokuin
8130,3306,OP,OP1,Temptation from the Hell
8131,3306,OP,OP2,Adabana Necromancy
8132,3306,ED,ED1,Hikari e
8133,3306,ED,ED2,Mezame RETURNER
8134,3306,ED,ED3,To My Dearest
8135,3306,ED,ED4,Tokkou DANCE
8136,3306,ED,ED5,FLAG o Hatamekasero
1418,3307,ED,ED1,Kiss Me Sunlights
1391,3308,OP,OP1,ZONE OF THE ENDERS
1392,3308,ED,ED1,Ring on The World
10102,3309,OP,OP1,No.1
10103,3309,ED,ED1,Ashiato
10329,3309,OP,OP2,Merry-Go-Round
10330,3309,ED,ED2,Uso ja Nai
10117,3310,OP,OP1,ZEAL of proud
10118,3310,ED,ED1,Y
10299,3310,ED,ED2,BREAK IT DOWN
10119,3311,OP,OP1,Role-playing
10120,3311,ED,ED1,Shizuka na Kaze
10121,3312,OP,OP1,in case...
10122,3312,ED,ED1,Aoi
10114,3313,ED,ED1,Yuimaru☆World
10123,3314,ED,ED1,Chikyuu Marugoto Hug shitainda
10124,3315,OP,OP1,Monoqlo City
10125,3315,ED,ED1,Linaria
10126,3316,ED,ED1,Kono Yume ga Sameru made feat. Yoshida Brothers
10182,3316,OP,OP1,BLIZZARD
10286,3316,OP,OP2,Ginsekai
10127,3317,ED,ED1,El Canto del Colibrí
10191,3317,OP,OP1,The theme of the NOMAD
10335,3317,ED,ED2,Rise Up / Diamond in the Sky (feat. Inaizumi Lyn)
10128,3318,OP,OP1,AMBITIOUS GOAL
10129,3318,ED,ED1,Kuyashii Koto wa Kettobase
10130,3319,OP,OP1,Freeze
10131,3319,ED,ED1,Tail
10327,3319,ED,ED2,Towa no Hana
10132,3320,OP,OP1,FIRE BIRD
10185,3320,ED,ED1,Comin' Back
10133,3321,OP,OP1,Soul salvation
10134,3321,ED,ED1,#Boku no Yubisaki
10265,3321,ED,ED2,Over Soul
10398,3321,ED,ED3,Adieu
10858,3321,OP,OP2,Get up! Shout!
10859,3321,ED,ED4,Hazuki
10944,3321,ED,ED5,Osorezan Revoir
11169,3321,ED,ED6,Courage Soul
10135,3322,ED,ED1,Strobe Memory
10187,3322,OP,OP1,Imperfect
10136,3323,OP,OP1,TWISTED HEARTS
10137,3323,ED,ED1,OMEGA
10142,3324,OP,OP1,Pleasure
10143,3324,ED,ED1,Haru Urara
10144,3325,ED,ED1,ON MY OWN
10194,3325,OP,OP1,Seimei no Aria
10140,3326,OP,OP1,Frame Goshi no Koi
10141,3326,ED,ED1,Megane na Riyuu
10145,3327,OP,OP1,ODDTAXI
10146,3327,ED,ED1,Sugarless Kiss
10294,3327,ED,ED2,Kabe no Mukou ni Waraigoe wo Kikimashita ka
10147,3328,OP,OP1,Tobira wo Aketara
10148,3328,ED,ED1,Pale Blue
10149,3329,ED,ED1,Haru wa Yuku
10152,3330,OP,OP1,EXIST
10153,3330,ED,ED1,Embrace of light
10154,3331,OP,OP1,Brand new diary
10197,3331,ED,ED1,Kamona Tempest!
10250,3331,ED,ED2,Oyasumi Orange
10164,3332,ED,ED1,Kisuida!
10205,3332,OP,OP1,ANSWER
10155,3333,ED,ED1,Home Sweet Home
10156,3334,ED,ED1,Ding! Dong! Dang!
10157,3335,ED,ED1,Tsubomi
10158,3336,ED,ED1,Lie-Lie-Lie
10159,3337,ED,ED1,NO RAIN NO RAINBOW
10160,3338,ED,ED1,Dareka ga
10161,3339,ED,ED1,if
10162,3340,ED,ED1,Otakebi
10163,3341,ED,ED1,"Sore de wa, Mata Ashita"
10167,3342,OP,OP1,Seishun no Enbu
10215,3342,ED,ED1,Anata ga Iru
10168,3343,OP,OP1,Ayashiku Get your heart
10169,3343,ED,ED1,Yousei Aika
10170,3344,OP,OP1,Shufu no Michi
10171,3344,ED,ED1,Kiwami Meotokaidou
10172,3345,OP,OP1,EVERYBODY! EVERYBODY!
10216,3345,ED,ED1,YOU YOU YOU
10173,3346,OP,OP1,Ta ga Tame ni Ai wa Naru
10174,3346,ED,ED1,Kyou made Ikita Anata e
10347,3346,OP,OP2,Borderless
10348,3346,ED,ED2,Koganezora
10175,3347,OP,OP1,Ika no Tamashii Muda ni wa Shinai ~Kojima Shokuhin Koujou Kabushikigaisha Shaka~
10176,3347,ED,ED1,REVENGE
10224,3347,OP,OP2,Taiga yo Tomo ni Naitekure
10225,3347,ED,ED2,Kaze no Tsuyoi Hi wa Kirai ka? FranChouChou cover
10254,3347,ED,ED3,"Yume wo Te ni, Modoreru Basho mo Nai Hibi wo"
10270,3347,ED,ED4,Mezame RETURNER (Electric Returner Type 'R')
10305,3347,OP,OP3,Temptation from the Hell
10307,3347,ED,ED5,Saga Jihen
10337,3347,ED,ED6,Oikaze Travelers
10177,3348,OP,OP1,3-pun 29-byou
10227,3348,ED,ED1,Avid
10271,3348,ED,ED2,Hands Up to the Sky
10178,3349,OP,OP1,Cobalt no Kodou
10228,3349,ED,ED1,Sakura Mai Chiru Yoru ni
10334,3349,ED,ED2,Tsubasa
10179,3350,ED,ED1,Beautiful Reasoning
10229,3350,OP,OP1,Shake & Shake
10256,3350,ED,ED2,Welcoming Days
10180,3351,OP,OP1,DiViNE
10220,3351,ED,ED1,Saishin
10407,3351,OP,OP2,Atok
10408,3351,ED,ED2,flouresce
10181,3352,OP,OP1,EASY LOVE
10232,3352,ED,ED1,Colorful Canvas
10300,3352,ED,ED2,Colorful Canvas (instrumental version)
10183,3353,OP,OP1,a hollow shadow
10184,3353,ED,ED1,Nai Nai
10306,3353,ED,ED2,Watashi no Kanpeki na Sekai
10186,3354,OP,OP1,Gudafuwa Every Day
10235,3354,ED,ED1,Viewtiful Days!
10188,3355,OP,OP1,Cry Baby
10236,3355,ED,ED1,Koko de Iki wo Shite
10356,3355,ED,ED2,Tokyo Wonder
10192,3356,OP,OP1,No.6
10193,3356,ED,ED1,Home Sweet Home
10195,3357,OP,OP1,Blessing
10196,3357,ED,ED1,Page for Tomorrow
10336,3357,ED,ED2,Pray
10198,3358,OP,OP1,Happy Together
10199,3358,OP,OP2,A Tender Moon Tempo
10200,3358,ED,ED1,Fluorite Eye's Song -Piano Version-
10237,3358,OP,OP3,Sing My Pleasure
10238,3358,ED,ED2,Ensemble for Polaris
10255,3358,ED,ED3,Ensemble for Polaris
10288,3358,OP,OP4,Galaxy Anthem
10342,3358,ED,ED4,When It's All Over
10201,3359,OP,OP1,Endeavor
10202,3359,ED,ED1,Kirei da
10203,3360,OP,OP1,Omoide Shiritori
10204,3360,ED,ED1,Plastic Smile
10206,3361,OP,OP1,Chance! & Revenge!
10253,3361,ED,ED1,Senryaku Teki de Yosoku Funou na Love Comedy no Ending Kyoku
10320,3361,ED,ED2,Paradise SOS
10207,3362,OP,OP1,Mahou no Kaze
10208,3362,ED,ED1,Haru e no Dengon
10213,3363,OP,OP1,Infermata
10214,3363,ED,ED1,Only wish
10209,3364,OP,OP1,Infermata
10210,3364,ED,ED1,Precious
10211,3365,OP,OP1,Ojamajo Carnival!! (Majo Minarai o Sagashite Version)
10212,3365,ED,ED1,Owaranai Monogatari (Majo Minarai o Sagashite Version)
10219,3366,ED,ED1,Saisei Sanbikyoku
10221,3367,OP,OP1,Calling -Animation OP ver.-
10222,3367,OP,OP2,Twister -Animation OP ver.-
10223,3367,ED,ED1,Carpe Diem
10218,3368,ED,ED1,Thermae Roman
10230,3369,OP,OP1,Eden through the rough
10231,3369,ED,ED1,Bouken no VLOG
10386,3369,OP,OP2,FOREVER
10387,3369,ED,ED2,Sekai no Himitsu
10233,3370,OP,OP1,No! No! Satisfaction!
10234,3370,ED,ED1,Kokoro Showtime
10657,3370,ED,ED2,Akuma Gakkou Babyls Kouka
10244,3371,OP,OP1,PINK BLOOD
10245,3371,ED,ED1,Mediator
10240,3372,ED,ED1,Kono Basho de
10239,3373,ED,ED1,Start Up - Tobitatsu Hi
10248,3374,ED,ED1,Koi no Ookami
10249,3375,ED,ED1,Overlove
10246,3376,OP,OP1,Sailing Mirai e
10247,3376,ED,ED1,Kanashimi wa Ten ni Kaeshite
10251,3377,OP,OP1,Sazae-san
10252,3377,ED,ED1,Sazae-san Ikka
10257,3378,OP,OP1,Fure! Fure! Dreamy Jump!
10258,3378,ED,ED1,Daisuki Sekai
10261,3379,ED,ED1,Black Coffee
10259,3380,OP,OP1,New Challenger
10260,3380,ED,ED1,Kizuna Rail
10561,3380,ED,ED2,Kakeagaru Voltage
10800,3380,ED,ED3,"Terminal ~Bokura, Arubeki Basho~"
11142,3380,ED,ED4,Fastest!
10266,3381,OP,OP1,Brave Soul Fight!
10267,3381,OP,OP2,Buddyfight x Buddyfighter
10268,3381,ED,ED1,Mukaikaze ni Fight!
10269,3381,ED,ED2,B.O.F
10285,3382,ED,ED1,Monomane
10272,3383,OP,OP1,ROSE HIP-BULLET
10273,3383,ED,ED1,no moral
10274,3383,ED,ED2,bright lights
10275,3383,ED,ED3,Don't Stare Me
10276,3383,ED,ED4,toge
10277,3383,ED,ED5,once more again
10278,3383,ED,ED6,Requiem Blue
10279,3383,ED,ED7,crossing fate
10280,3383,ED,ED8,Yasashisa ni Mamorarete
10281,3383,ED,ED9,Honed Moon ~Togareta Tsuki~
10282,3383,ED,ED10,Don't look away
10283,3383,ED,ED11,STILL anime Ver.
10284,3383,ED,ED12,GRIND 'style GR'
10287,3384,ED,ED1,High School Princess
10293,3385,ED,ED1,Bokura dake no Shudaika
10296,3386,ED,ED1,Otoko to Onna wa Labyrinth
10295,3387,ED,ED1,Tomodachi Ijou x Teki Miman
10297,3388,OP,OP1,TRUST
10298,3388,ED,ED1,Aijou no Katamari
10301,3389,OP,OP1,Fushigi wo Mitsumete
10302,3389,OP,OP2,Uchuu de Mita Yume
10303,3389,ED,ED1,Black Box
10304,3389,ED,ED2,Tabibito
10316,3390,OP,OP1,New World
11244,3390,ED,ED1,Bokura no Jikan
11245,3390,ED,ED2,Bokura no Jikan ~memory~
11246,3390,ED,ED3,Bokura no Jikan ~with you~
10317,3391,ED,ED1,narrative
10321,3392,ED,ED1,Sora wa Dareka no Mono Janai
10323,3393,OP,OP1,Möbius
10324,3393,ED,ED1,Senkou
10326,3394,ED,ED1,Homura
10338,3395,OP,OP1,Analogy
10339,3395,ED,ED1,Missing Promise
10734,3395,ED,ED2,you -Sotsugyou-
10340,3396,OP,OP1,Red Criminal
10341,3396,ED,ED1,Fire
10736,3396,OP,OP2,MACHINEGUN
10737,3396,ED,ED2,Stranger
10343,3397,OP,OP1,Fuzaketenaize
10344,3397,ED,ED1,Pinky Hook
10345,3398,OP,OP1,Andante ni Koi wo Shite!
10405,3398,ED,ED1,give me ♡ me
10701,3398,ED,ED2,Otome no Route wa Hitotsu ja Nai!
10346,3399,OP,OP1,Dark spiral journey
10406,3399,ED,ED1,Yoru wo Koeru Ashioto
10350,3400,OP,OP1,Sora to Utsuro
10351,3400,ED,ED1,0 (zero)
10352,3401,OP,OP1,Koko kara Saki wa Uta ni Naranai
10353,3401,ED,ED1,Kanousei
10364,3402,OP,OP1,HELLO HORIZON
10535,3402,ED,ED1,Kazanear
10354,3403,OP,OP1,Hoshi no Orchestra
10403,3403,ED,ED1,Hoshi no Tabibito
10543,3403,ED,ED2,Shinayaka na Mirai
10544,3403,ED,ED3,My Sunset
10598,3403,ED,ED4,Bara to Watashi
10621,3403,ED,ED5,Bara to Watashi
10355,3404,OP,OP1,101
10404,3404,ED,ED1,Double Standard
10367,3405,OP,OP1,Forget Me Not
10553,3405,ED,ED1,Kowareta Sekai no Byoushin wa
10357,3406,OP,OP1,Jiandao Cike
10626,3406,ED,ED1,Wulun Ni Duo Guaiyi Wo Hai Shi Hui Xihuan Ni
10627,3406,ED,ED2,Qinai de Guniang Ni Weihe Yao Likai
10628,3406,ED,ED3,Fangqi Zhiliao
10358,3407,OP,OP1,Yu Jue Gao Xia
10359,3407,ED,ED1,Wo Xiang He Ni Yiqi Qu Haibian
10629,3407,ED,ED2,Lian Bei Tai Do Bu Shi
10630,3407,ED,ED3,Ding Dang De Lian
10631,3407,ED,ED4,Xuanwu Beizhuang
10365,3408,OP,OP1,Bloodlines ~Unmei no Kettou~
10366,3408,ED,ED1,DRAGON 2021
10536,3408,ED,ED2,STORM 2021
10624,3408,ED,ED3,HEATS 2021
10710,3408,ED,ED4,Tomo yo
10368,3409,OP,OP1,Mangetsu to Silhouette no Yoru
10369,3409,ED,ED1,Nocturne
10637,3409,ED,ED2,Fukurou to Koneko
10370,3410,OP,OP1,Koko de Ikiteru.
10702,3410,ED,ED1,Kodou
10371,3411,ED,ED1,PLACES
10539,3411,OP,OP1,Sakura Message
10540,3411,OP,OP2,THE POLiCY
10599,3411,ED,ED2,Mikansei na Bokura
10636,3411,ED,ED3,Dis one.
10372,3412,OP,OP1,New story
10373,3412,ED,ED1,Elder flower
10374,3413,OP,OP1,Like Flames
10375,3413,ED,ED1,Reincarnate
10376,3414,OP,OP1,ABC Taisou
10377,3414,ED,ED1,Dream on
10378,3415,ED,ED1,Aa Jinsei ni Namida Ari
10379,3415,OP,OP1,Gamble
10582,3415,ED,ED3,Aa Jinsei ni Namida Ari
10703,3415,ED,ED2,Beautiful Dreamer
10380,3416,OP,OP1,Kokoro Hayaru
10381,3416,ED,ED1,Mainichi Kashimashi Pharmacy
10382,3417,OP,OP1,Tokihanate!
10383,3417,ED,ED1,Ai Ga Oshiete Kureta
10388,3418,OP,OP1,Ai no Supreme
10389,3418,ED,ED1,Maid with Dragons❤︎
10496,3418,ED,ED2,Ishukan♡Relationship
10708,3418,ED,ED3,Aozora no Rhapsody
10396,3419,OP,OP1,LOVE 'Em ALL
10397,3419,ED,ED1,KAN-ZEN-OFF-MODE
10555,3419,OP,OP3,YOUR FREEDOM
10556,3419,OP,OP4,Jiyuu no Tabiji
10557,3419,ED,ED3,Boku wo Sasou Koe
10558,3419,ED,ED4,Eisei no Sylvis
10559,3419,ED,ED5,Nagori Oni
10560,3419,ED,ED6,Kami Toke ni Ataru Toki
10583,3419,ED,ED7,Tsukino Natsuyume Matsuri
10606,3419,ED,ED8,Wasure Kaketa Mono
10704,3419,OP,OP2,Gonna Be Alright
10705,3419,ED,ED2,LET IT BE
10966,3419,ED,ED9,Yodoushi no Mokkou
10972,3419,ED,ED10,Himitsu no Treasure
10988,3419,ED,ED11,Kami Kazari to Corsage
11009,3419,ED,ED12,Elements
10390,3420,OP,OP1,Beautiful fighter
11314,3420,ED,ED1,My story
11315,3420,ED,ED2,The Pale Sands of the Sleeping Star
11316,3420,ED,ED3,Beginning
10392,3421,OP,OP1,Shigurui
10393,3421,ED,ED1,Koji
10399,3422,OP,OP1,Baddest
10400,3422,ED,ED1,Subversive
10709,3422,ED,ED2,Anti world
10401,3423,OP,OP1,Kemono no Kotowari
10402,3423,ED,ED1,BLACK LOTUS
10409,3424,OP,OP1,Trust
10410,3424,ED,ED1,Himegoto
10411,3425,OP,OP1,Justice
10412,3425,ED,ED1,Yes Together
10415,3426,OP,OP1,Ever After
10416,3426,ED,ED1,And then
10417,3427,OP,OP1,STORM
10418,3427,ED,ED1,RISING
10433,3428,OP,OP1,Sand Mission
10434,3428,OP,OP2,DESTINY OF THE DESERT
10435,3428,ED,ED1,Sunabouzu Ekaki Uta
10436,3428,ED,ED2,Shinkirou
10429,3429,OP,OP1,Running To Horizon
10430,3429,ED,ED1,Atsuku Naretara
10431,3430,OP,OP1,Cobra the Space Pirate
10432,3430,ED,ED1,Kimi no Uta
10437,3431,OP,OP1,Mr.SADISTIC NIGHT
10438,3431,ED,ED1,nightmare
10497,3432,OP,OP1,Konya wa Hurricane
10498,3432,ED,ED1,Mr. Dandy
10513,3432,OP,OP2,Mad Machine
10514,3432,OP,OP3,CRISIS ~Ikari wo Komete Hashire~
10515,3432,OP,OP4,Mysterious Night
10516,3432,OP,OP5,"Say, Yes!"
10517,3432,OP,OP6,BYE² MY CRISIS
10518,3432,ED,ED2,Kizudarake no Wild
10519,3432,ED,ED3,Wasurenaide
10520,3432,ED,ED4,Twilight
10521,3432,ED,ED5,Omoide ni Dakarete
10522,3432,ED,ED6,Rock me
10523,3432,ED,ED7,Never The End
10524,3432,ED,ED8,CHASE THE DREAM
10499,3433,ED,ED1,It's My Party
10989,3433,ED,ED2,Eternal
10500,3434,OP,OP1,"Tayutae, Nanairo"
10501,3434,ED,ED1,Tsukiumi no Yurikago
10738,3434,OP,OP2,Tomedonai Shiosai ni Bokutachi wa Nani wo Utau Darou ka
10739,3434,ED,ED2,Shingetsu no Da Capo
10502,3435,OP,OP1,HON-NO
10503,3435,ED,ED1,Watashi no na wa Blue
10504,3442,OP,OP1,Dragon Screamer
10505,3442,OP,OP2,Our Relation
10506,3442,ED,ED1,Feel so right
10507,3442,ED,ED2,Katsu
10508,3442,ED,ED3,Keep on going
10509,3442,ED,ED4,BREAK OFF!!
10511,3443,OP,OP1,Ojamajo de BANBAN
10512,3443,ED,ED1,Natsu no Mahou
10537,3444,OP,OP1,Seija no Koushin
10538,3444,ED,ED1,Raika
10541,3445,OP,OP1,Fightin★Pose
10542,3445,ED,ED1,Tsumari wa Itsumo Kujikenai!
10844,3445,OP,OP2,Seikatsu Konkyuu Dame Dinero
10845,3445,ED,ED2,Petals
10554,3447,ED,ED1,Shounen Shoujo
10740,3447,ED,ED2,Shounen Shoujo
10533,3448,OP,OP1,No Continue
10534,3448,ED,ED1,Make Event Jikkyou Play
10525,3449,OP,OP1,Mania e Kira Kira
10526,3449,ED,ED1,Hen・Rin・Shan ~Hen dayo. Rinse no Ato ni Shampoo te~
10545,3451,OP,OP1,START!! True dreams
10546,3451,ED,ED1,Mirai Yohou Hallelujah
10547,3451,ED,ED2,Mirai wa Kaze no You ni
10548,3451,ED,ED3,Mirai wa Kaze no You ni
10577,3451,ED,ED4,Mirai wa Kaze no You ni
10600,3451,ED,ED5,Mirai wa Kaze no You ni
10643,3451,ED,ED6,Mirai wa Kaze no You ni
10670,3451,ED,ED7,Mirai wa Kaze no You ni
10700,3451,ED,ED8,Wish Song
10730,3451,ED,ED9,Mirai wa Kaze no You ni
10793,3451,ED,ED10,Mirai wa Kaze no You ni
10823,3451,ED,ED11,Mirai wa Kaze no You ni
10549,3452,OP,OP1,Careless
10550,3452,ED,ED1,Lapis
10551,3453,OP,OP1,Icy Ivy
10552,3453,ED,ED1,Shion
10562,3454,OP,OP1,DOWN TOWN GAME
10563,3454,ED,ED1,SMILE & SMILE
10564,3455,ED,ED1,pair*
10565,3455,ED,ED2,Owakare Hayashi
10566,3455,ED,ED3,Neko Chronicle
10571,3456,OP,OP1,Eto Nyanran
10572,3456,ED,ED1,blue moment
10569,3457,OP,OP1,Umi to Shinju
10570,3457,ED,ED1,Saihate
10862,3457,ED,ED2,Taiyou no Kouro
10574,3458,OP,OP1,Ikuzo! Godam
10575,3458,ED,ED1,Gowapper 5 no Uta
10578,3459,OP,OP1,Me wo Tojite Gyusshiyo
10579,3459,OP,OP2,back into my world
10580,3459,ED,ED1,UNLUCKY GIRL!!
10581,3459,ED,ED2,Darling to Madonna
10584,3460,OP,OP1,Super☆Affection
10585,3460,ED,ED1,Wonderful Carnival
10586,3461,OP,OP1,Healin' Good♥Precure Touch!!!
10587,3461,ED,ED1,Yakusoku
10588,3462,OP,OP1,Thème Principal
10589,3462,ED,ED1,À demain sur la lune
11338,3462,ED,ED2,Ryoko2
11339,3462,ED,ED3,Songe d'une nuit d'été
11340,3462,ED,ED4,La Vie en rose
11341,3462,ED,ED5,Le combat
10590,3463,OP,OP1,YOU
10591,3463,OP,OP2,Dang Dang Ki ni Naru!
10592,3463,ED,ED1,TWO OF US
10593,3463,ED,ED2,LINE
10594,3464,OP,OP1,Dang Dang Ki ni Naru!
10595,3464,ED,ED1,LINE
10596,3465,OP,OP1,Dang Dang Ki ni Naru!
10597,3465,ED,ED1,Kidukasetai
10601,3466,OP,OP1,Felicita
10602,3466,ED,ED1,echoes
10603,3467,ED,ED1,Wakare no Tanjoubi
10604,3468,OP,OP1,You gonna feel
10605,3468,ED,ED1,HEY JIMMY!
10607,3469,OP,OP1,Blaze 2002
10608,3469,ED,ED1,Harukanaru Zanshou ~Sengoku Zan'ei Yori~
10609,3470,OP,OP1,A Vision Of Flames
10610,3470,ED,ED1,Tears Of Indigo
10611,3471,OP,OP1,KING & ASHLEY
10612,3471,ED,ED1,Born This Way
10613,3471,OP,OP1-TV,Aishiden Issen
10614,3471,ED,ED1-TV,Ashura
10616,3472,OP,OP1,Shimi
10617,3472,ED,ED1,World is Mine
10618,3473,OP,OP1,KAMIGAMI
10619,3473,ED,ED1,Fukahi
10622,3474,ED,ED1,Dokuhaku
10623,3475,ED,ED1,Be Down
10625,3476,ED,ED1,fall
10634,3477,OP,OP1,Take Me Far Away
10635,3477,ED,ED1,Ao no Waltz
10639,3478,OP,OP1,I Wanna Be...
10640,3478,ED,ED1,Wadachi
10632,3479,OP,OP1,Lemon no Yuuki
10633,3479,ED,ED1,CUBIC LOVERS
10638,3480,ED,ED1,Wadachi
10642,3481,ED,ED1,Seishun ~Star Wink~
10644,3482,OP,OP1,Star☆Glitter
10645,3482,ED,ED1,Departures -Ashita no Uta-
10646,3483,OP,OP1,Happy Material
10647,3483,OP,OP2,Happy Material
10648,3483,OP,OP3,Happy Material
10649,3483,OP,OP4,Happy Material
10650,3483,OP,OP5,Happy Material
10651,3483,OP,OP6,Happy Material
10652,3483,OP,OP7,Happy Material
10653,3483,ED,ED1,Kagayaku Kimi e
10654,3483,ED,ED2,"Oshiete hoshii zoo, Shishou"
10655,3483,ED,ED4,Kagayaku Kimi e
10658,3484,OP,OP1,Bari Bari Saikyou No. 1
10659,3484,ED,ED1,Mienai Chikara
10660,3484,ED,ED2,Spirit
10665,3485,OP,OP1,Cinderella Boy
10666,3485,ED,ED1,Out of Eden
10663,3486,OP,OP1,Tetsuwan Atom
10664,3486,ED,ED1,Mirai ni Mukatte
10661,3487,OP,OP1,The Ultraman
10662,3487,ED,ED1,Ai no Yuusha-tachi
10668,3488,OP,OP1,Kimi Dake wo...
10671,3489,OP,OP1,Destiny girl
10672,3489,ED,ED1,Theme of 009-1 (Closing Mix)
10673,3490,OP,OP1,OOKAMI no NODO
10674,3490,ED,ED1,Chain Ring
10675,3491,OP,OP1,Detarame na Zanzou
10676,3491,OP,OP2,unripe hero
10677,3491,ED,ED1,sad rain
10678,3491,ED,ED3,A Wish For The Star
10694,3492,OP,OP1,Silent Wind
10695,3492,ED,ED1,Horizon
10691,3493,OP,OP1,Katayoku no Icarus
10692,3493,ED,ED1,Kazahane
10693,3493,ED,ED2,FOOTPRINTS IN THE SAND
10679,3494,OP,OP1,Take The Wave
10680,3494,OP,OP2,So faraway
10681,3494,ED,ED1,Glass Highway
10682,3494,ED,ED2,Yume no Hitotsu
10683,3494,ED,ED3,Sono Hohoemi yo Eien ni
10684,3494,ED,ED4,Mou Kimi wo Hitori ni Sasenai
10690,3495,ED,ED1,Lady Go
10689,3496,ED,ED1,Ai no Katachi
10685,3497,OP,OP1,Birth
10686,3497,ED,ED1,Taiyou no Hana
10698,3498,OP,OP1,Hikaru Toki
10699,3498,ED,ED1,unified perspective
10696,3499,OP,OP1,Tenshi ni Aitakute
10697,3499,ED,ED1,Keep On Smile
10706,3500,OP,OP1,"Yume, Hitohira"
10707,3500,ED,ED1,Smile
10711,3501,OP,OP1,Naughty Love
10712,3501,ED,ED1,Zettai! Kimi Sengen ♡
10713,3502,OP,OP1,Confused Memories
10714,3502,OP,OP2,meet again
10715,3502,OP,OP3,Kimi ga iru kara..
10716,3502,OP,OP4,Brave
10717,3502,OP,OP5,Justice
10718,3502,OP,OP6,Why? (Funky Version)
10719,3502,OP,OP7,"Never Say Why, Never Say No"
10720,3502,ED,ED1,Futari
10721,3502,ED,ED2,Boo Bee Magic
10722,3502,ED,ED3,Mysterious Night
10723,3502,ED,ED4,White Page
10724,3502,ED,ED5,Jeans
10725,3502,ED,ED6,Hateshinaku Aoi Sora wo Mita
10726,3502,ED,ED7,Believe Myself
10727,3502,ED,ED8,Sink
10728,3502,ED,ED9,Congrats
10729,3502,ED,ED10,Ultrider
10731,3504,ED,ED1,sync
10732,3505,OP,OP1,Kaze no Hana
10733,3505,ED,ED1,UNDER THE BLUE SKY
10735,3506,ED,ED1,auro nowe
10741,3507,OP,OP1,Scramble
10742,3507,ED,ED1,Onna no Ko♥Otoko no Ko (Tsukamoto Sisters ver.)
10743,3508,OP,OP1,EVERBLUE
10744,3508,ED,ED1,Replica
10745,3509,ED,ED1,Otogibanashi no Youna Kiseki
10746,3510,OP,OP1,Onnaji Kimochi.
10747,3510,ED,ED1,Samenai Mahou
10748,3511,OP,OP1,Muchuu no Saki e
10749,3511,ED,ED1,Canary Yellow
10990,3511,ED,ED2,Muchuu no Saki e
10750,3512,OP,OP1,Ashita no Hanatachi
10799,3512,ED,ED1,Chiheisen no Mukou e
10754,3513,OP,OP1,Kyoukaisen
10802,3513,ED,ED1,Alchemilla
11312,3513,ED,ED2,Avid
11321,3513,ED,ED3,LilaS
10755,3514,OP,OP1,ReBorn
10756,3514,ED,ED1,Toumei na Sekai
11067,3514,OP,OP2,Kyoumei
11068,3514,ED,ED2,Anaaki no Sora
10757,3515,OP,OP1,Labyrinth
10758,3515,ED,ED1,Kibou no Uta
10759,3516,OP,OP1,Dreaming Sound
10760,3516,ED,ED1,Magical Future
11409,3516,OP,OP2,Chasing the dream
11410,3516,ED,ED2,Check One Two
11696,3516,OP,OP3,Magic×Color
11874,3516,ED,ED3,Maji Waccha Parade
10761,3517,OP,OP1,FACTION
10762,3517,ED,ED1,Pedal
11066,3517,ED,ED2,Datte Kyou made Koi wa Zurai
11451,3517,ED,ED3,Hikariau Monotachi
11599,3517,ED,ED4,Monster Disco
11789,3517,ED,ED5,STRAWBERRY
12023,3517,ED,ED6,Take Me Maybe
10763,3518,OP,OP1,Mienaikara ne!?
10764,3518,ED,ED1,Mita na? Mitayo ne?? Miteruyo ne???
10765,3519,OP,OP1,Mezame no Uta
10766,3519,ED,ED1,Kaze to Iku Michi
10831,3519,OP,OP2,Keishou no Uta
10865,3519,OP,OP3,Inori no Uta
10930,3519,OP,OP4,Tooku no Komori no Uta
10977,3519,OP,OP5,Tabibito no uta ~Kikyou~
10767,3520,OP,OP1,PUPPET'S
10768,3520,ED,ED1,Sanbunteki LIFE
10769,3521,OP,OP1,Hi no Tsuki
10770,3521,ED,ED1,Arifureta Itsuka
10995,3521,ED,ED2,My Beloved
10771,3522,ED,ED1,Blessed Rain
10820,3522,OP,OP1,START
10848,3522,ED,ED2,Fateful...
11004,3522,ED,ED3,ZEAL of proud
10772,3523,OP,OP1,enemy
10773,3523,ED,ED1,You're my perfect mirror
10774,3524,OP,OP1,DIES IN NO TIME
10775,3524,ED,ED1,Strangers
10776,3525,OP,OP1,EVOLUTiON:
10777,3525,ED,ED1,Moonlight Walk
10785,3526,ED,ED1,Tsuki-iro Chainon
10786,3526,ED,ED2,Watashi-tachi ni Naritakute
10787,3527,ED,ED1,Tsuki-iro Chainon
10788,3527,ED,ED2,Rashiku Ikimasho
10778,3528,OP,OP1,Cinderella
10779,3528,ED,ED1,Sympathy
10828,3528,ED,ED2,Hikare Inochi
10780,3529,OP,OP1,Faiou Fight!
10837,3529,ED,ED1,Orange
10880,3529,ED,ED2,period
11006,3529,ED,ED3,Victory Sunrise
10781,3530,OP,OP1,Dark seeks light
10782,3530,ED,ED1,A Promise
10971,3530,ED,ED2,A Promise
10783,3531,OP,OP1,Iki wo Suu Koko de Suu Ikiteku
10784,3531,ED,ED1,Minna Onaji
10789,3532,OP,OP1,Maji? Maji! Magical Jewel
10790,3532,ED,ED1,Egao no Loop
10791,3533,OP,OP1,MUSASHI
10861,3533,ED,ED1,Metsubou Sekai no Ballad
10940,3533,OP,OP2,Hoshi no Umi no Loudness
11005,3533,ED,ED2,Kiseki no Inochi
10792,3534,OP,OP1,Sense
10836,3534,ED,ED1,Koufuku Ron
11168,3534,ED,ED2,Last Straw
10794,3535,ED,ED1,Marukaite Chikyuu
11522,3535,ED,ED2,Marukaite Chikyuu
11523,3535,ED,ED3,Marukaite Chikyuu
11524,3535,ED,ED4,Marukaite Chikyuu
11525,3535,ED,ED5,Marukaite Chikyuu
11526,3535,ED,ED6,Marukaite Chikyuu
11527,3535,ED,ED7,Marukaite Chikyuu
10795,3536,OP,OP1,Glorious Days
10841,3536,ED,ED1,Only one yell
10796,3537,OP,OP1,Otome no Kokoroe
10797,3537,ED,ED1,Makogoro ni Kanade
11007,3537,ED,ED2,Koi no Uta
10798,3538,OP,OP1,Zankoku Shangri-La
10843,3538,ED,ED1,BLOODY KISS
10911,3538,ED,ED2,Gyokuza no GEMINI
10943,3538,ED,ED3,Ginga Tiara
11008,3538,ED,ED4,Wing with wind
10803,3539,OP,OP1,The Sacred Torch
10838,3539,ED,ED1,Shirushibi
11027,3539,ED,ED2,Saihate no Bukonshi
10804,3540,OP,OP1,Annoying! San San Week!
10842,3540,ED,ED1,Niji ga Kakaru Made no Hanashi
10805,3541,OP,OP1,Time Factor
10806,3541,ED,ED1,Ungai Doukei
10813,3542,OP,OP1,LIES & TIES
10814,3542,ED,ED1,Nowhere Land
10809,3543,OP,OP1,Saika
10810,3543,ED,ED1,Breakers
10811,3544,OP,OP1,BELIEVE MYSELF
10812,3544,ED,ED1,Shikizakura
10815,3545,OP,OP1,Junpaku no Energy
10816,3545,OP,OP2,Mach GoGoGo 1997
10817,3545,ED,ED1,FLY TO THE DREAM
10818,3545,ED,ED2,Eien no Densetsu
10821,3546,OP,OP1,takt
10822,3546,ED,ED1,SYMPHONIA
10824,3547,OP,OP1,BANG!!!
10825,3547,ED,ED1,Fukagykuteki na Inochi no Shouzou
10826,3548,OP,OP1,Akeboshi
10827,3548,ED,ED1,Shirogane
10950,3548,ED,ED2,Homura
10829,3549,OP,OP1,THEME FROM LUPIN III 2021
10830,3549,ED,ED1,MILK TEA
11069,3549,ED,ED2,BITTER RAIN
10832,3550,OP,OP1,Rinne
10833,3550,ED,ED1,TRISTAR
10834,3551,OP,OP1,BOY
10835,3551,ED,ED1,Oz.
11045,3551,OP,OP2,Hadaka no Yuusha
11046,3551,ED,ED2,Flare
10839,3552,OP,OP1,Koukotsu Labyrinth
10840,3552,ED,ED1,Shine
10849,3553,OP,OP1,JUST TUNE
10850,3553,ED,ED1,Nagareboshi
10853,3554,OP,OP1,Inochi no Tomoshibi
10854,3554,ED,ED1,Shinju-iro no Kakumei
10855,3555,OP,OP1,Fever Dreamer
10856,3555,ED,ED1,Reverse-Rebirth
10857,3556,ED,ED1,Chiisana Kiseki
10851,3557,ED,ED1,WILL
10852,3557,ED,ED2,Mirai no Hito e (Orchestra Ver.)
10860,3558,ED,ED1,Theme from Lupin III '80
10863,3559,OP,OP1,Fly Away
10864,3559,ED,ED1,Kawaita Hana
10866,3560,OP,OP1,Majika
10867,3560,ED,ED1,MAZICA PARTY
10868,3561,OP,OP1,Soko ni Aru Mono
10869,3561,OP,OP2,Negai wo Yobu Kisetsu
10870,3561,OP,OP3,Hokorobi no Déjà Vu
10871,3561,OP,OP4,Kagaribi
10872,3561,ED,ED1,Mawari Meguru
10873,3561,ED,ED2,Himawari no Saku Basho
10874,3561,ED,ED3,Rasen wo Kaku Chou
10875,3561,ED,ED4,Kagami Hyoushi
10876,3562,OP,OP1,Negai wo Yobu Kisetsu
10877,3562,ED,ED1,Memory
10878,3563,OP,OP1,Tenkorin no Theme
10879,3563,ED,ED1,Oshiete Hokusai!
10881,3564,OP,OP1,Sabu to Ichi Torimono Hikae
10882,3564,ED,ED1,Sabu to Ichi Torimono Hikae
10883,3565,OP,OP1,Miracle Plan ga Dekichatta!
10884,3565,OP,OP2,Juicy Extacy
10885,3565,ED,ED1,Koisora Recycling featuring Melon Soda
10886,3566,OP,OP1,Give Lee Give Lee Rock Lee
10887,3566,OP,OP2,Love Song
10888,3566,ED,ED1,Twinkle Twinkle
10889,3566,ED,ED2,Go! Go! Here we Go!
10890,3566,ED,ED3,"Daijoubu, Bokura"
10891,3566,ED,ED4,Icha Icha Chu Chu Kyappi Kyappi Love Love Suri Suri Doki Doki
10892,3567,OP,OP1,Step by Step
10893,3567,OP,OP2,Fight!
10894,3567,ED,ED1,"Kimi ni Tomaranai - MY GIRL, MY LOVE"
10895,3567,ED,ED2,Niji no Kanata
10896,3568,OP,OP1,Kimi no Ai ni Tsuzumarete Itai
10897,3568,OP,OP2,Ai no Wana
10898,3568,ED,ED1,ORANGE★NIGHT
10899,3568,ED,ED2,TANGO
10900,3569,OP,OP1,Treasure Pleasure
10901,3569,ED,ED1,Unchained World
10902,3570,OP,OP1,2 Oku nen mae no Youni Shizukadane
10903,3570,ED,ED1,de.ja.vu: Soba ni Ite
10904,3570,ED,ED2,Yakusoku
10905,3571,OP,OP1,Fiction
10906,3571,ED,ED1,Kimi no Tonari
10907,3571,ED,ED2,Love or Respect
10908,3572,OP,OP1,Shinma no Kodou
10909,3572,ED,ED1,Miyu Yachiyo
10910,3572,ED,ED2,Manmaru Temari Uta
10912,3573,OP,OP1,1/2 no Mirai e
10913,3573,ED,ED1,ONE and ONLY
10914,3573,ED,ED2,Rally Good Luck
10915,3574,OP,OP1,Bravin' Bad Brew
10916,3574,ED,ED1,Shijun no Zankoku
10918,3575,OP,OP1,Natsu Kikyuu
10919,3575,ED,ED1,Kaze no Mahou
10920,3575,ED,ED2,Kaze no Mahou (Hyu Version)
10921,3576,OP,OP1,Geki! Teikoku Kagekidan
10922,3576,ED,ED1,Watashi no Aozora
10923,3576,ED,ED2,Hanasaku Otome
10924,3577,OP,OP1,Feel You Now
10925,3577,ED,ED1,Feel You Now
10926,3577,ED,ED2,Water
10927,3577,ED,ED3,Home
10949,3577,ED,ED4,Evil
10967,3577,ED,ED5,By My Side
10976,3577,ED,ED6,After You
10996,3577,ED,ED7,Save Myself
11011,3577,ED,ED8,Intuition
11065,3577,ED,ED9,Rescue Me
11141,3577,ED,ED10,What Happens Next
11172,3577,ED,ED11,Trash
11173,3577,ED,ED12,Circles
11213,3577,ED,ED13,Perfect Weapon
10928,3578,ED,ED1,Nayamashi Mambo
10929,3578,ED,ED2,Center Spot
10931,3579,OP,OP1,Geki! Teikoku Kagekidan (Kai)
10932,3579,OP,OP2,Geki! Teikoku Kagekidan (Kai II)
10933,3579,ED,ED1,Furui Piano
10934,3579,ED,ED2,Kagayaki
10935,3579,ED,ED3,Kinema Koushinkyoku
10936,3579,ED,ED4,Jidai no Ressha
10937,3579,ED,ED5,Sakura Zensen
10938,3579,ED,ED6,Yume no Tsuzuki
14673,3579,OP,OP3,Geki! Teikoku Kagekidan (Kai)
14674,3579,OP,OP4,Geki! Teikoku Kagekidan (Kai II)
14675,3579,OP,OP5,Geki! Teikoku Kagekidan (Kai II)
14676,3579,OP,OP6,Geki! Teikoku Kagekidan (Kai)
10941,3580,OP,OP1,Alpha
10942,3580,ED,ED1,Sugar
10945,3581,OP,OP1,Hitotsu no Heart de
10946,3581,OP,OP2,POWER OF DREAM
10947,3581,ED,ED1,BOYS BE AMBITIOUS
10948,3581,ED,ED2,Ganbatte
10951,3583,OP,OP1,STONE OCEAN
10952,3583,ED,ED1,Distant Dreamer
11940,3583,OP,OP2,Heaven's falling down
11941,3583,ED,ED2,ROUNDABOUT
10953,3585,ED,ED1,"Namida yo, Au revoir"
10954,3585,ED,ED2,Canaria
10955,3585,ED,ED3,Romance
10956,3586,OP,OP1,Your Love
10957,3586,ED,ED1,Run With U
10958,3587,OP,OP1,Mihata no Moto ni
10959,3587,ED,ED1,Circus
10960,3587,ED,ED2,Yoru no Kisetsu
10961,3587,ED,ED3,Kurayami no Ou
10962,3588,OP,OP1,"Taiyou no Shisha, Tetsujin 28-gou"
10963,3588,ED,ED1,Kibou ni Mukatte ~Shoutarou no Theme~
10964,3588,ED,ED2,Muteki no Tetsujin 28-gou
10968,3589,OP,OP1,Zankyou Zanka
10975,3589,ED,ED1,Asa ga Kuru
10969,3590,OP,OP1,Suki Mami Mai Tai
10970,3590,ED,ED1,Mitsu
10973,3591,OP,OP1,Dance On Fire
10974,3591,ED,ED1,Mado wo Akete
10981,3592,ED,ED1,Chuchoter
10978,3593,OP,OP1,Ore Taruruuto
10979,3593,ED,ED1,Kimi to sekai seifu!?
10980,3593,ED,ED2,Taruru Kataburaruru
10982,3594,OP,OP1,Gatten Roll
10983,3594,ED,ED1,Taiyou no Uta
10984,3595,OP,OP1,Kaze no Legendz
10985,3595,ED,ED1,Dounimo Tomaranai~Nonstop
10986,3595,ED,ED2,Dounimo Tomaranai~Nonstop
10987,3595,ED,ED3,Sorairo no Yubisaki
10991,3596,OP,OP1,Sakura no Ki no Shita
10992,3596,ED,ED1,Hikari no Hou e
10993,3597,OP,OP1,Sakura no Ki no Shita
10994,3597,ED,ED1,Hikari no Hou e
10997,3598,OP,OP1,Zenryoku Sakuretsu Ai Mai Mii!
10998,3599,OP,OP1,Anying Cike
10999,3599,ED,ED1,Pei Zai Ni Zuoyou
11000,3599,ED,ED2,Dangchu Fenkai Tai Turan
11001,3599,ED,ED3,Tao
11002,3599,ED,ED4,A Qi
11003,3600,ED,ED1,Safe and Sound
11010,3601,ED,ED1,Gunjou Love Theory
11012,3602,ED,ED1,Kimi ga Mita Yume no Monogatari
11013,3603,ED,ED1,Watashitachi wa Mou Butai no Ue
11017,3604,OP,OP1,Proud of oneself
11018,3604,ED,ED1,overtuRe
11019,3605,OP,OP1,Sing Alive
11020,3605,ED,ED1,Singing 'OURS'
11014,3606,ED,ED1,Enter Enter MISSION! Saishuushou ver.
11021,3607,OP,OP1,Grand symphony
11022,3607,ED,ED1,Enter Enter MISSION! Saishuushou ver.
11015,3608,ED,ED1,Uragawa no Sonzai
11016,3609,ED,ED1,Ripe Aster
11023,3610,OP,OP1,SHOW TIME
11024,3610,ED,ED1,Future Dream
11025,3611,OP,OP1,Pa Pa Do Wa
11026,3611,ED,ED1,Mata Ashita
11028,3612,ED,ED1,BURN UP MY HEART
11029,3613,OP,OP1,FLASH YOUR DREAM!
11030,3613,ED,ED1,Itsumo Soba ni Iru Kara
11031,3613,ED,ED2,Itsumo Yume dake wa Mikata dakara
11032,3613,ED,ED3,SURE!
11033,3614,OP,OP1,Shiranakya
11034,3614,ED,ED1,Change
11035,3615,OP,OP1,Happy Encount
11036,3615,ED,ED1,Hakone no Koufuku
11037,3616,OP,OP1,Break out
11038,3616,ED,ED1,Naniiro
11039,3617,OP,OP1,Papersky
11106,3617,ED,ED1,"255,255,255"
11040,3618,OP,OP1,Arc the Lad ~Main Theme~
11041,3618,ED,ED1,Happy Tomorrow
11042,3618,ED,ED2,Rest in Peace
11047,3619,OP,OP1,Kami mo Hotoke mo
11048,3619,ED,ED1,Ruten
11043,3620,OP,OP1,Bomb A Head! V
11044,3620,ED,ED1,Makenai ~Ichizu Version~
11049,3621,OP,OP1,Gesshoku Grandguignol
11050,3621,ED,ED1,Mirai no Eve
11051,3622,OP,OP1,Start Line
11124,3622,ED,ED1,Hajimari no Kanenone ga Narihibiku Sora
11330,3622,ED,ED2,Sayonara Ready-Made
11400,3622,OP,OP2,Tomorrow's Diary
11401,3622,ED,ED3,Yumedayori
11538,3622,ED,ED4,My Sustainer
11562,3622,ED,ED5,Mirai Canvas
11052,3623,OP,OP1,BAD CANDY
11053,3623,ED,ED1,HORIZON
11054,3624,OP,OP1,Massugu
11055,3624,ED,ED1,Yume de Aetara
11125,3624,ED,ED2,Over Drive
11227,3624,OP,OP2,Massugu ~Lalala ver.~
11228,3624,ED,ED3,Himawari no Yakusoku
11229,3624,ED,ED4,Gakuen Tengoku
11258,3624,ED,ED5,Joyful
11278,3624,ED,ED6,Santa ga Machi ni Yattekuru
11291,3624,ED,ED7,Snow Magic Fantasy
11331,3624,ED,ED8,Hana
11056,3625,ED,ED1,Baton
11135,3625,OP,OP1,Hajimari no Setsuna
11174,3625,ED,ED2,Kaze ni Makasete
11329,3625,ED,ED3,Hajimari no Setsuna
11057,3626,OP,OP1,REAL-EYES
11058,3626,ED,ED1,LIGHTS
11059,3627,OP,OP1,San San Days
11060,3627,ED,ED1,Koi no Yukue
11070,3628,ED,ED1,Akumu
11143,3628,OP,OP1,"Ware, Bara ni Insu"
11411,3628,OP,OP2,Ibara Rinbukyoku
11412,3628,ED,ED2,Rasen
11071,3629,OP,OP1,BRAVE MAKER
11072,3629,ED,ED1,Pianissimo
11073,3630,OP,OP1,Special Force
11144,3630,ED,ED1,Destiny
11175,3630,ED,ED2,Aimai Identity
11074,3631,OP,OP1,Faith
11075,3631,ED,ED1,Tie and Tie
11076,3632,ED,ED1,Ichigo Sunset
11145,3632,OP,OP1,Mabataki
11077,3633,OP,OP1,The Rumbling
11078,3633,ED,ED1,Akuma no Ko
11079,3634,ED,ED1,Kudaranee na
11080,3635,OP,OP1,Girls Only Miracle!
11081,3635,ED,ED1,Shiritsu Egaogaoka Chuugakkou Kouka
11082,3635,ED,ED2,Bishoujo Mahou Shoujo Kyouryuu Tenshi Senshi Ouen Uta
11083,3636,OP,OP1,Mahou Shoujo wa Tomaranai
11084,3636,ED,ED1,Oide yo Egaogaoka-shi ~Egaogaoka-shi ni Furuku kara Tutawaru Warabe Uta~
11085,3636,ED,ED2,Bishoujo Mahou Shoujo Kyouryuu Tenshi Senshi to Boku
11086,3637,OP,OP1,Shuumatsu e no Tengeki
11087,3637,ED,ED1,Egaogaoka Ondo
11088,3637,ED,ED2,Shiritsu Egaogaoka Chuugakkou Sotsugyouka
11091,3638,OP,OP1,Akatsuki no Salaryman
11092,3638,ED,ED1,'FA'NTASY to!
11093,3639,OP,OP1,Ready Set Go!!
11094,3639,ED,ED1,Ambitious
11273,3639,ED,ED2,Ballad
11089,3640,OP,OP1,FLAGS
11090,3640,ED,ED1,The party must go on
11095,3641,OP,OP1,LEVEL
11096,3641,ED,ED1,Hitori to Kimi to
11097,3642,OP,OP1,What's Up Guys?
11098,3642,ED,ED1,MASK
11099,3643,OP,OP1,SHOOT! LOVE HUNTER
11100,3643,ED,ED1,whip on darling
11103,3644,OP,OP1,Midnight Dancer
11104,3644,ED,ED1,Makoto Period
11101,3645,OP,OP1,Zion Kibou no Hoshi wo Mezase!
11102,3645,ED,ED1,Chance
11105,3646,ED,ED1,Work out!
11266,3646,ED,ED2,On Air Dekinai!
11113,3647,OP,OP1,Daylight
11114,3647,ED,ED1,Gedou Sanka
11115,3648,OP,OP1,Nightholic
11109,3649,OP,OP1,200 miles
11110,3649,ED,ED1,Zutto Kitto
11111,3650,OP,OP1,Give me five!
11112,3650,ED,ED1,5-moji no Koi no Yukue
11116,3651,ED,ED1,Itami
11117,3652,OP,OP1,Sekai de Ichiban Boku ga Suki!
11118,3652,ED,ED1,Life is Free
11122,3653,OP,OP1,Kindan no 666
11123,3653,ED,ED1,nightmare-2
11126,3654,OP,OP1,JUST DO IT
11127,3654,ED,ED1,ENDiNG MiRAGE
11313,3654,ED,ED2,ENDiNG MiRAGE -PIANO ver.-
11128,3655,OP,OP1,Yajirushi →
11129,3655,ED,ED1,Shuwa Shuwa
11279,3655,ED,ED2,Yuru Yurariru
11119,3656,OP,OP1,Monochrome
11120,3656,ED,ED1,Dakishimete
11121,3656,ED,ED2,Lovers' tone
11130,3657,OP,OP1,Your Name
11131,3657,ED,ED1,salvation
11134,3658,ED,ED1,Aneson ~Moyako Nee-san no Tomaranai Mekake Song~
11132,3659,OP,OP1,Seigi no Shisha daze Doteraman
11133,3659,ED,ED1,Motto Boogie Woogie
11136,3660,OP,OP1,Leap of faith
11137,3660,ED,ED1,Day of Bright Sunshine
11138,3661,OP,OP1,Stardust Ice
11139,3661,ED,ED1,Samurai Heart
11140,3662,ED,ED1,Tsukamaete Ite
11146,3663,OP,OP1,Hoshikuzu no Ring
11147,3663,ED,ED1,Hotaru-bi
11148,3664,OP,OP1,ENISHI
11149,3664,ED,ED1,Uso
11150,3665,OP,OP1,Lost Princess
11151,3665,ED,ED1,Tabidachi no Kisetsu
11332,3665,ED,ED2,Connecting Happy!!
11152,3666,OP,OP1,Kaze no Oto sae Kikoenai
11153,3666,ED,ED1,Houkou
11311,3666,ED,ED2,Houkou
11333,3666,ED,ED3,Buchinuke!!
11154,3667,OP,OP1,Strike It Out
11178,3667,ED,ED1,Infocus
11155,3668,OP,OP1,Chocolat au Lait
11156,3668,ED,ED1,Tenshi no Oheso
11157,3669,OP,OP1,Angel Blue
11158,3669,ED,ED1,Tensai wa Saigo ni Yatte Kuru
11159,3670,OP,OP1,Dramatic*Cycle
11160,3670,ED,ED1,Koromo Biyori
11162,3671,ED,ED1,Hikari no Disco
11161,3672,ED,ED1,"Ai, Hito Kakera"
11163,3673,OP,OP1,y'know
11164,3673,ED,ED1,Waiting for you
11165,3674,OP,OP1,Rainbow Baton
11166,3674,ED,ED1,Seinaru Yoru ni
11167,3674,ED,ED2,Seishun Say Cheese!
11170,3675,OP,OP1,Kisetsu no Shutter
11171,3675,ED,ED1,point at infinity
11176,3676,OP,OP1,The Warrior
11177,3676,ED,ED1,Nisen Gohyaku Manbun no Ichi
11179,3677,OP,OP1,Mousou★Koukan Nikki
11180,3677,ED,ED1,Hirogare Power
11181,3678,OP,OP1,THEME FROM LUPIN III 2015
11182,3678,ED,ED1,Melancholy Baby
11183,3679,OP,OP1,Mouretsu Uchuu Koukyoukyoku: Daishichi Gakushou 'Mugen no Ai'
11184,3679,ED,ED1,Kirakira-go-round
11185,3680,ED,ED1,Oarana
11186,3681,OP,OP1,Nanda Kana
11188,3682,OP,OP1,Cheers! Delicious Party♡Precure
11189,3682,ED,ED1,DELICIOUS HAPPY DAYS♪
11714,3682,ED,ED2,Kokoro Delicious
11187,3683,OP,OP1,Magical Heart Kokoro-chan Theme
11190,3684,OP,OP1,I'll Come
11191,3684,ED,ED1,Winners
11192,3685,OP,OP1,LOVE LOVE Phantasy
11193,3685,ED,ED1,Itsuka
11196,3686,OP,OP1,Baby Love
11197,3686,ED,ED1,Yakusoku
11198,3686,ED,ED2,Sakurairo Kaze
11199,3687,OP,OP1,Nisemono
11200,3687,ED,ED1,secret base ~Kimi ga Kureta Mono~
11201,3687,ED,ED2,Daibakuhatsu NO.1
11202,3687,ED,ED3,Natsu Matsuri
11203,3687,ED,ED4,Yuuyake Iro
11204,3687,ED,ED5,Negai
11205,3688,OP,OP1,Kitakaze
11206,3688,ED,ED1,Daibakuhatsu NO.1
11207,3688,ED,ED2,Yuuyake Iro
11208,3688,ED,ED3,Negai
11209,3688,ED,ED4,secret base ~Kimi ga Kureta Mono~
11194,3689,OP,OP1,The IJIN-DEN Tensai no Housoku
11195,3689,ED,ED1,MOON de GO! GO!
11210,3690,OP,OP1,Inori no Asa
11211,3690,ED,ED1,Omoide no Mori
11212,3690,ED,ED2,Kaze no Matsuri
11214,3691,OP,OP1,Hope to Peace
11215,3691,ED,ED1,Lights
11216,3692,OP,OP1,Senketsu no Chikai
11217,3692,ED,ED1,Shichaimashou sensuous
11218,3692,ED,ED2,Shichaimashou predator
11219,3692,ED,ED3,Shichaimashou suggestive
11220,3692,ED,ED4,Shichaimashou devoted
11221,3692,ED,ED5,Shichaimashou ensuous
11222,3692,ED,ED6,Shichaimashou suggestive
11223,3692,ED,ED7,Shichaimashou predator
11224,3692,ED,ED8,Shichaimashou devoted
11225,3693,OP,OP1,Senketsu no Chikai
11226,3693,ED,ED1,Shichaimashou invisible
11236,3694,ED,ED1,Itsumo Anata ga
11232,3695,OP,OP1,Kaze ga Shitte Iru
11233,3695,ED,ED1,Yume no Kagi
11237,3696,ED,ED1,Itsumo Anata ga
11235,3697,ED,ED1,Honoo no Sadame
11234,3698,ED,ED1,Bye Bye Brother
11230,3699,OP,OP1,Honoo no Sadame
11231,3699,ED,ED1,Itsumo Anata ga
11238,3700,OP,OP1,UNDEAD-NOID
11239,3700,ED,ED1,Sympathy
11243,3701,ED,ED1,Cider no You ni Kotoba ga Wakiagaru
11240,3702,OP,OP1,Engage
11241,3702,ED,ED1,RTB
11242,3702,ED,ED2,RTB-AGL2
11247,3703,OP,OP1,RISE
11248,3703,ED,ED1,Ashita Iki no Bus ni Notte
11249,3703,ED,ED2,Waratte!
11252,3704,ED,ED1,Nevereverland
11250,3705,OP,OP1,Butchigiri Battle Hackers
11251,3705,ED,ED1,Ato Ichi-byou
11256,3706,OP,OP1,PLANET HERO
11257,3706,ED,ED1,NEVER END
11254,3707,OP,OP1,SWITCH!
11255,3707,ED,ED1,Happy
11260,3708,ED,ED1,Egao de Arukidasou
11261,3709,OP,OP1,Chargeman Ken!
11262,3710,OP,OP1,Born Legend
11263,3710,ED,ED1,Last Quarter
11264,3710,ED,ED2,For My Pride
11267,3711,OP,OP1,Holy Knight
11268,3711,ED,ED1,Nobodyknows
11271,3712,OP,OP1,Sorairo Days
11272,3712,ED,ED1,Omae no xxx de Ten o Tsuke!! ~Hajimete Mita Chijou Ver.~
11275,3713,ED,ED1,Tsubasa wo Motsu Mono-tachi
11281,3714,OP,OP1,Kahyakkei
11282,3714,ED,ED1,Fuyu no Semi
11283,3715,OP,OP1,Voice of heart
11284,3715,ED,ED1,Osewashimasu!
11285,3716,OP,OP1,Successful Mission
11286,3716,ED,ED1,I'll be there
11287,3716,ED,ED2,Izayoi
11288,3717,OP,OP1,Hoshi no Runway
11289,3717,OP,OP2,Tonosaman no Uta
11290,3717,ED,ED1,Chiisana Tenohira
11310,3718,ED,ED1,Eien no Utahime
11292,3719,OP,OP1,In Dreams
11293,3719,ED,ED1,Quiet Life
11294,3720,OP,OP1,Sakaseruze! Dokyou-Bana
11295,3720,OP,OP2,hesitation
11296,3720,ED,ED1,Mamotte Ageru
11297,3720,ED,ED2,Heart Break Down
11298,3720,ED,ED3,Kage ni Nare
11299,3720,ED,ED4,Kaze no Uta wo Kikinagara
11300,3720,ED,ED5,I'll be there (Ballad Version)
11301,3721,OP,OP1,Falco
11302,3721,OP,OP2,No Regret
11303,3721,ED,ED1,Kokoro no Wakusei ~Little Planets~
11304,3721,ED,ED2,Earthship ~Uchuusen Chikyuugou~
11305,3721,ED,ED3,Kono Machi de wa Dare mo ga Mina Jibun Igai no Nanika ni Naritagaru
11306,3721,ED,ED4,Bokutachi ni Aru Mono
11322,3722,OP,OP1,dust
11323,3722,ED,ED1,melt
11317,3723,OP,OP1,Beautiful fighter
11318,3723,ED,ED1,Beginning
11319,3723,ED,ED2,My story
11320,3723,ED,ED3,"Hikari, Sagase Naku Tomo"
11326,3724,OP,OP1,Rana
11327,3724,ED,ED1,0
11324,3725,ED,ED1,Dakishimete Lovin' you
11325,3725,ED,ED2,Soba ni Iru yo ~Yasashiki Epilogue~
11328,3726,OP,OP1,Tougyuushi no Uta ~Onsen Manner no Aria~
11336,3727,OP,OP1,Finally
11337,3727,ED,ED1,Dareka ga Kimi wo Omotteru
11334,3728,OP,OP1,Kimi wa Nagareboshi
11335,3728,ED,ED1,Ginga no Shounen
11342,3729,OP,OP1,Shingan
11343,3729,ED,ED1,My Turn
11771,3729,OP,OP2,Tick-Tock
11772,3729,ED,ED2,STAR
11344,3730,OP,OP1,Love-Evidence
11397,3730,ED,ED1,Bibitto Love
11345,3731,OP,OP1,Hanarenai Kyori
11346,3731,ED,ED1,Kyori-kan
11445,3731,ED,ED2,AHAREN HEART
11347,3732,OP,OP1,Paper Bouquet
11398,3732,ED,ED1,Tomoshibi Serenade
11348,3733,ED,ED1,Yume ga Bokura no Taiyou sa
11435,3733,OP,OP1,Colorful Dreams! Colorful Smiles!
11349,3734,OP,OP1,Harutsubame
11350,3734,ED,ED1,Lyra
11647,3734,OP,OP2,Sandersonia
11648,3734,ED,ED2,Kaze no Naka
11351,3735,OP,OP1,Kaze Fuiteru
11352,3735,OP,OP2,"Ima, Ashita no Tame ni"
11353,3735,ED,ED1,Cry
11354,3735,ED,ED2,Lonely Baby
11355,3735,OP,OP1-EN,Street Fighter II V Theme
11356,3735,ED,ED1-EN,Street Fighter II V Theme
11358,3736,OP,OP1,Silent Minority
11359,3736,ED,ED1,selfish
11360,3737,OP,OP1,Careless
11361,3737,ED,ED1,Lapis
11362,3737,ED,ED2,
11363,3737,ED,ED3,Orgel
11364,3738,OP,OP1,Metamorphose
11365,3738,ED,ED1,AWAKE ~Boku no Subete~
11366,3738,ED,ED2,Kakusei ~dark and light~
11367,3739,OP,OP1,"Feel You, Heal You"
11368,3739,ED,ED1,Believe like Singing.
11552,3739,ED,ED2,"Feel You, Heal You"
11369,3740,ED,ED1,Find the truth
11370,3740,OP,OP1,Shooting Star
11371,3741,OP,OP1,Double Shuffle
11424,3741,ED,ED1,Tomoshibi
11372,3742,OP,OP1,BROKEN IDENTITY
11423,3742,ED,ED1,Growing
11504,3742,ED,ED2,de messiah
11373,3743,ED,ED1,One Way
11429,3743,OP,OP1,Shinkirou
11798,3743,ED,ED2,One Way -Fresh Pop Rearrange-
11374,3744,ED,ED1,Yuzurenai
11378,3744,OP,OP1,Bring Back
11377,3745,ED,ED1,Koshaberi Biyori
11432,3745,OP,OP1,Ao 100 Shoku
11375,3746,OP,OP1,Sumire
11376,3746,ED,ED1,Koko ni Aru Yakusoku
11507,3746,ED,ED2,Orando
11379,3747,OP,OP1,Make Up Life!
11380,3747,ED,ED1,Awesome!
11499,3747,ED,ED2,Ryuu no Uta
11381,3748,OP,OP1,Cherish
11382,3748,ED,ED1,Kikoeru?
11383,3749,OP,OP1,Julietta
11384,3749,ED,ED1,Tokyo Sunny Party
11498,3749,ED,ED2,Kawaiiku Naritai
11506,3749,ED,ED3,Romeo
11518,3749,ED,ED4,Yume Fanfare
11560,3749,ED,ED5,Heroine Ikusei Keikaku
11385,3750,OP,OP1,"Aa, Waga Rouman no Michi yo"
11386,3750,ED,ED1,Bokura ga Orokadanante Dare ga Itta
11387,3751,OP,OP1,dawn of infinity
11438,3751,ED,ED1,Imprinting
11388,3752,OP,OP1,Chiki Chiki Ban Ban
11389,3752,ED,ED1,Kibun Joujou↑↑
11456,3752,ED,ED2,Roppongi Udon-ya (Kari)
11478,3752,ED,ED3,Kibun Joujou↑↑
11497,3752,ED,ED4,Kibun Joujou↑↑
11390,3753,OP,OP1,Tokimeki Rendezvous
11391,3753,ED,ED1,Yoi Kagen Tetragon
11392,3754,OP,OP1,Koi wa Explosion (feat. Tamura Yukari)
11393,3754,ED,ED1,Koi wa Sekai Teiri to Tomoni
11502,3754,OP,OP2,Koi wa Explosion (feat. Culverin Bear [CV:Hiroki Yasumoto])
11394,3755,OP,OP1,OveR
11395,3755,ED,ED1,S.O.S
11396,3756,OP,OP1,GIRI GIRI
11444,3756,ED,ED1,Heart wa Oteage
11495,3756,ED,ED2,My Nonfiction
11399,3758,OP,OP1,Narihibiku Kagiri
11446,3758,ED,ED1,"Kaze, Hana"
11402,3759,OP,OP1,kaleido proud fiesta
11403,3759,ED,ED1,AIDA
11404,3760,ED,ED1,ENJOY☆NAGOYA☆PERFECT☆LIFE
11405,3761,OP,OP1,Honey Jet Coaster
11406,3761,ED,ED1,Route BLUE
11407,3762,OP,OP1,Rei -ray-
11408,3762,ED,ED1,Genyou
11654,3762,OP,OP2,geki
11655,3762,ED,ED2,Believe
11413,3763,OP,OP1,Jellyfish na Kimi e
11454,3763,ED,ED1,HERO in HEALER
11414,3764,OP,OP1,ASEED
11415,3764,ED,ED1,Before the Nightmare
11551,3764,ED,ED2,Black★Rock Shooter
11416,3765,ED,ED1,Akane-gumi Katsudou Nisshi ~Inu-han~
11447,3765,OP,OP1,Highlight Highlight
11448,3765,ED,ED2,Akane-gumi Katsudou Nisshi ~Hitsuji-han~
11457,3765,ED,ED3,Akane-gumi Katsudou Nisshi ~Hebi-han~
11483,3765,ED,ED4,Akane-gumi Katsudou Nisshi ~Saru-han~
11496,3765,ED,ED5,Akane-gumi Katsudou Nisshi ~Ushi-han~
11500,3765,ED,ED6,Akane-gumi Katsudou Nisshi ~Tora-han~
11501,3765,ED,ED7,Akane-gumi Katsudou Nisshi ~Tatsu-han~
11503,3765,ED,ED8,Akane-gumi Katsudou Nisshi ~Inoshishi-han~
11517,3765,ED,ED9,Akane-gumi Katsudou Nisshi ~Tori-han~
11521,3765,ED,ED10,Akane-gumi Katsudou Nisshi ~Nezumi-han~
11550,3765,ED,ED11,Akane-gumi Katsudou Nisshi ~Usagi-han~
11569,3765,ED,ED12,Akane-gumi Katsudou Nisshi ~Uma-han~
11595,3765,ED,ED13,Akane-gumi Katsudou Nisshi ~Neushitorautatsumiumahitsujisarutoriinui Daishuugou!~
11417,3766,OP,OP1,Gold
11418,3766,ED,ED1,A Shout Of Triumph
11572,3766,ED,ED2,Re:Painted
11419,3767,OP,OP1,Overload
11420,3767,ED,ED1,pARTs
11573,3767,ED,ED2,enemy
11421,3768,OP,OP1,Ano Hi no Kotoba
11422,3768,ED,ED1,Kotoba ni Dekinai
11425,3769,OP,OP1,Ready Cap!
12087,3769,OP,OP2,ResQ!!
11426,3770,ED,ED1,Hane o Motsu Koibito
11427,3771,OP,OP1,Venus Line
11428,3771,ED,ED1,Yodaka
11430,3772,OP,OP1,Be My Friend!!!
11431,3772,ED,ED1,reincarnation
11433,3773,OP,OP1,montage
11434,3773,ED,ED1,STORIES
11436,3774,OP,OP1,Hoshi ga Oyogu
11437,3774,ED,ED1,Kaika
11642,3774,OP,OP2,Natsuyume Noisy
11643,3774,ED,ED2,Shitsuren Song Takusan Kiite Naite Bakari no Watashi wa Mou.
11762,3774,ED,ED3,Shitsuren Song Takusan Kiite Naite Bakari no Watashi wa Mou. (acoustic ver.)
11439,3775,OP,OP1,Move the soul
11440,3775,ED,ED1,OUTSIDERS
11441,3776,OP,OP1,3
11442,3776,ED,ED1,Transcending Time
11443,3778,ED,ED1,Onipapapan! Pan!
11505,3778,ED,ED2,Oni Yaba!
11452,3779,OP,OP1,Mushin Hakusuu
11453,3779,ED,ED1,Blue Diary
11590,3779,OP,OP2,Presence
11591,3779,ED,ED2,Color Lily no Koibumi
11450,3780,OP,OP1,Mixed Nuts
11458,3780,ED,ED1,Kigeki
11455,3781,ED,ED1,Chiisana Kiseki
11461,3782,OP,OP1,SAMURAI ROCK ~ Gifuu Doudou!! ver.
11462,3782,OP,OP2,The Sliders
11463,3782,ED,ED1,"Gekka ni Kawasu, Sagazuki to Chigiri"
11464,3782,ED,ED2,Last Moment
11459,3783,OP,OP1,Dekoboko
11460,3783,ED,ED1,Shikaku Unmei
11691,3783,OP,OP2,Glitter
11692,3783,ED,ED2,HELLO HELLO HELLO
11465,3784,OP,OP1,The Realm of Athena
11466,3784,ED,ED1,Hana no Kusari
11467,3785,OP,OP1,JOY TO THE WORLD
11468,3785,ED,ED1,Aiai Gasa
11469,3786,OP,OP1,SILENT DESTINY
11470,3786,ED,ED1,Kataomoi no Chiisana Koi
11473,3787,ED,ED1,Engagement ~Yakusoku~
11474,3788,ED,ED1,Empathy
11476,3789,OP,OP1,Viva! Spark! Tropical-Rouge! Precure with Tropical-bu
11477,3789,ED,ED1,Shantia ~Shiawase no Kuni~ Ending Theme Song Ver.
11475,3790,ED,ED1,Can't Stop Fruity
11479,3791,OP,OP1,Ikusa
11480,3791,ED,ED1,Nadeshiko Sakura
11481,3792,ED,ED1,Niji to Kite
11484,3793,ED,ED1,Touch of Hope
11485,3794,OP,OP1,Hanasaku☆Saikyou Legend Days
11486,3794,ED,ED1,Seishun Nonfiction
11487,3795,OP,OP1,Hanasaku☆Saikyou Legend Days
11488,3795,ED,ED1,Shounen Shoujo Attention
11489,3796,ED,ED1,Just the truth
11493,3797,OP,OP1,Uchuu Senkan Yamato
11494,3797,ED,ED1,Ai wa Ima mo Hikari
11508,3798,ED,ED1,Oratio nocturna~Yoru no Inori~
11509,3799,OP,OP1,Secret Ceremony
11510,3799,ED,ED1,No Time to Cast Anchor
11511,3799,ED,ED2,Don`t Break Me Down
11512,3800,OP,OP1,Dive Back In Time
11513,3800,ED,ED1,OverThink
11586,3800,OP,OP1-EN,Dive Back In Time
11587,3800,ED,ED1-EN,OverThink
11514,3801,OP,OP1,Wanderland
11515,3801,ED,ED1,Katahiza no Yogore
11519,3802,OP,OP1,Daijobu
11520,3802,ED,ED1,Minna ga Ii ne
11528,3803,ED,ED1,Marukaite Chikyuu
11529,3803,ED,ED2,Marukaite Chikyuu
11530,3803,ED,ED3,Marukaite Chikyuu
11531,3803,ED,ED4,Marukaite Chikyuu
11532,3803,ED,ED5,Marukaite Chikyuu
11533,3803,ED,ED6,Hatafutte Parade
11534,3804,OP,OP1,Eien to Iu Basho
11535,3804,OP,OP2,Tori ni naru Toki
11536,3804,ED,ED1,Mirai
11537,3804,ED,ED2,Requiem
11539,3805,OP,OP1,Namida yori mo Toiki yori mo
11540,3805,ED,ED1,Naite mo Ii yo
11541,3806,ED,ED1,Inori
11542,3806,ED,ED2,Toki no Fune
11543,3807,ED,ED1,Broken Heart
11544,3807,ED,ED2,Excuse Me
11545,3807,ED,ED3,Endless Love Again
11546,3808,ED,ED1,Wakaki Megami no Densetsu
11547,3809,ED,ED1,Bottom Line
11548,3810,ED,ED1,Ryoute Ippai no Johnny
11549,3811,ED,ED1,Cosmic Child
11553,3812,OP,OP1,Maybe Baby
11554,3812,ED,ED1,Ninja Like Ninja
11555,3812,ED,ED2,SHINOBI TOP SECRET
11556,3813,OP,OP1,Seeking the Truth feat. YAHZARAH
11557,3813,ED,ED1,Ancient Creations feat. Shing02
11558,3814,OP,OP1,Kaze no Shoujo
11559,3814,ED,ED1,Kaze no Soramimi
11561,3815,ED,ED1,AOT2013-2019
11574,3816,ED,ED1,True Love
11581,3817,OP,OP1,BLOODY POWER FAME
11582,3817,ED,ED1,Blessless
11584,3818,OP,OP1,Let's ZING!
11585,3818,ED,ED1,Kimi Kira
11644,3818,ED,ED2,Harerarura
11677,3818,ED,ED3,Ura-omote no Duet
11711,3818,ED,ED4,Koiseyo Paramedic
11724,3818,ED,ED5,INNOCENT STORY
11733,3818,ED,ED6,Respect
11747,3818,ED,ED7,Finale ~Sono Saki e~
11583,3819,OP,OP1,Himitsu Koigokoro
11645,3819,ED,ED1,Ienai feat. asmi
11580,3820,ED,ED1,Regret
11649,3821,OP,OP1,Darekare Scramble
11651,3821,ED,ED1,Renai Nou
11592,3822,ED,ED1,Hana no Tou
11650,3822,OP,OP1,ALIVE
11593,3823,OP,OP1,Ao Raid
11594,3823,ED,ED1,RIVALS
11588,3824,OP,OP1,Teppen Tengoku ~TOP OF THE LAUGH!!!~
11589,3824,ED,ED1,Ahatte Teppen
11678,3824,ED,ED2,Hug・Your・Leg
11596,3825,ED,ED1,Nuedori
11597,3825,OP,OP1,Hito Nanda
11598,3825,ED,ED2,Hyakunichisou
11971,3825,ED,ED3,Musouka 2016
11602,3826,OP,OP1,WONDERFUL WORLD
11658,3826,ED,ED1,Watashi to Minna no Uta
11680,3826,ED,ED2,Watashi to Minna no Uta
11697,3826,ED,ED3,Watashi to Minna no Uta
11715,3826,ED,ED4,Watashi to Minna no Uta
11726,3826,ED,ED5,Watashi to Minna no Uta
11741,3826,ED,ED6,Watashi to Minna no Uta
11744,3826,ED,ED7,Watashi to Minna no Uta
11749,3826,ED,ED8,Watashi to Minna no Uta
11752,3826,ED,ED9,Watashi to Minna no Uta
11756,3826,ED,ED10,Watashi to Minna no Uta
11761,3826,ED,ED11,Flying Skyhigh
11605,3827,ED,ED1,Usuhanazakura
11675,3827,OP,OP1,Tin Toy Melody
11676,3827,ED,ED2,Matsuyoi Tsuki
11688,3827,ED,ED3,Hoshi Shirube
11710,3827,ED,ED4,Tsugihagi
11723,3827,ED,ED5,Ame no Mayoi Neko
11732,3827,ED,ED6,Yumesaki*Harebutai
11739,3827,ED,ED7,Soukatou
11661,3828,OP,OP1,Beyond Selves
11662,3828,ED,ED1,Awake
11603,3829,OP,OP1,"1,000,000,000,000,000,000,000,000 LOVE"
11604,3829,ED,ED1,I'm In Love
11667,3830,OP,OP1,BLACK&WHITE
11668,3830,ED,ED1,Do the Dive
11606,3831,OP,OP1,Mujikaku no Tensai
11607,3831,ED,ED1,Gohan da yo! Dadadadan!!
11608,3832,OP,OP1,Dance In The Game
11609,3832,ED,ED1,Hito Shibai
11610,3833,OP,OP1,Abracada-Boo
11611,3833,ED,ED1,Mortal With You
11612,3834,OP,OP1,Cat!! Shite SuperGirls
11613,3834,ED,ED1,Tokimeki☆Ichigo Ichie
11758,3834,ED,ED2,my sweet heart ~New~♡Ver.~
11614,3835,OP,OP1,Arekore Drastic feat. Aina Suzuki
11615,3835,ED,ED1,Ryuusenkei Mayday
11746,3835,ED,ED2,Thank You Dropkick!
11616,3836,OP,OP1,Deneb to Spica
11617,3836,ED,ED1,Futari Pinocchio
11618,3837,OP,OP1,story
11619,3837,ED,ED1,Ichibanboshi Sonority
11620,3838,OP,OP2,Katachi
11621,3838,ED,ED1,Endless Embrace
11628,3838,OP,OP1,GRAVITY
11622,3839,OP,OP1,Hajimari e to Tsuzuku Basho
11627,3839,ED,ED1,With you
11623,3840,OP,OP1,Oath
11624,3840,ED,ED1,Shinshi no Torihiki 60-man Narl
11625,3841,OP,OP1,I can fly
11626,3841,ED,ED1,Dear Friend
11629,3842,OP,OP1,Mirai no Hero Tachi e
11630,3842,ED,ED1,Kaerimichi no Iro
11631,3843,OP,OP1,Daten
11632,3843,ED,ED1,Yofukashi no Uta
11633,3844,OP,OP1,Marcoppa
11634,3844,ED,ED1,Nanda Nananda!
11635,3845,OP,OP1,Kakehiki wa Poker Face
11636,3845,ED,ED1,50 cm
11637,3846,OP,OP1,Ichiban Hikare! -Bucchigire-
11653,3846,ED,ED1,Danzai Democracy
11638,3847,OP,OP1,Shall We Dance?
11639,3847,ED,ED1,Masquerade
11640,3848,OP,OP1,Gyouko
11641,3848,ED,ED1,Reflexion
11821,3848,OP,OP2,BE the HERO
11822,3848,ED,ED2,ZERO
11911,3848,ED,ED3,Babylon Tenshi no Uta
11652,3849,OP,OP1,Infinite
11679,3849,ED,ED1,SUNRISE (Ver. First 2)
11693,3849,ED,ED2,SUNRISE (Ver. Starting 3)
11734,3849,ED,ED3,SUNRISE (Ver. Untie 4)
11740,3849,ED,ED4,SUNRISE (Ver. RISE)
11760,3849,ED,ED5,SUNRISE (ver. Summer memories)
11656,3850,OP,OP1,Atamannaka DEAD END
11657,3850,ED,ED1,Wherever
11748,3850,ED,ED2,Wherever remix
11659,3851,OP,OP1,Musouteki Chronicle
11681,3851,ED,ED1,Hakuu
11660,3852,OP,OP1,Good Morning [New] World!
11663,3853,OP,OP1,Kaguya
11664,3853,ED,ED1,Parallellalla
11682,3853,OP,OP2,Enjou Alice
11698,3853,OP,OP3,Suiyoubi ni Goyoujin
11716,3853,OP,OP4,Kareki ni Hana wo
11725,3853,OP,OP5,Bita Ichimonme
11735,3853,OP,OP6,Living Dead Fever
11665,3854,ED,ED1,Yuke
11666,3855,ED,ED1,Kaijuu Fire
11669,3856,OP,OP1,Break it down
11670,3856,ED,ED1,Irochigai no Itotaba
11685,3857,OP,OP1,Wonder・Starter
11686,3857,ED,ED1,Palette Girls
11718,3857,ED,ED2,Ippo Mae no Sekai
11738,3857,ED,ED3,Yellow Rose
11671,3858,OP,OP1,HOLLOW HUNGER
11672,3858,ED,ED1,No Man's Dawn
11673,3859,OP,OP1,WITH
11674,3859,ED,ED1,Mizukagami no Sekai
11683,3860,OP,OP1,WE WILL!!
11684,3860,ED,ED1,Welcome to Bokura no Sekai
11701,3860,ED,ED2,Oikakeru Yume no Saki de
11717,3860,ED,ED3,Oikakeru Yume no Saki de
11731,3860,ED,ED4,Oikakeru Yume no Saki de
11736,3860,ED,ED5,Oikakeru Yume no Saki de
11742,3860,ED,ED6,Oikakeru Yume no Saki de
11745,3860,ED,ED7,Oikakeru Yume no Saki de
11753,3860,ED,ED8,Oikakeru Yume no Saki de
11757,3860,ED,ED9,Oikakeru Yume no Saki de
11797,3860,ED,ED10,Oikakeru Yume no Saki de
11687,3861,ED,ED1,On Your Way
11689,3862,OP,OP1,True
11690,3862,ED,ED1,"Tatta, Hitotsu no"
11694,3863,OP,OP1,"Su, Suki ja Nai!"
11695,3863,ED,ED1,Himitsu no Niwa no Futari
11699,3864,ED,ED1,Monochrome Trouble
11700,3864,ED,ED1-EN,I'm in Trouble
11702,3865,ED,ED1,Koi de Coup d'Etat Go Go
11703,3865,ED,ED2,Tokoro ga Dokkoi! Sexy Musume
11704,3865,ED,ED3,So Bad Boy
11705,3865,ED,ED4,Ganbaru Watashi ga Suki
11706,3865,ED,ED5,Touch My Heart
11707,3866,OP,OP1,Tentou
11708,3866,ED,ED1,Guide
11709,3867,OP,OP1,Wo de Xiaoyuan Zhanji
11719,3868,OP,OP1,Sono Otome Musou
11720,3868,ED,ED1,Queens Bluff
11721,3869,ED,ED1,flame of hope -instrumental-
11722,3869,ED,ED2,"Yorube no Sunny, Sunny"
11727,3870,OP,OP1,Private Eye
11728,3870,ED,ED1,Tsumi to Batsu to Angura
11729,3871,OP,OP1,PEGASUS SEIYA
11730,3871,ED,ED1,SOMEBODY NEW
11737,3872,OP,OP1,Hashire Makibao
11750,3873,OP,OP1,Espero
11751,3873,ED,ED1,Undine ~2021 edizione~
11754,3874,OP,OP1,This Fffire
11755,3874,ED,ED1,LET YOU DOWN
11759,3875,OP,OP1,Kyoukan Sarenakute mo Ii Janai
11776,3875,ED,ED1,Nomic
11852,3877,OP,OP1,Tensei shitara Ken Deshita
11853,3877,ED,ED1,more<STRONGLY
11765,3878,OP,OP1,Genai Yuugi
11766,3878,ED,ED1,Virginia
11774,3879,OP,OP1,Hitamuki
11775,3879,ED,ED1,SKETCH
12011,3879,OP,OP2,Bokura no
12012,3879,ED,ED2,Kitakaze
11777,3880,OP,OP1,Ichigo Ichie Celebration
11778,3880,ED,ED1,Happy Life
11825,3881,OP,OP1,Growing up
11858,3881,ED,ED1,Rolling Soul Happy Days
11779,3882,OP,OP1,Change The World
11780,3882,ED,ED1,LOVE＆MOON
11781,3883,OP,OP1,SOUVENIR
11782,3883,ED,ED1,Shikisai
11783,3884,OP,OP1,MYSTERIOUS
11828,3884,ED,ED1,Natsu no Yuki
11784,3885,ED,ED1,Wish
11831,3885,OP,OP1,Aria
11916,3885,ED,ED2,Mirage with Shiro SAGISU
11785,3886,OP,OP1,Endless Love
11786,3886,ED,ED1,Nakayo Peas
11787,3886,ED,ED2,Nakayo Peas
11832,3886,OP,OP2,PSYCHO:LOGY
11833,3886,ED,ED3,Nakayo Peas (Chou Yosan Yuusha★Great Baribaripipikku MIX)
11834,3886,ED,ED4,Nakayo Peas (Chou Yosan Yuusha★Great Baribaripipikku MIX)
11893,3886,ED,ED5,Nakayo Peas (B-side MIX)
11894,3886,ED,ED6,Nakayo Peas (B-side MIX)
12024,3886,ED,ED8,Nakayo Peas (Katsushika Shusshin MIX)
12025,3886,ED,ED7,Nakayo Peas (Katsushika Shusshin MIX)
12026,3886,ED,ED9,Nakayo Peas (Sweet Pop MIX)
12027,3886,ED,ED10,Nakayo Peas (Sweet Pop MIX)
12028,3886,ED,ED11,Nakayo Peas (Dance Rock MIX)
12029,3886,ED,ED12,Nakayo Peas (Dance Rock MIX)
12030,3886,ED,ED13,Aoi Shouta Taisou
11763,3887,OP,OP1,dust
11764,3887,ED,ED1,melt
11791,3888,OP,OP1,Shukufuku
11838,3888,ED,ED1,Kimiyo Kedakakuare
11794,3889,OP,OP1,Hajimaru Welcome
11883,3889,ED,ED1,Fine Days
11767,3890,OP,OP1,Sailing To The Future
11768,3890,ED,ED1,Rise
11769,3891,OP,OP1,FLYING KID
11770,3891,ED,ED1,Dream Hunter
11795,3892,OP,OP1,NEVER SAY GOODBYE feat. Mummy-D
11796,3892,ED,ED1,Subete ga Soko ni Arimasu You ni.
11788,3893,OP,OP1,Make Believe
11864,3893,ED,ED1,Secret of the day
11882,3893,ED,ED2,Kurosaki hahuriuta
11792,3894,OP,OP1,WONDER LiGHT
11793,3894,ED,ED1,IMPERIAL CHAIN
11839,3894,ED,ED2,Negai wa Shine On The Sea
11879,3894,ED,ED3,Negai wa Shine On The Sea
11895,3894,ED,ED4,Dear Butterfly
11952,3894,ED,ED5,Colorful
11961,3894,ED,ED6,Mirai Notes wo Kanadete
11973,3894,OP,OP2,Happy Days Creation!
12144,3894,ED,ED7,SECRET NIGHT
11799,3895,OP,OP1,"Tsukamaete, Konya."
11800,3895,ED,ED1,"Secret, voice of my heart"
11846,3896,OP,OP1,Hikari
11847,3896,ED,ED1,Oboetate
11801,3897,OP,OP1,Fly High
11802,3897,ED,ED1,Follow Me
11848,3897,ED,ED2,Blinding lights
11867,3897,OP,OP2,Asterism⁂
11868,3897,ED,ED3,F Ballad
11884,3897,ED,ED4,Passion Groove!
11897,3897,ED,ED5,Shiawase no Katachi
11907,3897,ED,ED6,Escape
11913,3897,ED,ED7,Illusion×Kiss
11918,3897,ED,ED8,Stay
11937,3897,ED,ED9,Smile again
11946,3897,ED,ED10,Lucida
11954,3897,ED,ED11,Daijoubu
11966,3897,ED,ED12,Hana no Hokori
11976,3897,ED,ED13,I can't stop dancing!
11803,3898,OP,OP1,Omoi Nochi Hare
11804,3898,ED,ED1,Tobira wo Akete Bell wo Narasou
11899,3898,ED,ED2,Tobira wo Akete Bell wo Narasou
11936,3898,ED,ED3,Tobira wo Akete Bell wo Narasou
11964,3898,ED,ED4,Staccato Days
11805,3899,ED,ED1,Puni Puni PuniRunes Punix Version
11806,3900,OP,OP1,CATASTROPHE
11807,3900,ED,ED1,BAD CITY (BUG HUMAN)
11808,3901,OP,OP1,HIGHEST
11851,3901,ED,ED1,Darling in the Night
11869,3901,ED,ED2,Darling in the Night
11886,3901,ED,ED3,Darling in the Night
11900,3901,ED,ED4,Darling in the Night
11909,3901,ED,ED5,Darling in the Night
11914,3901,ED,ED6,Darling in the Night
11920,3901,ED,ED7,Darling in the Night
12161,3901,ED,ED8,Moonlight Sonata
11811,3902,OP,OP1,Never the Fever!!
11812,3902,ED,ED1,Sugar Sugar Spice
11967,3902,ED,ED2,Sugar Sugar Spice
11809,3903,OP,OP1,1
11855,3903,ED,ED1,Cobalt
11888,3903,ED,ED2,Exist
11810,3904,OP,OP1,Dokidoki Idea wo Yoroshiku!
11854,3904,ED,ED1,Tsuzuku Hanashi
11813,3905,OP,OP1,Akatsuki wo Ute
11814,3905,ED,ED1,Saikai
11815,3906,OP,OP1,Prologue
11816,3906,ED,ED1,Kawabyoushi
11840,3907,ED,ED1,Stuck on you
11861,3907,OP,OP1,TRUE FOOL LOVE
11972,3907,ED,ED2,Swallows
11817,3908,OP,OP1,Maid Daikaiten
11818,3908,ED,ED1,Meido no Komoriuta
11902,3908,ED,ED2,Isshou Onnanoko Sengen
11968,3908,ED,ED3,Meido no Komoriuta
11823,3909,OP,OP1,Eiyuu no Uta
11824,3909,ED,ED1,Mayoeru Hitsujitachi no Banka
12168,3909,ED,ED2,Endless Way
11819,3910,OP,OP1,Tear of Will
11820,3910,ED,ED1,Song of Mana -The Teardrop Crystal-
11969,3910,ED,ED2,Song of MANA ~Ending Theme~
11826,3911,OP,OP1,Girigiri Ride it out
11827,3911,ED,ED1,Nabe Bugyou
12174,3911,ED,ED2,Tomodachi no Senaka
11829,3912,OP,OP1,Seishun Complex
11830,3912,ED,ED1,Distortion!!
11892,3912,ED,ED2,Karakara
11933,3912,ED,ED3,Nani ga Warui
11970,3912,ED,ED4,"Korogaru Iwa, Kimi ni Asa ga Furu"
11836,3913,OP,OP1,Keep going
11837,3913,ED,ED1,PRIDE
12136,3913,OP,OP2,Last Scene
12137,3913,ED,ED2,Action
11835,3914,OP,OP1,Chaos ga Kiwamaru
11873,3914,ED,ED1,WINNER
12020,3914,OP,OP2,Judgement
12120,3914,ED,ED2,Numbness like a ginger
11841,3915,OP,OP1,Kurenazumu Yakusoku
11842,3915,ED,ED1,Koigokoro
11844,3916,OP,OP1,Seishun Kippu
11845,3916,ED,ED1,Flash!
12048,3916,OP,OP2,Warau na!
12049,3916,ED,ED2,Taisetsu
11849,3917,OP,OP1,KICK BACK
11850,3917,ED,ED1,CHAINSAW BLOOD
11866,3917,ED,ED2,Zanki
11885,3917,ED,ED3,Hawatari 2-Oku Centi
11898,3917,ED,ED4,Jouzai
11908,3917,ED,ED5,In the Back Room
11912,3917,ED,ED6,Dainou-teki na Rendezvous
11917,3917,ED,ED7,"Chu, Tayousei."
11938,3917,ED,ED8,first death
11945,3917,ED,ED9,Deep down
11953,3917,ED,ED10,DOGLAND
11965,3917,ED,ED11,Violence
11975,3917,ED,ED12,Fight Song
11870,3918,OP,OP1,Love? Reason why!!
11871,3918,ED,ED1,Flop Around
11887,3918,ED,ED2,Flop Around
11901,3918,ED,ED3,Flop Around
11910,3918,ED,ED4,Flop Around
11915,3918,ED,ED5,Flop Around
11919,3918,ED,ED6,Flop Around
11939,3918,ED,ED7,lost in the white
11856,3919,OP,OP1,"Aiue feat. Minami, SAKURAmoti"
11857,3919,ED,ED1,"Tokyo Shandy Rendezvous feat. KAF, Tsumiki"
11997,3919,OP,OP2,"Ai wa Namuchu feat. asmi, Surii"
11998,3919,ED,ED2,"Ai Tarinai feat. yama, Nito."
11859,3920,OP,OP1,Eclipse
11860,3920,ED,ED1,For 4 Forever
11862,3921,OP,OP1,Scar
11863,3921,ED,ED2,Saihate
11865,3921,ED,ED1,Rapport
11977,3921,ED,ED3,Number One - Bankai
11872,3922,ED,ED1,Katachi ni Dekinai Monologue
11875,3923,ED,ED1,Yurupaka HAPPY DAYS!
11896,3923,ED,ED2,Midnight Epilogue
11934,3923,ED,ED3,Dance 2 Endless Beat
11974,3923,ED,ED4,#UmaRAP
12143,3923,ED,ED5,Bright Melody
12178,3923,ED,ED6,Eien no Shikisai
12195,3923,ED,ED7,Umapyoi Densetsu
11876,3924,OP,OP1,"Aimaisa, Koufukuron"
11877,3925,OP,OP1,PINK BLOOD
11878,3925,ED,ED1,Roots
11880,3926,OP,OP1,kaleido proud fiesta
11881,3926,ED,ED1,Pilot
11889,3927,OP,OP1,ROMA☆KiRA
11890,3927,ED,ED1,Romantic Love ~Renai Shimasenka?☆~
11903,3928,OP,OP1,Shigure
11904,3928,ED,ED1,Mirai (Ima)
12159,3928,ED,ED2,Sasebo no Shigure
11905,3929,OP,OP1,Alive
11906,3929,ED,ED1,BE ME
11921,3930,ED,ED1,Ashita e no Prologue
11922,3931,ED,ED1,Thank You for Your Smile
11929,3931,OP,OP1,Kiniro Rhodanthe
11923,3932,OP,OP1,Xian
11924,3932,ED,ED1,Die Ran Na Shi
11925,3933,OP,OP1,Arrival
11926,3933,ED,ED1,Around the Stars
11927,3934,OP,OP1,Endless Dreams
11928,3934,ED,ED1,Waiting For You At The End Of Time And Space
11930,3935,OP,OP1,Kisoutengai Fushigi wo Douzo
11931,3935,ED,ED1,"Hanya〇 Manten, Zenitendou"
11932,3936,ED,ED1,Blue Thermal
11935,3937,ED,ED1,Kiete Shimai Sou Desu
11942,3938,ED,ED1,PROUD STARS
11943,3939,OP,OP1,No Future
11944,3939,ED,ED1,Sasuraibito
11947,3940,ED,ED1,Mayoiga
11948,3941,ED,ED1,Kamiarizuki no Kodomo
11949,3942,ED,ED1,Life is so Dramatic!!
11950,3943,ED,ED1,Aurora
11955,3944,ED,ED1,One Reason
11956,3945,OP,OP1,Greatest Strength
11957,3945,ED,ED1,Sakayume
11958,3945,ED,ED2,Ichizu
11959,3946,OP,OP1,"AFRO""LUPIN'68"""
11960,3946,ED,ED1,Lupin Sansei Shudaika II
11963,3947,ED,ED1,Rock The World
11984,3948,OP,OP1,FROZEN MIDNIGHT
11985,3948,ED,ED1,Linaria
12129,3949,OP,OP1,Tomoshibi
12130,3949,ED,ED1,Secret Code
12131,3949,ED,ED2,Fool on the secret
12155,3949,ED,ED3,DON'T
12162,3949,ED,ED4,SPARKLEscape
12194,3949,ED,ED5,Itsuwarinai Koufuku wo
11979,3950,OP,OP1,Glorious World
12055,3950,ED,ED1,Never Fear
12056,3951,OP,OP1,Arc-en-ciel
12057,3951,ED,ED1,Only for you
11982,3952,OP,OP1,TRUE STORY
12128,3952,ED,ED1,Shirushi
11986,3953,ED,ED1,Invisible -one heart-
12060,3953,OP,OP1,LOVE NO HATE
11983,3954,OP,OP1,°C
12138,3954,ED,ED1,Hitominaka
12061,3955,OP,OP1,Kurae! Telepathy
12062,3955,ED,ED1,yurukuru＊love
12177,3955,ED,ED2,Jiribaki_love
11987,3956,OP,OP1,Down Timer
11988,3956,ED,ED1,un_mute
11989,3957,OP,OP1,Shikou
11990,3957,ED,ED1,Kirikizu
11991,3958,OP,OP1,Identeitei Meltdown
11992,3958,ED,ED1,Himegoto＊Crisisters
11993,3959,OP,OP1,Gyakkyou☆Fuwaku☆Fraction
11994,3959,ED,ED1,Let's Go My House!!!
12065,3959,ED,ED2,Let's Go My House!!! Karen Inukai ver.
12105,3959,ED,ED3,Let's Go My House!!! Mike Nekotani ver.
12154,3959,ED,ED4,Let's Go My House!!! Usagi Tsukishiro ver.
11980,3960,OP,OP1,Sora ga Yobu Hou e
11981,3960,ED,ED1,Treasure of life
11995,3961,OP,OP1,Dystopia
11996,3961,ED,ED1,Loud Hailer
12000,3962,OP,OP1,Flower Ring
12001,3962,ED,ED1,Feel the winds
11999,3963,OP,OP1,Musical
12066,3963,ED,ED1,Kanaeru
12189,3963,ED,ED2,I Will Go On
12002,3964,ED,ED1,Wachu Gonna Do
12132,3964,ED,ED2,Wachu Gonna Do (1-nensei + Yuu Ver.)
12133,3964,ED,ED3,Wachu Gonna Do (2-nensei + Yuu Ver.)
12134,3964,ED,ED4,Wachu Gonna Do (3-nensei + Yuu Ver.)
12181,3964,ED,ED5,CHASE!
12003,3965,OP,OP1,The story so far
12004,3965,ED,ED1,proud hero
12067,3966,OP,OP1,SHOCK!
12068,3966,ED,ED1,My Plan
12005,3967,OP,OP1,Hengenjizai
12006,3967,ED,ED1,Namonai Hana
12182,3967,ED,ED2,Namonai Hana - piano ver.
12007,3968,OP,OP1,Ibitsu na Kotoba
12008,3968,ED,ED1,Hana no You ni
12075,3969,OP,OP1,Gift
12076,3969,ED,ED1,Chiisana Koi no Uta
12163,3969,ED,ED2,Ai Uta
12190,3969,ED,ED3,Kimi ni Todoke
12009,3970,OP,OP1,CHANGEMAKER
12010,3970,ED,ED1,Dear Doze Days
12080,3971,OP,OP1,SEIEN
12081,3971,ED,ED1,Esoa
12463,3971,ED,ED2,Esoa (Ballad ver.)
12468,3971,ED,ED3,Maou Sanbika Daigoban - Heiwa
12022,3972,OP,OP1,White Noise
12086,3972,ED,ED1,"Kizutsukedo, Aishiteru."
12018,3973,OP,OP1,LOVE CRAZY
12019,3973,ED,ED1,MY SADISTIC ADOLESCENCE♡
12014,3974,OP,OP1,escalate
12078,3974,ED,ED1,Antinomy
12446,3974,ED,ED2,Weight of the World/English Version
12016,3975,OP,OP1,Unite up!
12017,3975,ED,ED1,Iino
12082,3975,ED,ED2,Hoero! Crossfire (PROTOSTAR ver.)
12157,3975,ED,ED3,FIRE
12164,3975,ED,ED4,Kibou no Koe
12176,3975,ED,ED5,Triplet
12183,3975,ED,ED6,A.P.P.L.E.
12204,3975,ED,ED7,call
12253,3975,ED,ED8,Yume no Tobira
12013,3976,OP,OP1,RECONNECTION
12077,3976,ED,ED1,Link
12119,3976,ED,ED2,Tsukiyo no Takt
12165,3976,ED,ED3,Link
12169,3976,ED,ED4,Link
12175,3976,ED,ED5,Link
12191,3976,ED,ED6,Link
12021,3977,OP,OP1,Hikatta Coin ga Shimesu Hou
12085,3977,ED,ED1,Yappari Economy
12015,3978,OP,OP1,TOMBI
12079,3978,ED,ED1,Hoshi no Kuzu α
12193,3978,ED,ED2,Seija no Koushin
12034,3979,OP,OP1,Way to go
12035,3979,ED,ED1,Drum Shiki Tansaki
12036,3980,OP,OP1,Yotogibanashi
12091,3980,ED,ED1,Invincible Love
12089,3981,OP,OP1,kaleidoscope
12090,3981,ED,ED1,Hidamari no Saido
12039,3982,OP,OP1,Stand By Me
12092,3982,ED,ED1,Ipponmichi
12158,3982,ED,ED2,Ipponmichi
12167,3982,ED,ED3,Ipponmichi
12033,3983,OP,OP1,Ashita no Katachi
12088,3983,ED,ED1,Rewrite
12037,3984,OP,OP1,Maihime
12038,3984,ED,ED1,Around and Around
12043,3985,OP,OP1,Koigoromo
12044,3985,ED,ED1,rebind
12045,3986,OP,OP1,River
12046,3986,ED,ED1,Without Love
12217,3986,OP,OP2,Paradox
12218,3986,ED,ED2,Ember
12041,3987,OP,OP1,NEW DRAMA PARADISE
12042,3987,ED,ED1,Wakatteta yo
12096,3987,ED,ED2,Cozy Crazy PARTY!
12040,3988,OP,OP1,Trickster
12097,3988,ED,ED1,Squad!
12047,3989,OP,OP1,Neppuu wa Ruten Suru
12098,3989,ED,ED1,"Itowanai feat. Miyu Tomita, Kana Ichinose"
12050,3990,OP,OP1,DAY1
12051,3990,ED,ED1,Self Hug Big Love
12053,3991,OP,OP1,Dramatic ja Nakute mo
12054,3991,ED,ED1,Kasuka de Tashika
12099,3992,OP,OP1,Zeitaku na Saji
12125,3992,ED,ED1,Happy-go-Journey
12052,3993,ED,ED1,BBMonster
12058,3994,OP,OP1,Kyuukyoku Unbalance!
12059,3994,OP,OP2,"Kono Tate ni, Kakuremasu."
12103,3994,ED,ED1,Step for Joy
12063,3995,OP,OP1,Telepath
12064,3995,ED,ED1,Juvenile
12069,3996,OP,OP1,Evolution
12070,3996,ED,ED1,Adore me
12074,3997,ED,ED1,Re-raise
12106,3997,OP,OP1,Accelerate
12072,3998,OP,OP1,Mezase Pokemon Master -with my friends-
12073,3998,ED,ED1,Hyakugojuuichi
12135,3998,ED,ED2,Takeshi no Paradise
12083,3999,OP,OP1,Usotsuki
12084,3999,ED,ED1,Mada Tooku ni Iru
12093,4000,ED,ED1,Ubugoe
12094,4001,OP,OP1,Gotoubun no Kiseki
12095,4001,ED,ED1,Gotoubun no Hanayome ~Arigatou no Hana~
12100,4002,OP,OP1,Kosha Rhythm
12101,4003,OP,OP1,HYSTERIC CARAVAN
12102,4003,ED,ED1,Fantastic Partner
12107,4004,OP,OP1,Princess wa Akiramenai
12108,4004,ED,ED1,Oshare Fantasy
12109,4004,ED,ED2,Patatata Run♪
12110,4005,OP,OP1,Kimi no Ashita
12111,4005,ED,ED1,Gakuen Tengoku
12112,4005,ED,ED2,Gakuen Tengoku ~Fine Rein Version
12113,4005,ED,ED3,Church☆Rock
12114,4006,OP,OP1,Hajimari no Natsu
12115,4006,ED,ED1,Asu e no Tobira
12116,4006,ED,ED1-Theatrical2,Tentai Kansoku
12117,4006,ED,ED1-Theatrical3,fragile
12118,4006,ED,ED1-Theatrical4,Kimi ni Todoke
12121,4007,OP,OP1,Hero Mask
12122,4007,ED,ED1,End Credits
12123,4008,OP,OP1,Hero Mask
12124,4008,ED,ED1,End Credits
12126,4009,OP,OP1,HALLOWEEN PARTY -Poupelle Ver.-
12127,4009,ED,ED1,Entotsu Machi no Poupelle
12139,4010,ED,ED1,DOUBLE DORAGON
12140,4011,ED,ED1,Rai Rai Parade
12141,4012,OP,OP1,Hirogaru Sky! Precure ~Hero Girls~
12142,4012,ED,ED1,Hirogarhythm
12387,4012,ED,ED2,Dear Shine Sky
12758,4012,ED,ED3,Hirogarhythm ~Precure Quintet Ver.~
12152,4013,ED,ED1,G no Senkou
12156,4013,OP,OP1,BLAZING
12153,4014,ED,ED1,G
12171,4015,OP,OP1,Roji Ura no Uchuu Shounen
12172,4015,ED,ED1,Hashire Hashire
12173,4016,ED,ED1,UNDER THE TREE
12179,4017,OP,OP1,Ashita wo Tomenaide
12180,4017,ED,ED1,Emblem ~Na mo Naki Eiyuu-tachi he~
12185,4018,OP,OP1,Bloodline
12186,4018,ED,ED1,Power is Everything
12187,4019,OP,OP1,Like That
12188,4019,ED,ED1,Here Together
12196,4020,OP,OP1,Starting Over
12197,4020,ED,ED1,Haru no Oto
12384,4020,OP,OP2,Amaryllis
12385,4020,ED,ED2,Ima Kono Toki wo
12251,4021,OP,OP1,innocent arrogance
12252,4021,ED,ED1,Dare mo Kare mo Doko mo Nani mo Shiranai
12314,4021,ED,ED2,Dare mo Kare mo Doko mo Nani mo Shiranai (#08 Special Arrange)
12198,4022,OP,OP1,W●RK
12199,4022,ED,ED1,Kamihitoe
12200,4023,OP,OP1,Gradation feat. Yuuho Kitazawa
12201,4023,ED,ED1,Trick Art
12203,4024,OP,OP1,Never say Never
12254,4024,ED,ED1,Rinne
12350,4024,OP,OP2,Kaibutsu
12351,4024,ED,ED2,my star
12202,4025,OP,OP1,Shayou
12257,4025,ED,ED1,Suu Sentimental
12211,4026,OP,OP1,Runaway World
12212,4026,ED,ED1,Fly Away
12982,4026,ED,ED2,TOP SPEED
12984,4026,ED,ED3,Kokkishin
12985,4026,ED,ED4,Baddest Behavior
12205,4027,OP,OP1,Preview
12206,4027,ED,ED1,Nanairo no Enogu de
12207,4028,OP,OP1,Alcor to Polaris
12208,4028,ED,ED1,Kokorone
12209,4029,OP,OP1,Ai no Uta
12210,4029,ED,ED1,Decided
12214,4030,OP,OP1,Dash and Go!
12266,4030,ED,ED1,Just a little bit
12310,4030,ED,ED2,Nakano Bojou
12213,4031,OP,OP1,Kimi to no Mirai
12265,4031,ED,ED1,Zutto
12215,4032,OP,OP1,Real Diamond
12216,4032,ED,ED1,Isekai Jewelry
12303,4032,ED,ED2,Isekai Jewelry
12331,4032,ED,ED3,Isekai Jewelry
12219,4033,OP,OP1,Gyakuten Geki
12220,4033,ED,ED1,Hachimitsu
12221,4034,OP,OP1,mirAI wave!
12222,4034,ED,ED1,Yosuga
12223,4035,OP,OP1,Mellow
12224,4035,ED,ED1,Hana Uta to Mawari Michi
12225,4036,OP,OP1,Megamorfoze♡
12226,4036,ED,ED1,Can-do Dreamer
12291,4036,ED,ED2,MAGICAL☆CARNIVAL
12335,4036,ED,ED3,my sweet heart ~New~♡Ver.~
12227,4037,OP,OP1,STAY FREE
12268,4037,ED,ED1,JUMP IN
12269,4038,ED,ED1,Yorimichi Little Star
12270,4038,OP,OP1,Shine In The Sky☆
12271,4038,ED,ED2,Minna no Kimochi
12295,4038,ED,ED3,Romantic Now
12300,4038,ED,ED4,Ai no Sanka
12304,4038,ED,ED5,GEMSTONE
12311,4038,ED,ED6,ACE
12313,4038,ED,ED7,Onegai! Cinderella Koharu Koga Solo Remix
12332,4038,ED,ED8,Akogare Stitch
12333,4038,ED,ED9,Himawari Mark wo Sagase!
12334,4038,ED,ED10,Good Day・Good Night
12337,4038,ED,ED11,to you for me
12272,4039,OP,OP1,I wish
12273,4039,ED,ED1,Steppin' Up Life!
12230,4040,OP,OP1,Dear
12231,4040,ED,ED1,Mubansou
12232,4041,OP,OP1,Wasuregataki
12233,4041,ED,ED1,Where Do We Go?
12228,4042,OP,OP1,Himitsu♡Melody
12229,4042,ED,ED1,Yume ga Samete mo
12234,4043,OP,OP1,SHINY
12276,4043,ED,ED1,New frame
12336,4043,ED,ED2,Clear
12235,4044,OP,OP1,Shinda!
12236,4044,ED,ED1,Kawaikutte Ijiwaru Shichau
12237,4045,OP,OP1,Karei One Turn
12279,4045,ED,ED1,Mukyuu Platonic
12329,4045,OP,OP2,Follow You!
12238,4046,OP,OP1,Space Cat Big Bang
12239,4046,ED,ED1,Nyanbori de Moffy!!
12240,4047,OP,OP1,Knock Out
12241,4047,ED,ED1,Shuu Cream Funk
12242,4048,OP,OP1,Setsuna no Chikai (feat. Tsukasa Yuzaki)
12299,4048,ED,ED1,Yoru no Katasumi
12246,4049,OP,OP1,Venus Line
12247,4049,ED,ED1,Kimi ga Iru kara
12298,4049,ED,ED2,Kimi ga Iru kara -Acoustic ver.-
12243,4050,OP,OP1,ENDLESS LABYRINTH
12244,4050,ED,ED1,Love Will Find A Way
12245,4051,OP,OP1,Unmei Kyoudoutai!
12280,4051,ED,ED1,Dramatic
12248,4052,OP,OP1,MAGICAL DESTROYER
12281,4052,ED,ED1,Gospelion in a classic love
12249,4053,OP,OP1,Kien Romance
12250,4053,ED,ED1,Odoru Hikari
12255,4054,OP,OP1,Tonari Awase
12256,4054,ED,ED1,Near Stella
12282,4055,OP,OP1,Continue Distortion
12283,4055,ED,ED1,Be ambitious!!!
12258,4056,OP,OP1,slash
12259,4056,ED,ED1,Red:birthmark
12356,4056,ED,ED2,Shukufuku
12260,4057,OP,OP1,Wanna Be Star!
12285,4057,ED,ED1,Two Of Us
12330,4057,ED,ED2,Namonaki Koibito yo
12261,4058,OP,OP1,Kizuna no Kiseki
12286,4058,ED,ED1,Koi Kogare
12301,4059,OP,OP1,Cantabile
12302,4059,ED,ED1,Yuusari no Canon feat. 『Yuika』
12263,4060,OP,OP1,SURVIVE
12264,4060,ED,ED1,Always and Forever
12312,4060,ED,ED2,Fireworks
12262,4061,OP,OP1,Nero
12288,4061,ED,ED1,Iolite
12289,4062,OP,OP1,Itsu Aetara
12290,4062,ED,ED1,Lapse
12317,4062,ED,ED2,Herz
12267,4063,OP,OP1,Quiet explosion
12292,4063,ED,ED1,Salt & Sugar
12274,4064,OP,OP1,MOTIVE RAIN
12275,4064,ED,ED1,Shuuen no Destiny
12293,4065,OP,OP1,Idol
12294,4065,ED,ED1,Mephisto
12277,4066,OP,OP1,GOLD
12278,4066,ED,ED1,Ate mo Naku
12284,4067,OP,OP1,Dokimeki Diary
13311,4067,ED,ED1,RVR ~Rising Volt Tacklers Rap~ [Friede Ver.]
13312,4067,ED,ED2,RVR ~Rising Volt Tacklers Rap~ [Orio Ver.]
13313,4067,ED,ED3,RVR ~Rising Volt Tacklers Rap~ [Murdock Ver.]
13314,4067,ED,ED4,RVR ~Rising Volt Tacklers Rap~ [Molly Ver.]
13315,4067,ED,ED5,RVR ~Rising Volt Tacklers Rap~ [Landau Ver.]
13316,4067,ED,ED6,RVR ~Rising Volt Tacklers Rap~ [Dot Ver.]
13317,4067,OP,OP4,Only One Story
13318,4067,ED,ED17,Pikkaan!
13319,4067,OP,OP2,Halo
13320,4067,ED,ED7,RVR ~Rising Volt Tacklers Rap~ [Friede Ver.PART2]
13321,4067,ED,ED8,RVR ~Rising Volt Tacklers Rap~ [Murdock Ver.PART2]
13322,4067,ED,ED9,RVR ~Rising Volt Tacklers Rap~ [Molly Ver.PART2]
13323,4067,ED,ED10,RVR ~Rising Volt Tacklers Rap~ [Orio Ver.PART2]
13324,4067,OP,OP3,Will
13325,4067,ED,ED11,RVR ~Rising Volt Tacklers Rap~ [Landau Ver.PART2]
13326,4067,ED,ED12,RVR ~Rising Volt Tacklers Rap~ [Gurumin Ver.]
13327,4067,ED,ED13,Let me battle
12287,4068,OP,OP1,Glorious Moment!
12305,4068,ED,ED1,Umapyoi Densetsu
12296,4069,OP,OP1,Tsuitachi no Nie
12297,4069,ED,ED1,ONLY
12406,4069,OP,OP2,LOVE INFINITY
12430,4069,ED,ED2,call your name
12470,4069,ED,ED3,Miles Away
12306,4070,OP,OP1,fantastic dreamer
12307,4070,ED,ED1,Chiisana Boukensha
12308,4071,OP,OP1,TOMORROW
12309,4071,ED,ED1,Ouchi ni Kaeritai
12315,4072,OP,OP1,Gyakkyou☆Fuwaku☆Fraction
12316,4072,ED,ED1,Let's Go My House!!!
12318,4073,OP,OP1,Yukitoki
12319,4073,ED,ED1,Hello Alone
12320,4074,OP,OP1,Harumodoki
12321,4074,ED,ED1,Everyday World
12322,4075,OP,OP1,Megumi no Ame
12323,4075,ED,ED1,Diamond no Jundo
12324,4076,ED,ED1,Shinzou
12325,4077,OP,OP1,RAYS
12326,4077,ED,ED1,AVIATION
12327,4078,ED,ED1,Kumo wo Kou
12328,4079,ED,ED1,Shion
12338,4080,OP,OP1,Genjitsu Mysterium
12357,4080,ED,ED1,Kimi no Tame Boku no Tame
12339,4081,ED,ED1,"SINGING, DREAMING, NOW!"
12340,4081,ED,ED2,Wawawa☆What's up!
12341,4081,OP,OP1,Feel Alive
12343,4082,OP,OP1,Hitoshizuku
12344,4082,ED,ED1,Shiori
12345,4083,OP,OP1,Shiawase
12346,4083,ED,ED1,URL
12451,4083,ED,ED2,Dokuro Ninja Konoha
12347,4084,OP,OP1,Golden Ray
12348,4084,ED,ED1,Arrow
12349,4085,OP,OP1,AYAKASHI
12386,4085,ED,ED1,Flashback
12354,4086,OP,OP1,HONEY
12355,4086,ED,ED1,sugar
12352,4087,OP,OP1,Reset Life?
12353,4087,ED,ED1,HimiCHU★Pre-Love Magic
12358,4088,ED,ED1,FAKEit
12359,4089,ED,ED1,Clover
12364,4090,OP,OP1,"Please, please!"
12365,4090,ED,ED1,twilight little star
12362,4091,OP,OP1,One Room Adventure
12363,4091,ED,ED1,Mirai=Teleport
12366,4092,OP,OP1,Ta ga Tame
12367,4092,ED,ED1,Private Room
12368,4093,OP,OP1,Brand new day
12369,4093,ED,ED1,Fuumi Zekka
12370,4094,OP,OP1,Paraglider
12401,4094,ED,ED1,#Yume wa Mijikashi Koi Seyo Otome
12360,4095,OP,OP1,Inori no Uta
12361,4095,ED,ED1,Kaze to Iku Michi
12402,4096,OP,OP1,NAME
12403,4096,ED,ED1,Megane Go Round
12407,4097,OP,OP1,Fanfare
12408,4097,ED,ED1,Itsumo no Soup
12410,4098,OP,OP1,Anata no Soba ni.
12411,4098,ED,ED1,Vita Philosophica
12374,4100,OP,OP1,Crack - Crack - Crackle
12375,4100,ED,ED1,reversal
12371,4101,OP,OP1,Kyuuseishu
12414,4101,ED,ED1,PRIDE
12372,4102,OP,OP1,Ao no Sumika
12373,4102,ED,ED1,Akari
12461,4102,OP,OP2,SPECIALZ
12462,4102,ED,ED2,more than words
12378,4103,OP,OP1,Bug-chan
12379,4103,ED,ED1,A NEW DAY
12376,4104,OP,OP1,Hiten
12377,4104,ED,ED1,Kissaki
12516,4104,OP,OP2,Rurou no Katashiro
12517,4104,ED,ED2,Sonzai Shoumei
12380,4105,OP,OP1,Surprise
12416,4105,ED,ED1,door
12381,4106,OP,OP1,Renai Mili Film
12436,4106,ED,ED1,End Roll
12464,4106,ED,ED2,End Roll (Ballad Version)
12417,4107,OP,OP1,Kenka
12418,4107,ED,ED1,I'm
12459,4107,ED,ED2,Beyond fate
12382,4108,OP,OP1,No Frontier
12383,4108,ED,ED1,Wasurenagusa
12419,4109,OP,OP1,Ureu Kado ni wa Fuku Kitaru
12420,4109,ED,ED1,Hakai Zenya no Koto
12421,4110,OP,OP1,The last resort
12437,4110,ED,ED1,BLUE BUD
12388,4111,OP,OP1,Tomoshibi
12422,4111,ED,ED1,Shekenale
12389,4112,OP,OP1,Chase Me
12390,4112,ED,ED1,Tambourine no Naru Oka
12391,4113,OP,OP1,LIES GOES ON
12392,4113,ED,ED1,fakey merry game
12393,4114,OP,OP1,STARS
12394,4114,ED,ED1,Endroll
12395,4115,OP,OP1,Bonnou☆Paradise
12396,4115,ED,ED1,Oidemase! Mikazuki Tera
12423,4115,ED,ED2,Itsuka wa Mangetsu no You ni!
12438,4115,ED,ED3,Culture Gap Temptation
12424,4116,OP,OP1,Song of the Dead
12425,4116,ED,ED1,Happiness of the Dead
12397,4117,OP,OP1,Kimi to Revue
12398,4117,ED,ED1,Hoshikuzu Requiem
12426,4118,OP,OP1,Bravery? Naturally?
12427,4118,ED,ED1,Another Self
12434,4119,OP,OP1,spiral
12435,4119,ED,ED1,Musubime
12469,4119,ED,ED2,Hanasakimi
12399,4120,OP,OP1,Kakuriyo
12428,4120,ED,ED1,Haiiro
12489,4120,ED,ED2,Intaglio
12400,4121,ED,ED1,Masquerade Parade
12429,4122,ED,ED1,Eureka
12439,4122,OP,OP1,RAYTRACER
12404,4123,OP,OP1,It's My Soul
12405,4123,ED,ED1,Statice
12501,4123,OP,OP2,HELP
12502,4123,ED,ED2,Hikari
12409,4124,OP,OP1,Tetsu no Ori
12449,4124,ED,ED1,Kiseki
12412,4125,OP,OP1,Koi Sekai
12413,4125,ED,ED1,Toko Siesta
12432,4126,OP,OP1,Rakuen
12433,4126,ED,ED1,Nuisance
12450,4126,ED,ED2,Pausing Shutter
12458,4126,ED,ED3,Dress Heart Rouge
12460,4126,ED,ED4,Pureness×Careless
12475,4126,ED,ED5,Hana no Hi
12415,4127,OP,OP1,Hikari no Nai Machi
12431,4127,ED,ED1,bloomin'
12440,4128,OP,OP1,Koi no Uta (feat. Tsukasa Yuzaki)
12441,4128,ED,ED1,Tsuki to Hoshizora
12442,4129,ED,ED1,Tsuki to Hoshizora
12443,4130,OP,OP1,plan
12444,4130,ED,ED1,Guruguru Live
12457,4130,ED,ED2,Tsuki to Hoshizora
12447,4131,OP,OP1,Omens of Love
12448,4131,ED,ED1,Ensemble
12453,4132,OP,OP1,Chijou no Senshi
12454,4132,ED,ED1,Taboo
12455,4132,ED,ED2,Yoake Mae
12456,4132,ED,ED3,"Poisson ~ ""Cleopatra"" yori ~"
12466,4133,ED,ED1,Kanata Haluka
12467,4133,ED,ED2,Suzume feat. Toaka
12471,4134,OP,OP1,Sen
12472,4134,ED,ED1,homeward journey
12473,4135,OP,OP1,Suki ni Naccha Dame na Hito
12474,4135,ED,ED1,Magie X Magie
12476,4136,OP,OP1,Yuusha
12477,4136,ED,ED1,Anytime Anywhere
12478,4136,ED,ED1-TV,bliss
12663,4136,OP,OP2,Haru
12479,4137,OP,OP1,Anthropos
12480,4137,ED,ED1,Perfect World
12481,4138,ED,ED1,Stereo Sunset (Prod. AmPm)
12549,4138,OP,OP1,JUNGLE FIRE feat. MOTSU
12482,4139,OP,OP1,ROAR
12583,4139,ED,ED1,Rinkaku
12768,4139,OP,OP2,Kannousei Liberation
12769,4139,ED,ED2,Sora ni Shimeyuu
12483,4140,ED,ED1,MARCH
12484,4141,OP,OP1,BROKEN GAMES
12543,4141,ED,ED1,Ace
12682,4141,OP,OP2,Danger Danger
12683,4141,ED,ED2,Gajumaru ~Heaven in the Rain~
12544,4142,OP,OP1,AS ONE
12545,4142,ED,ED1,Moete Hero
13143,4142,OP,OP2,Fantasista
13144,4142,OP,OP3,Heart
12514,4143,OP,OP1,Naiteiinda
12515,4143,ED,ED1,Sasakure
12485,4144,OP,OP1,Sugar Doughnuts
12486,4144,ED,ED1,Welcome!
12547,4145,OP,OP1,Tailwind
12548,4145,ED,ED1,Good Luck
12487,4146,OP,OP1,Jekyll & Hyde
12488,4146,ED,ED1,Ao no Genseki
12490,4147,OP,OP1,Yuuma ga Doki
12491,4147,ED,ED1,Skyline
12492,4148,OP,OP1,Raise Your Hands!!  ~Raise Y/Our Hands!!~
12493,4148,ED,ED1,O.C. ~Optimum Combination~
12555,4148,ED,ED2,O.C. ~Optimum Combination~
12603,4148,ED,ED3,O.C. ~Optimum Combination~
12494,4149,OP,OP1,Netsuretsu*Love Call
12495,4149,ED,ED1,Cinematic
12595,4149,ED,ED2,Miracles
12615,4149,ED,ED3,Unknown Dimension
12616,4149,ED,ED4,BEAST
12617,4149,ED,ED5,Kiss kara Hajimaru I love you
12618,4149,ED,ED6,Desire
12622,4149,ED,ED7,Never Back Down
12637,4149,ED,ED8,Let's Get The Party Started
12642,4149,ED,ED9,Update
12496,4150,OP,OP1,Magic Writer
12497,4150,ED,ED1,Kibou no Recipe
12498,4151,ED,ED1,BaNG!!!
12565,4151,OP,OP1,RISE UP
12566,4151,ED,ED2,Every Day Every Night
12630,4151,ED,ED3,Fadeaway
12632,4151,ED,ED4,FΔBulous
12499,4152,OP,OP1,Semisweet Afternoon
12563,4152,ED,ED1,Lilac Melody
12645,4152,ED,ED2,Blessing -realize-
12500,4153,OP,OP1,White Noise
12567,4153,ED,ED1,Say My Name
12503,4154,OP,OP1,grayscale dominator
12568,4154,ED,ED1,Polaris in the Night
12596,4154,ED,ED2,Polaris in the Night
12600,4154,ED,ED3,Polaris in the Night
12605,4154,ED,ED4,Polaris in the Night
12619,4154,ED,ED5,Everything is Changing
12629,4154,ED,ED6,Darling in the Night
12646,4154,ED,ED7,HIGHEST
12504,4155,OP,OP1,Ikenai Etranger
12569,4155,ED,ED1,Graceful World
12507,4156,OP,OP1,Perfect World!!
12508,4156,ED,ED1,Janken Hoi!
12647,4156,ED,ED2,mirAI wave!
12520,4157,ED,ED1,Lost Shine
12570,4157,OP,OP1,Soshite Minna no
12571,4157,ED,ED2,Akogare Challenge Dash!!
12601,4157,ED,ED3,Sora no Hohoemikata
12614,4157,ED,ED4,Yume no Kotae
12640,4157,ED,ED5,Ambitious World
12650,4157,ED,ED6,Umapyoi Densetsu
12509,4158,OP,OP1,65535
12572,4158,ED,ED1,Link ~past and future~
12510,4159,OP,OP1,Scrap & Build
12511,4159,ED,ED1,Bleed My Heart
12505,4160,OP,OP1,Try-ry-ry
12506,4160,ED,ED1,Ganbare to Sakebu Tabi
12512,4161,OP,OP1,Nemurasareta Lineage
12513,4161,ED,ED1,fam
12518,4163,OP,OP1,Hyper
12519,4163,ED,ED1,Himitsu
12521,4164,OP,OP1,SIN
12575,4164,ED,ED1,Suki ni Natte wa Ikenai Riyuu
12634,4164,ED,ED2,Kirakirakyu!
12522,4165,OP,OP1,Entertainment
12523,4165,ED,ED1,Kasumi no Mukou e
12524,4166,OP,OP1,Love You Tender!
12576,4166,ED,ED1,Aikotoba
12525,4167,OP,OP1,RISE FROM DEAD
12526,4167,ED,ED1,Next Stage
12579,4167,ED,ED2,Next Stage
12788,4167,ED,ED3,Next Stage
12789,4167,ED,ED4,Next Stage
12790,4167,ED,ED5,Next Stage
12791,4167,ED,ED6,Next Stage
12792,4167,ED,ED7,Hoodstar+
12527,4168,OP,OP1,ACHE in PULSE
12528,4168,ED,ED1,R.I.P.
12633,4168,ED,ED2,Fleeting Wish
12529,4169,OP,OP1,Kieru made
12530,4169,ED,ED1,Prayer
12531,4170,OP,OP1,Dramatic ni Koi Shitai
12532,4170,ED,ED1,Forira
12533,4171,OP,OP1,Inochibi
12580,4171,ED,ED1,Puzzle
12781,4171,ED,ED2,Ryuugoroshi no Eiyuu no Uta
12534,4172,OP,OP1,Kura Kura
12535,4172,ED,ED1,Todome no Ichigeki
12536,4173,OP,OP1,Planetaria
12537,4173,ED,ED1,Hanataba
12538,4174,OP,OP1,Happy End Princess
12539,4174,ED,ED1,Queen of the Night
12540,4175,OP,OP1,S9aiR
12590,4175,ED,ED1,Another Complex
12541,4176,OP,OP1,Tokimeki
12542,4176,ED,ED1,Shizuku no Precure
12546,4177,ED,ED1,Sweet Sign
12592,4177,OP,OP1,Daidaidaidaidaisuki na Kimi e♡
12643,4177,ED,ED2,Kyou no Ending wa Watashi ga Kaitotta kara Suki ni shite Ii wa yo ne♡
12550,4178,OP,OP1,Ikenai fool logic
12551,4178,ED,ED1,Lip Sync
12552,4179,OP,OP1,Ten to Sen
12553,4179,ED,ED1,Tentaizu
12554,4180,OP,OP1,Unknown no Shikisai
12593,4180,ED,ED1,Ride Out the Fall
12624,4180,ED,ED4,Goodbye・Boy
12625,4180,ED,ED5,Summer Blessing
12626,4180,ED,ED6,Matsubokkuri solo version
12627,4180,ED,ED2,Ride Out the Fall
12628,4180,ED,ED3,Ride Out the Fall
12635,4180,ED,ED7,Ride Out the Fall
12636,4180,ED,ED8,Ride Out the Fall
12641,4180,ED,ED9,Ride Out the Fall
12767,4180,ED,ED10,Ride Out the Fall
12556,4181,OP,OP1,Shiny Girl
12594,4181,ED,ED1,Shiritai Kimochi
12599,4181,ED,ED2,Kimi dake ga Hero
12602,4181,ED,ED3,Watashi no Aoi Sora ~As I am~
12557,4182,OP,OP1,1000-nen Ai
12558,4182,ED,ED1,Yururi
12559,4183,OP,OP1,Scrap Art
12560,4183,ED,ED1,Hope
12561,4184,OP,OP1,Love is Show
12562,4184,ED,ED1,heart notes
12564,4185,ED,ED1,Koi! Koi Koi
12573,4186,OP,OP1,Haruka
12574,4186,ED,ED1,Suki ni Shina yo
12577,4187,OP,OP1,01
12578,4187,ED,ED1,know me...
12748,4187,OP,OP2,Love Call
12749,4187,ED,ED2,Kono Ai ni Kanau Mon wa Nai
12581,4188,OP,OP1,Red Liberation
12582,4188,ED,ED1,Nemurenai feat. Tomori Kusunoki
12584,4189,OP,OP1,GET BACK
12585,4189,ED,ED1,6 wo Naderu
12586,4190,OP,OP1,Watashi ga Warau Riyuu wa
12587,4190,ED,ED1,Hitori ja Nai yo
12588,4191,OP,OP1,tailwind
12589,4191,ED,ED1,Love is a potion
12591,4192,OP,OP1,Rat A Tat!!!
12612,4192,ED,ED1,Seven Count
12620,4192,ED,ED2,Umikaze to Castanet
12631,4192,ED,ED3,catch my feeling
12649,4192,ED,ED4,Brand New Theater!
12597,4193,OP,OP1,Hana ni Natte
12598,4193,ED,ED1,Aikotoba
12676,4193,OP,OP2,Ambivalent
12677,4193,ED,ED2,Ai wa Kusuri
12606,4194,OP,OP1,Nameless Story
12607,4194,ED,ED1,Another colony
12608,4194,OP,OP2,Meguru Mono
12609,4194,ED,ED2,Little Soldier
12610,4195,OP,OP1,Hikari Hanatsu
12611,4195,ED,ED1,Kokoro Travel
12613,4196,ED,ED1,Summer Ghost
12621,4197,ED,ED1,Princess Durandal
12638,4198,OP,OP1,VORTEX
12639,4198,ED,ED1,THE TIDES
12648,4199,ED,ED1,Fukashigi no Karte
12651,4200,OP,OP1,Apocalypse Day
12652,4200,ED,ED1,Tadaima feat. EXILE NESMITH
12653,4201,OP,OP1,Cotton Days
12654,4201,ED,ED1,Fuwafuwa party Tsurarete happy
12703,4202,OP,OP1,Easy? Hard? Shikashite Susume!
12704,4202,ED,ED1,Dareka ja Nai kara
12765,4202,ED,ED2,Friend Fanfare
12655,4203,OP,OP1,My dream girls
12656,4203,ED,ED1,Toge Toge Sadistic
12780,4203,ED,ED2,Toge Toge Sadistic
12657,4204,OP,OP1,Yume no Ito
12658,4204,ED,ED1,CHA∞IN
12659,4205,OP,OP1,Killer Bars
12660,4205,ED,ED1,Haze
12661,4206,OP,OP1,IMMORTAL
12662,4206,ED,ED1,Keep Your Fire Burning
12664,4207,OP,OP1,Setsugetsu Fuuka
12665,4207,ED,ED1,Sugar Spot
12666,4208,OP,OP1,Hoozuki
12667,4208,ED,ED1,Aiko
12668,4209,OP,OP1,Yuki no Oto
12669,4209,ED,ED1,snowspring
12670,4210,OP,OP1,Lover's Eye
12671,4210,ED,ED1,Kokoro no Naka
12672,4211,OP,OP1,Bling-Bang-Bang-Born
12673,4211,ED,ED1,Tokyo's Way!
12674,4212,OP,OP1,Boku wa...
12675,4212,ED,ED1,Koishiteru Jibun Sura Aiserunda
12678,4213,OP,OP1,Brave
12679,4213,ED,ED1,Yume no Naka de
12684,4214,OP,OP1,routine life
12685,4214,ED,ED1,"Michibiki, Sasagete"
12787,4214,ED,ED2,Iki wo Suu Koko de Suu Ikiteku
12686,4215,OP,OP1,Yuuho
12687,4215,ED,ED1,Kyuusoku Juuden
12688,4216,OP,OP1,Showdown
12689,4216,ED,ED1,Hakuchuumu
12690,4217,OP,OP1,Aire
12691,4217,ED,ED1,Drifters
12692,4218,OP,OP1,Utopia
12693,4218,ED,ED1,Aa Jinsei ni Namida Ari
12732,4218,ED,ED2,My Factor
12801,4218,OP,OP2,Reversal
12802,4218,ED,ED3,Joshiki Hazure Human
12938,4218,ED,ED4,Aa Jinsei ni Namida Ari
12694,4219,OP,OP1,Otowa
12695,4219,ED,ED1,Gift
12696,4220,OP,OP1,Massakasa Magic!
12697,4220,ED,ED1,Ashita wa Ashita no Kaze ga Fuku
12698,4221,OP,OP1,Ray of Light
12735,4221,OP,OP2,LOVE or HATE?
12736,4221,ED,ED1,Suki ga Levechi
12699,4222,OP,OP1,Shura ni Otoshite
12700,4222,ED,ED1,Hakka
12701,4223,OP,OP1,believer
12702,4223,ED,ED1,Listen
12705,4224,OP,OP1,Minor Piece
12706,4224,ED,ED1,Konse Daikakumei
12766,4224,ED,ED2,Fixer
12782,4224,ED,ED3,Caste Room
12707,4225,OP,OP1,Hajimete wa Zenbu Kimi ga Ii
12708,4225,ED,ED1,Magical Love
12709,4226,OP,OP1,Sleep Walking Orchestra
12710,4226,ED,ED1,Party!!
12811,4226,OP,OP2,Unmei
12812,4226,ED,ED2,Kirakira no Hai
12711,4227,OP,OP1,Overscientific!
12741,4227,ED,ED1,SCIENCE
12712,4228,OP,OP1,"Lock On feat. Hashimero, Megurimeguru"
12713,4228,ED,ED1,"Kaminari Sakura feat. 9Lana, SAKURAmoti"
12866,4228,OP,OP2,"By My Darling feat. Maria Miki, Nito."
12867,4228,ED,ED2,"Haru Magai feat. Ayuni D, Nito."
12714,4229,OP,OP1,Soumonka
12744,4229,ED,ED1,Hikari no Trill
12715,4230,OP,OP1,FLY
12745,4230,ED,ED1,Aimai Girl
12716,4231,ED,ED1,because
12746,4231,OP,OP1,Hate no Nai Tabi
12717,4232,OP,OP1,Cure
12718,4232,ED,ED1,Green jade
12719,4233,OP,OP1,"Uraomote Aquarium feat. RIRIKO, Ryohei Sataka"
12720,4233,ED,ED1,Olivia wo Kikinagara
12747,4233,ED,ED2,Nagai Yoru
12759,4233,ED,ED3,Silhouette Romance
13149,4233,ED,ED4,Survival
13150,4233,ED,ED5,SF Love Story
13151,4233,ED,ED6,"A, Mujou"
13152,4233,ED,ED7,Lonely Chaplin
13153,4233,ED,ED8,Friends
13154,4233,ED,ED9,Hoshizora no Distance
13155,4233,ED,ED10,Me wo Tojite Oideyo
13156,4233,ED,ED11,Yume wo Shinjite
13157,4233,ED,ED12,Kassai
13158,4233,ED,ED13,Koi no Vacation
12721,4234,OP,OP1,Sesame
12722,4234,ED,ED1,Love Je t'aime
12723,4235,OP,OP1,LEveL
12724,4235,ED,ED1,request
12924,4235,OP,OP1-TV,LEveL
12725,4236,OP,OP1,Eye's Sentry
12726,4236,ED,ED1,Gakkyuu Nisshi
12727,4237,OP,OP1,Another Birthday
12728,4237,ED,ED1,Kienai
12729,4238,OP,OP1,Hikarakka
12730,4238,ED,ED1,Dakishimete
12731,4239,ED,ED1,Nitari
12733,4240,OP,OP1,Namara Menkoi Gal
12734,4240,ED,ED1,Wayawayawaa!
12737,4241,OP,OP1,Rouge
12738,4241,ED,ED1,Scarlet
12739,4242,OP,OP1,HIBANA
12740,4242,ED,ED1,Yuuyami no Uta
12742,4243,OP,OP1,Baban to Suisan! Bang Bravern
12743,4243,ED,ED1,Souen no Shouzou
12793,4243,ED,ED2,Baban to Suisan! Bang Bravern
12750,4244,OP,OP1,Kirifuda
12751,4244,ED,ED1,Ryouyoku no Brilliance
12752,4245,OP,OP1,Douka
12753,4245,ED,ED1,RULERS
12754,4246,OP,OP1,Turn the World
12755,4246,ED,ED1,Dear Panta Rhei
12756,4247,OP,OP1,Alexithymia Spare
12757,4247,ED,ED1,Toujisha
12760,4248,OP,OP1,Moonlight Densetsu
12761,4248,ED,ED1,Tsuki no Hana
12762,4249,OP,OP1,Sailor Star Song
12763,4249,ED,ED1,Tsuki no Hana
12764,4249,ED,ED2,Moonlight Densetsu
12770,4250,OP,OP1,Wonderful Precure! evolution!!
12771,4250,ED,ED1,FUN☆FUN☆Wonderful DAYS!
13028,4250,ED,ED2,Shiawase Evolution ♡ ~Komugi & Iroha Ver.~
13065,4250,ED,ED3,Shiawase Evolution ♡ ~Yuki & Mayu Ver.~
13180,4250,ED,ED4-TV,Happy≒Future
13484,4250,ED,ED4,Wonderful Smile
12772,4251,OP,OP1,Gotoubun no Mirai
12773,4251,ED,ED1,Takaramono
12774,4252,OP,OP1,UP TO ME!
12775,4252,ED,ED1,Friends Are For
12776,4252,OP,OP2,Your Key
12777,4252,ED,ED2,Mikansei
12778,4253,OP,OP1,
12779,4253,ED,ED1,Kalinka
12783,4254,OP,OP1,Vengeance
12784,4254,ED,ED2,Eye Openers
12945,4254,ED,ED1,Vengeance
12946,4254,ED,ED3,Unbroken
12947,4254,ED,ED4,Chain Reaction
12785,4255,OP,OP1,Prove
12786,4255,ED,ED1,ZOOM ZOOM
13688,4255,OP,OP2,YOU GOTTA RUN
13689,4255,ED,ED2,Cosmic Treat
13690,4255,OP,OP3,Rise
13691,4255,ED,ED3,Stay Gold
14421,4255,OP,OP4,Invincible
14422,4255,ED,ED4,Uzu
14603,4255,ED,ED5,Youth
12794,4256,OP,OP1,Kimiiro no Kiseki
12878,4256,ED,ED1,Sunny Canvas
12797,4258,OP,OP1,GA-TAN GO-TON
12798,4258,ED,ED1,Eureka
12799,4259,OP,OP1,Into the Fire
12800,4259,ED,ED1,Sadame
12803,4260,OP,OP1,Kyunrious
12804,4260,ED,ED1,Happy no Hiketsu
12805,4261,OP,OP1,Tabi no Yukue
12806,4261,ED,ED1,Andante
12913,4261,OP,OP1-EN,Tabi no Yukue
12976,4261,OP,OP2,Sign
12977,4261,ED,ED2,Ringo to Kimi
12809,4262,OP,OP1,Whatever Happens
12810,4262,ED,ED1,DAYBREAK
12807,4263,OP,OP1,Stardust Memory
12808,4263,ED,ED1,Spica
12813,4265,OP,OP1,Laid Back Journey
12814,4265,ED,ED1,So Precious
12815,4266,OP,OP1,Zettai Reido
12816,4266,ED,ED1,Muteki
12817,4267,OP,OP1,Wakaranai Ai
12818,4267,ED,ED1,Blue Star
12819,4268,OP,OP1,Kimi no Sei
12820,4268,ED,ED1,Every Second
12821,4269,OP,OP1,Gifu ni ted
12822,4269,ED,ED1,Konban no Kenka
12823,4270,ED,ED1,Nijigasaki Gakuen Kouka (Rock Ver.)
12824,4271,OP,OP1,PEACEKEEPER
12825,4271,ED,ED1,Believer
12955,4271,OP,OP2,Renasale Serenade
12956,4271,ED,ED2,Miracle soup
13168,4271,ED,ED3,PEACEKEEPER
12826,4272,OP,OP1,"Zattou, Bokura no Machi"
12827,4272,ED,ED1,Kara no Hako
12875,4272,ED,ED2,Dare ni mo Narenai Watashi Dakara
12909,4272,ED,ED3,Koe Naki Sakana
12929,4272,ED,ED4,Shikai no Sumi Kuchiru Oto
12937,4272,ED,ED5,Na mo Naki Nanimo Kamo
12951,4272,ED,ED6,Kuuhaku to Catharsis
12828,4273,OP,OP1,Habatake
12829,4273,ED,ED1,Let's Swing
12830,4274,OP,OP1,Professionalism feat. Hannya
12831,4274,ED,ED1,Odd Numbers
13056,4274,OP,OP2,Switch
13057,4274,ED,ED2,BEYOND feat. MaRI
12832,4275,OP,OP1,Obake Himawari
12833,4275,ED,ED1,Iro no Naka
12834,4276,OP,OP1,Senkou Hayabusa
12897,4276,ED,ED1,HOPE!HOPE!HOPE!
13469,4276,ED,ED2,KO. DA. MA.
13470,4276,ED,ED3,Seagull
12835,4277,OP,OP1,Cinematic Parade
12836,4277,ED,ED1,Etoile Mémoire
12954,4277,ED,ED2,Nocturne
12958,4277,ED,ED3,Mangetsu to Silhouette no Yoru ~Wedding Ver.~
12837,4278,OP,OP1,Blue Days
12892,4278,ED,ED1,Finally
12838,4279,OP,OP1,Disco Kid
12884,4279,OP,OP2,ReCoda
12885,4279,ED,ED1,Neiro no Kanata
12928,4279,ED,ED2,Ai no Aisatsu
12972,4279,ED,ED3,Hibike! Euphonium e D.C. al fine
12839,4280,OP,OP1,Kimi ga Ojii-chan Atashi ga Obaa-chan
12840,4280,ED,ED1,Soitoge YO-YO!!
12841,4281,OP,OP1,Sugar Blood Kiss
12922,4281,ED,ED1,Mata Ashita
12842,4282,ED,ED1,I'm GAME!
12898,4282,OP,OP1,NewGame
12843,4283,ED,ED1,Utopia Gaku Gairon
12899,4283,OP,OP1,Danna-sama to no Love Love Love Song
12844,4284,OP,OP1,Zenryoku Joshi Kakumei!
12845,4284,ED,ED1,Himitsu dakedo ne
12846,4285,OP,OP1,Futatsu no Kotoba
12847,4285,ED,ED1,Tsunagiai
12848,4286,OP,OP1,Windshifter
12900,4286,ED,ED1,Override!
12849,4287,OP,OP1,Lilac
12850,4287,ED,ED1,Wasurena Uta
12851,4288,OP,OP1,Yobigoe
12852,4288,ED,ED1,blan_
12853,4289,OP,OP1,EVOLVE
12854,4289,ED,ED1,Meritocracy
12855,4290,ED,ED1,STAND BY YOU
12902,4290,OP,OP1,Now On Air
12856,4291,ED,ED1,Gekkouyoku
12857,4292,OP,OP1,Hazard Symbol
12858,4292,ED,ED1,Shuku Somete Shinzou
12859,4293,OP,OP1,Growing Up
12901,4293,ED,ED1,Ano Hi no Mama no Bokura
12860,4294,OP,OP1,Wild Boy
12861,4294,ED,ED1,Viral Hack
12862,4295,ED,ED1,Hitohira
12903,4295,OP,OP1,Paradoxes
14700,4295,ED,ED2,Paradoxes
12863,4296,ED,ED1,Make Me Feel Better
12864,4297,OP,OP1,Sun Is Coming Up
12865,4297,ED,ED1,Mimosa
12868,4298,OP,OP1,Never Say Goodbye
12869,4298,ED,ED1,Enter Enter MISSION! Saishuushou ver.
12870,4299,ED,ED1,Enter Enter MISSION! Saishuushou ver.
12871,4300,OP,OP1,Hohoemi Note
12872,4300,ED,ED1,Kokoro no Kagi
12873,4301,OP,OP1,Shouted Serenade
12874,4301,ED,ED1,recall
13382,4301,ED,ED2,Snow Noir
13383,4301,ED,ED3,Shion no Hanataba wo
12876,4302,OP,OP1,Tsubasa Gravity
12877,4302,ED,ED1,Babel City Grace
12910,4302,ED,ED2,Alstroemeria
12926,4302,ED,ED3,Yumesaki After school
12930,4302,ED,ED4,Hikari no destination
12944,4302,ED,ED5,Spread the Wings!! (Off Vocal)
12957,4302,ED,ED6,Multicolored Sky
12879,4303,OP,OP1,Follow your arrows
12915,4303,ED,ED1,Gifty
12943,4303,ED,ED2,Meritocracy
14606,4303,ED,ED3,Itarazu
14607,4303,ED,ED4,Okujou no Melody
12880,4304,OP,OP1,poi
12881,4304,ED,ED1,Tokoshie
12882,4305,OP,OP1,Irodori
12883,4305,ED,ED1,1-nichi wa 25-jikan.
12914,4305,ED,ED2,Saikyou Girl
12927,4305,ED,ED3,Tsuki no Ondo
12931,4305,ED,ED4,Shibuya Aquarium
12886,4306,OP,OP1,Jikai Yokoku
12887,4306,ED,ED1,Seikai wa Iranai
12888,4307,OP,OP1,Unmei-chan
12889,4307,ED,ED1,fam!
13087,4307,OP,OP2,Secret Operation
13088,4307,ED,ED2,Kekkon Koushinkyoku
12890,4308,OP,OP1,on the front line
12891,4308,ED,ED1,Mamoritai Mono
12923,4308,ED,ED2,Tsubasa
12973,4308,ED,ED3,Kage Kurabe no Uta
12893,4309,OP,OP1,Do or Die
12894,4309,ED,ED1,HEAVY GAMER
12895,4310,OP,OP1,Seishun no Archive
12896,4310,ED,ED1,Mahiru no Sora no Tsuki
12904,4311,OP,OP1,RED
12905,4311,ED,ED1,Shambles
12908,4313,OP,OP1,Maou
12925,4313,ED,ED1,Shingetsu
12911,4314,OP,OP1,ADRENALIZED
12912,4314,ED,ED1,Fanfare
12916,4315,OP,OP1,Abyss
12917,4315,ED,ED1,Nobody
12918,4316,OP,OP1,Kyoushinsha no Parade - The Parade of Battlers
12919,4316,ED,ED1,Shokuzai
12920,4317,OP,OP1,Sekai wo Inuite
12921,4317,ED,ED1,Kanataboshi
12932,4318,OP,OP1,Ta ga Tame
12933,4318,ED,ED1,Tsubomi
13058,4318,OP,OP2,Curtain Call
13059,4318,ED,ED2,Rokutousei
12934,4319,OP,OP1,Bon Bon Bon
12935,4319,ED,ED1,Tears in the sky
12936,4320,OP,OP1,Mugen
12939,4320,ED,ED1,Tokoshie
12948,4321,OP,OP1,My Dear SiSTARS!
12949,4321,ED,ED1,Oogesa ni Ai to Yobunda
12952,4322,OP,OP1,Ponpopopon
12953,4322,ED,ED1,Good Luck Waker
12959,4323,OP,OP1,Ctrl C
12960,4323,ED,ED1,I still
12961,4324,OP,OP1,Shinsekai Yori
12962,4324,ED,ED1,ZeZeZeZettai Seiiki
13146,4324,ED,ED2,Seishun Ohka
12963,4325,OP,OP1,FIGHT & PRIDE
12964,4325,ED,ED1,CRY BOY
12965,4326,ED,ED1,gifted
12966,4327,OP,OP1,Unmei-sen de Dakishimete
12967,4327,ED,ED1,Oishii Serenade
12968,4328,OP,OP1,Another World
12969,4328,ED,ED1,Go-Getters
12970,4329,OP,OP1,Okaerinasai
12971,4329,ED,ED1,Wave
12974,4330,OP,OP1,WILLSHINE
12975,4330,ED,ED1,Soba ni Iru yo
13072,4330,ED,ED2,Tsukikagari
13097,4330,ED,ED3,Bokura no Love & Peace
13119,4330,ED,ED4,Uripuka
13125,4330,ED,ED5,Angel In Black
13137,4330,ED,ED6,One Day A Boy
13162,4330,ED,ED7,Tsukikagari ~Mangetsu ver.~
12978,4331,OP,OP1,Kouya ni Sake yo Boukensha-tachi
13040,4331,ED,ED1,Sagashi Mono
12979,4332,OP,OP1,Emperor Time
12980,4332,ED,ED1,GAME OVER
13275,4332,OP,OP2,Fly Higher
13276,4332,ED,ED2,REASONS
12981,4333,OP,OP1,1-ban Kagayaku Hoshi
12983,4333,ED,ED1,Gakuen Tengoku
13047,4333,ED,ED2,Kawaikute Gomen
13074,4333,ED,ED3,Omoide ga Ippai
13083,4333,ED,ED4,Hare Hare Yukai
13103,4333,ED,ED5,Chiisana Koi no Uta
13114,4333,ED,ED6,Himitsu no Kotoba
13120,4333,ED,ED7,Love Story wa Totsuzen ni
13133,4333,ED,ED8,CHE.R.RY
13139,4333,ED,ED9,World Is Mine
13142,4333,ED,ED10,Koi no Uta
13160,4333,ED,ED11,Kimagure Romantic
13163,4333,ED,ED12,Hanamoyoi
12986,4334,OP,OP1,Fatal
12987,4334,ED,ED1,Burning
12988,4335,OP,OP1,Just Fly Away
12989,4335,ED,ED1,Sweet True Love
12990,4335,OP,OP2,Return to myself
12991,4335,ED,ED2,Samba da Bacchiguu
12992,4336,OP,OP1,Asu no Egao no Tame ni
12993,4336,ED,ED1,Kyou kara Asu e
12994,4337,OP,OP1,Tenshi-tachi no Uta
13085,4337,ED,ED1,Suisou no Buranko
12995,4338,OP,OP1,Blouse
12996,4338,ED,ED1,Ad-lib
13176,4338,ED,ED2,Blouse
12997,4339,OP,OP1,Crank Up
12998,4339,ED,ED1,Unchain×Unchain
12999,4340,OP,OP1,Akaneko
13000,4340,ED,ED1,Honjitsu no Osusume
13001,4341,OP,OP1,AMBITION
13002,4341,ED,ED1,No Gifted
13003,4342,OP,OP1,Charge!
13004,4342,ED,ED1,Nacchatta!
13005,4343,OP,OP1,Wagamama
13006,4343,ED,ED1,Are ga Koi Datta no kana feat. nishina
13007,4344,OP,OP1,Shutter Chance
13008,4344,ED,ED1,Watch Me
13170,4344,OP,OP2,Tsugihagi no Tsubasa
13171,4344,ED,ED2,Release Sigh
13009,4345,OP,OP1,Black Box
13010,4345,ED,ED1,Hai to Inori
13169,4345,ED,ED2,Weight of the World/Kowareta Sekai no Uta
13011,4346,OP,OP1,Micro Revolution
13012,4346,ED,ED1,Blueprint
13013,4347,ED,ED1,LOOP
13055,4347,OP,OP1,No Complete
13014,4348,OP,OP1,Shukumei
13015,4348,ED,ED1,Panorama
13016,4349,OP,OP1,Chiisana Tsubomi
13017,4349,ED,ED1,Glitter
13018,4350,OP,OP1,Up Start
13019,4350,ED,ED1,Strobe Fantasy
13145,4350,ED,ED2,MOVE ON BABY
13020,4351,ED,ED1,UNDEAD
13075,4351,OP,OP1,caramel ribbon cursetard
13174,4351,OP,OP2,Banshi no Theme
13339,4351,OP,OP1-BD,icecream°
13677,4351,OP,OP3-BD,Suicidal Tendency
13021,4352,ED,ED1,Minna DE Diet
13060,4352,OP,OP1,Fried☆Pride
13061,4352,ED,ED2,Minna DE Diet
13076,4352,ED,ED3,Minna DE Diet
13086,4352,ED,ED4,Minna DE Diet
13110,4352,ED,ED5,Minna DE Diet
13116,4352,ED,ED6,Minna DE Diet
13122,4352,ED,ED7,Minna DE Diet
13135,4352,ED,ED8,Minna DE Diet
13022,4353,OP,OP1,Harebare!
13023,4353,ED,ED1,ORIGAMI
13077,4353,ED,ED2,Yanato Taueuta
13024,4354,OP,OP1,Plan A
13025,4354,ED,ED1,Kamakura STYLE
13026,4355,OP,OP1,Sweet Memory
13027,4355,ED,ED1,Itokenai
13029,4356,OP,OP1,Story
13030,4356,ED,ED1,Tomo yo Koko de Sayonara da
13290,4356,OP,OP2,Endless Happy-Ending
13291,4356,ED,ED2,ties
13031,4357,OP,OP1,Fire and Fear
13066,4357,ED,ED1,Frozen
13167,4357,ED,ED2,Wistoria: Wand and Sword (Vocal ver.)
13032,4358,OP,OP1,Shika-iro Days
13033,4358,ED,ED1,Shika Senbei no Uta
13166,4358,ED,ED2,Yasei no Shika
13034,4359,OP,OP1,RISE UP
13035,4359,ED,ED1,BELIEVE
13036,4360,OP,OP1,Cheer for you!
13037,4360,ED,ED1,with
13082,4360,ED,ED2,YOU for YOU
13164,4360,ED,ED3,Hana ni Nare
13038,4361,OP,OP1,Virtual・Showtime!
13039,4361,ED,ED1,Champagne ni Narikirenai Watashi wo
13067,4361,ED,ED2,Otoko to Onna No Love Game
13079,4361,ED,ED3,Sweet Magic
13091,4361,ED,ED4,Live Start
13111,4361,ED,ED5,Odoru Akachan Ningen
13117,4361,ED,ED6,Futatsu no Hoshi
13124,4361,ED,ED7,Not Bocchi... Natsu
13136,4361,ED,ED8,Cobalt Memories
13141,4361,ED,ED9,Sorairo no Yubisaki
13159,4361,ED,ED10,2001-nen Game Kiss
13161,4361,ED,ED11,Fuyu no Hi no Étranger
13165,4361,ED,ED12,Live Start ALL STAR ver.
13041,4362,OP,OP1,Yuru Ring Travel days
13042,4362,ED,ED1,MAKUAKE
13043,4363,ED,ED1,P-P-P-PERO
13044,4364,OP,OP1,Mikansei Rendezvous
13045,4364,ED,ED1,Itsumo Futari ga Ii ne
13046,4365,OP,OP1,Shura Nikki
13073,4365,ED,ED1,"Sayonara, Subarashiki Sekai yo"
13048,4366,OP,OP1,Parallel na Heart
13049,4366,ED,ED1,Honey Citron -Strings Arrange-
13084,4366,ED,ED2,Honey Citron
13050,4367,OP,OP1,Senaka Awase
13118,4367,ED,ED1,Para Bellum
13051,4368,OP,OP1,Gimi Gimi
13052,4368,ED,ED1,Henshuu-ten
13099,4368,ED,ED2,Kimi e
13138,4368,ED,ED3,Night Diver
13053,4369,ED,ED1,pray
13098,4369,OP,OP1,Hazure
13054,4370,OP,OP1,FACELESS
13121,4370,ED,ED1,I LUV U 2
13062,4371,ED,ED1,LOVE 2000
13078,4371,OP,OP1,Tsuyogaru Girl feat. Mossa (Necry Talkie)
13115,4371,ED,ED2,CRAZY FOR YOU
13140,4371,ED,ED3,feel my soul
13175,4371,ED,ED4,Tsuyogaru Girl feat. Mossa (Necry Talkie)
13063,4372,OP,OP1,Kaishin no Ichigeki
13064,4372,ED,ED1,Protect You
13068,4373,OP,OP1,Running In My Head
13069,4373,ED,ED1,Rozé (Prod.TeddyLoid)
13070,4374,OP,OP1,LOVE & JUSTICE
13092,4374,ED,ED1,Choujin
13071,4375,ED,ED1,GHOST
13080,4376,OP,OP1,Ano Hikari
13081,4376,ED,ED1,YES to NO no Ma ni
13123,4376,ED,ED2,Dear Moments
13224,4376,ED,ED3,Hikari Hanate!
13089,4377,OP,OP1,Bon Bon Bon
13090,4377,ED,ED1,Tears in the sky
13093,4378,OP,OP1,KATAWARA
13094,4378,ED,ED1,Yoru no Manima
13272,4378,ED,ED3,Banri Ikku
13274,4378,ED,ED2,Surechigai
13095,4379,OP,OP1,Sekai Rinne
13096,4379,ED,ED1,Togirenaide
13147,4379,ED,ED2,"Ai, Amnesia"
13148,4379,ED,ED3,UMBRA
13100,4380,OP,OP1,NEW DAWN
13101,4380,ED,ED1,La Muse perdue
13102,4380,ED,ED2,Disappear
13104,4381,ED,ED1,Fukashigi no Karte
13105,4382,ED,ED1,Hikari no Ato
13106,4382,ED,ED2,SOULSOUP
13107,4383,OP,OP1,The Battle
13108,4384,OP,OP1,U
13109,4384,ED,ED1,Hanarebanare no Kimi e (reprise)
13112,4385,OP,OP1,LOVE ROCKETS
13113,4385,ED,ED1,Dai Zero Kan
13126,4386,OP,OP1,Et cetera
13127,4386,ED,ED1,First Song Kimi ni Todoke!
13128,4386,ED,ED2,Natsu no Oto
13129,4386,ED,ED3,Everything Is but a Passing Point
13130,4386,ED,ED4,Second Dance
13131,4386,ED,ED5,Que Sera Sera
13132,4387,ED,ED1,Future is Yours
13134,4388,ED,ED1,UNDEAD
13172,4389,OP,OP1,Ashita Sekai ga Owaru Toshitemo
13173,4389,ED,ED1,Clansick feat. Yuuho Kitazawa
13177,4390,OP,OP1,Feel My Pain
13178,4390,ED,ED1,NANI?
13179,4391,ED,ED1,Dojoji No Kotoriuta
13181,4392,ED,ED1,Familiar
13239,4392,OP,OP1,SKILLAWAKE
13182,4393,ED,ED1,Kimi ni Koi wo Musunde
13256,4393,OP,OP1,Yawaku Koishite ~Zutto Bokura de Iraremasu You ni~
13464,4393,OP,OP2,Pray Pray Pray
13465,4393,ED,ED2,Kamisama no Iu Toori!
13183,4394,OP,OP1,Tactics
13184,4394,ED,ED1,Liberation
13185,4395,OP,OP1,Baddododo
13186,4395,ED,ED1,Wacchuane?
13187,4396,OP,OP1,LUCID DREAM
13188,4396,ED,ED1,I to U
13189,4397,OP,OP1,Fragum
13190,4397,ED,ED1,Reversible Baby
13191,4398,ED,ED1,Reweave
13269,4398,OP,OP1,Reweave
13270,4398,ED,ED2,NOX LUX
13328,4398,ED,ED3,I Trust You
13578,4398,ED,ED4,Priestella no Kimi yo
13192,4399,OP,OP1,Wake up
13273,4399,ED,ED1,GLANZ
13193,4400,OP,OP1,Fuuka
13194,4400,ED,ED1,Koufuku no Susume
13195,4401,OP,OP1,Same Blue
13196,4401,ED,ED1,Teenage Blue
13348,4401,OP,OP2,Shikaraba
13349,4401,ED,ED2,Contrast
13197,4402,OP,OP1,Otonoke
13198,4402,ED,ED1,TAIDADA
13199,4403,OP,OP1,Shounen
13200,4403,ED,ED1,Hydrate
13201,4404,OP,OP1,Kinokoinu
13202,4404,ED,ED1,Heart b-b-beat!!
13203,4405,OP,OP1,ODD NUMBER
13204,4405,ED,ED1,Hello to Goodbye
13205,4406,OP,OP1,Together Forever
13279,4406,ED,ED1,Kimi to Mita Keshiki
13206,4407,OP,OP1,VORTEX
13207,4407,ED,ED1,karma
13340,4407,ED,ED2,arma
13208,4408,OP,OP1,Beat the odds
13209,4408,ED,ED1,Unbelievable
13427,4408,OP,OP2,over the top
13428,4408,ED,ED2,EGOIST
13210,4409,OP,OP1,Iranai mono
13211,4409,ED,ED1,Suikou Setten
13425,4409,OP,OP2,BURN
13426,4409,ED,ED2,Tada Hitotsu
13212,4410,ED,ED1,Little Dancer
13282,4410,OP,OP1,GG
13337,4410,ED,ED2,Toxic
13338,4410,ED,ED3,Overclock
13341,4410,ED,ED4,Oh UnHappy Day
13213,4411,OP,OP1,Order Made
13214,4411,ED,ED1,Workout
13215,4412,OP,OP1,Prism Flare
13283,4412,ED,ED1,Wandering Dream Chaser
13216,4413,OP,OP1,Collage
13284,4413,ED,ED1,Shunkan Saidai Fuusoku
13217,4414,OP,OP1,Merry-Go-Round Time
13218,4414,ED,ED1,Ou-sama Daare da
13219,4415,OP,OP1,Seven pieces
13220,4415,ED,ED1,Kachitaku Nacchatta ne
13342,4415,ED,ED2,Let's Swing
13221,4416,OP,OP1,Kotoba ni Sezu Tomo
13222,4416,ED,ED1,MONOCHROME
13223,4417,ED,ED1,Chouaizoku
13225,4418,OP,OP1,RE RESCUE
13287,4418,ED,ED1,Tsurara
13226,4419,OP,OP1,Boujaku no Charisma
13227,4419,ED,ED1,One
13228,4420,OP,OP1,Otozure
13229,4420,ED,ED1,Hyoujou Sabun
13230,4421,OP,OP1,Kaijuu
13231,4421,ED,ED1,Aporia
13444,4421,ED,ED2,Hebi
13232,4422,OP,OP1,Saikyou? Saikou! Brave My Heart
13233,4422,ED,ED1,Only
13234,4423,ED,ED1,Puni Puni PuniRunes Punix Version
13235,4424,OP,OP1,Iinazukkyun
13236,4424,ED,ED1,Anta Nante.
13237,4425,OP,OP1,NIGHT
13238,4425,ED,ED1,Falling Up
13240,4426,OP,OP1,Ai no Reunion
13241,4426,ED,ED1,Hidamari
13242,4427,OP,OP1,MMH
13243,4427,ED,ED1,Akairo
13244,4428,OP,OP1,Gyumu!
13245,4428,ED,ED1,Show
13246,4429,OP,OP1,ROCK ME KISS ME feat. MOTSU
13247,4429,ED,ED1,Side U (Prod. AmPm)
13248,4430,OP,OP1,Kattou Tomorrow
13249,4430,ED,ED1,Scream!
13250,4431,OP,OP1,Let's be ONE
13251,4431,ED,ED1,DAISUKI FULL POWER
13295,4431,ED,ED2,DAISUKI FULL POWER
13307,4431,ED,ED3,DAISUKI FULL POWER
13308,4431,ED,ED4,DAISUKI FULL POWER
13329,4431,ED,ED5,DAISUKI FULL POWER
13330,4431,ED,ED6,DAISUKI FULL POWER
13331,4431,ED,ED7,DAISUKI FULL POWER
13335,4431,ED,ED8,DAISUKI FULL POWER
13336,4431,ED,ED9,DAISUKI FULL POWER
13345,4431,ED,ED10,DAISUKI FULL POWER
13346,4431,ED,ED11,DAISUKI FULL POWER
13347,4431,ED,ED12,Hajimari wa Kimi no Sora ~11 Ver.~
13252,4432,OP,OP1,Henshin
13253,4432,ED,ED1,Suko.
13254,4433,OP,OP1,Chaser
13255,4433,ED,ED1,Phoenix
13257,4434,OP,OP1,nina
13258,4434,ED,ED1,Hoshi no Dengon
13259,4435,OP,OP1,UNDER and OVER
13260,4435,ED,ED1,Nani Warotonnen
13261,4436,OP,OP1,Feedback wo Narashite
13262,4436,ED,ED1,Labyrinth
13263,4437,OP,OP1,Alca
13264,4437,ED,ED1,Komari Warai
13265,4438,OP,OP1,Auftakt
13266,4438,ED,ED1,Harumachi Uta
13267,4439,OP,OP1,Ebizori Turn!
13268,4439,ED,ED1,Bokurashisa
13401,4439,OP,OP2,Bakesou na Kokoro
13402,4439,ED,ED2,Youkai Rendezvous
13271,4440,ED,ED1,gradation
13297,4440,OP,OP1,Awaku Kasuka
13277,4441,OP,OP1,Ito
13278,4441,ED,ED1,Shounin Yokkyuu
13280,4442,OP,OP1,Kirakira
13281,4442,ED,ED1,Tsumari wa
13285,4443,OP,OP1,Gambling Hall
13286,4443,ED,ED1,Plastic Showcase
13447,4443,ED,ED2,Tumbling Dice
13288,4444,OP,OP1,QUEEN
13289,4444,ED,ED1,Yamiyo no Dancer - Dancer in the Dark Night
13377,4444,OP,OP2,Frontiers
13378,4444,ED,ED2,realitYhurts.
13292,4445,ED,ED1,Across Universe
13293,4446,OP,OP1,Unending Wish
13294,4446,ED,ED1,The other story
13353,4446,OP,OP2,Compass
13354,4446,ED,ED2,Metamorphosis
13296,4447,ED,ED1,Koi! Koi Koi
13298,4448,OP,OP1,Fried☆Pride
13299,4448,ED,ED1,Minna DE Diet
13300,4449,OP,OP1,Jaka☆Jaan
13301,4449,ED,ED1,NAKAMA
13302,4450,OP,OP1,Ao
13303,4450,ED,ED1,UNBREAKABLE
13454,4450,OP,OP2,OOKAMI
13455,4450,ED,ED2,Fragment
13304,4451,OP,OP1,Hollow
13305,4451,ED,ED1,Spira
13306,4452,ED,ED1,We go! ~Mugiwara no Ichimi ver.~
13309,4453,OP,OP1,We go! ~Mugiwara no Ichimi ver.~
13310,4453,ED,ED1,Sailing
13384,4453,OP,OP2,We go! ~HIKAKIN & SEIKIN with Monkey D. Luffy ver.~
13504,4453,OP,OP3,"We go! ~Fubuki Shirakami, Marine Houshou, Watame Tsunomaki with Maki Ootsuki ver.~"
13676,4453,OP,OP4,"We go! ~Kiara Takanashi, Baelz Hakos, Kobo Kanaeru with Hiroshi Kitadani~"
13332,4454,OP,OP1,Into the world
13333,4454,ED,ED1,Feel Like This
13334,4454,ED,ED2,Rock 'n' Roll Dragon
13343,4455,ED,ED1,"Hayo, New World."
13344,4456,OP,OP1,Baby love! Baby please!
13350,4457,ED,ED1-AdvPrem,FAKEit
14133,4457,OP,OP1,PROVANT
14166,4457,ED,ED1,Senzaiteki na Ai
13351,4458,OP,OP1,Isekai Kyousoukyoku
13352,4458,ED,ED1,Tsuyo Girlfriend
13355,4459,OP,OP1,TREASURE!
13356,4459,ED,ED1,Twinkle Days
13357,4460,OP,OP1,SCOPE
13358,4460,ED,ED1,will be fine feat. Anly
13359,4461,OP,OP1,Bravely Dance
13360,4461,ED,ED1,Sonna Bokura no Boukentan!
13361,4462,OP,OP1,Oishii Survivor
13474,4462,ED,ED1,Real
13362,4463,OP,OP1,Shujinkou ni Narou! feat. Airi Suzuki
13363,4463,ED,ED1,Suiheisen
13827,4463,ED,ED2,Gunjou Love theory (special ver.)
13364,4464,OP,OP1,Tasokare
13413,4464,ED,ED1,Twilight
13556,4464,ED,ED2,Tasokare Papillon Kairou
13365,4465,OP,OP1,"Koibito Ijou, Suki Miman"
13366,4465,ED,ED1,Suki Kirai mo Oikoshite
13475,4465,ED,ED2,Suki Kirai mo Oikoshite
13481,4465,ED,ED3,Suki Kirai mo Oikoshite
13493,4465,ED,ED4,Suki Kirai mo Oikoshite
13538,4465,ED,ED5,Suki Kirai mo Oikoshite
13539,4465,ED,ED6,Suki Kirai mo Oikoshite
13367,4466,OP,OP1,Saijoukyuu no Kokoro
13368,4466,ED,ED1,Rimmy
13369,4467,OP,OP1,ReawakeR (feat. Felix of Stray Kids)
13370,4467,ED,ED1,UN-APEX
13559,4467,ED,ED2,LEveL
13371,4468,OP,OP1,Tsuukaku
13372,4468,ED,ED1,Overlap
13373,4469,OP,OP1,Dai Dai Daisuki
13374,4469,ED,ED1,Shimanchu nu Takara
13440,4469,ED,ED2,Anata ni
13482,4469,ED,ED3,Best Friend
13375,4470,OP,OP1,Neet In Jam🍓
13376,4470,ED,ED1,NEETopia.
13476,4470,ED,ED2,LOVE Kome Okawari Kudasai!
13483,4470,ED,ED3,Monologue Agemasu
13534,4470,ED,ED4,Darashinai Everyday
13379,4471,OP,OP1,Kimi to Shika Koishinai
13380,4471,ED,ED1,Alibi na Courtesy
13381,4472,ED,ED1,"Tada, Kimi no Mama de"
13461,4472,OP,OP1,Zen
13387,4473,ED,ED1,Ame to Muchi
13388,4474,OP,OP1,Anata no Soba ni.
13389,4474,ED,ED1,Vita Philosophica
13390,4475,ED,ED1,Shinon
13392,4476,OP,OP1,Shiawase na Yakusoku.
13460,4476,ED,ED1,Tsukikage Okuri
13393,4477,OP,OP1,Ame Tokimeki Koimoyou
13394,4477,ED,ED1,Kyun Appeal
13535,4477,ED,ED2,Is this love?
13395,4478,OP,OP1,"Ano ne,"
13396,4478,ED,ED1,Futarijime
13397,4479,OP,OP1,Year N
13398,4479,ED,ED1,Bokura wa Ai ni Koishite Ikiru
13399,4480,OP,OP1,Wonderlust!!
13400,4480,ED,ED1,JOY!!
13403,4481,OP,OP1,Unsung ballad
13404,4481,ED,ED1,inclusion
13405,4482,OP,OP1,Jibun Kakumei
13406,4482,ED,ED1,Rourou
13407,4483,OP,OP1,Kirameki
13408,4483,ED,ED1,Yoake no Uta
13409,4484,OP,OP1,Zero Ignition
13466,4484,ED,ED1,Dandelion
13768,4484,ED,ED2,Crossverse
13410,4485,OP,OP1,Magic Hour
13411,4485,ED,ED1,Wonderful World
13412,4486,OP,OP1,Are wa Okaimono Panda!
13414,4487,OP,OP1,GIVE&TAKE
13473,4487,ED,ED1,Aikurafuto
13415,4488,OP,OP1,CASANOVA POSSE
13416,4488,ED,ED1,Rolling Stone
13417,4489,OP,OP1,KiLLKiSS
13418,4489,ED,ED1,"Georgette Me, Georgette You"
13540,4489,ED,ED2,Crucifix X
13419,4490,OP,OP1,Crescendo
13420,4490,ED,ED1,Rock wa Shinanai
13421,4491,OP,OP1,Choose!!!
13422,4491,ED,ED1,Matsuken Samba II
13541,4491,ED,ED2,Ginga Tetsudou 999
13423,4492,OP,OP1,Sousei no Aquarion Myth of Emotions Ver.
13424,4492,ED,ED1,Kokuhaku
13429,4493,OP,OP1,Make It Count
13503,4493,ED,ED1,Negaigoto
13430,4494,OP,OP1,Life is Beautiful
13431,4494,ED,ED1,miss-dystopia
13432,4495,OP,OP1,Palette Days
13433,4495,ED,ED1,Yummy Yummy
13434,4496,OP,OP1,Hyakka Ryouran
13435,4496,ED,ED1,Shiawase no Recipe
13572,4496,OP,OP2,Kusushiki
13573,4496,ED,ED2,Hitorigoto
13436,4497,OP,OP1,Perfect Day
13437,4497,ED,ED1,Ashita no Watashi ni Sachi Are
13438,4498,OP,OP1,Zainin
13439,4498,ED,ED1,Stella
13442,4499,OP,OP1,Hashire Sakamoto
13443,4499,ED,ED1,Futsuu
13514,4499,ED,ED2,Somebody help us
13445,4500,OP,OP1,Dokkin◇Mahoutsukai Precure!! Part 3 ~MIRAI DAYS~
13446,4500,ED,ED1,Kisekira Link
13448,4501,OP,OP1,BOW AND ARROW
13449,4501,ED,ED1,Atashi no Dress
13450,4502,OP,OP1,Bloody Liar
13451,4502,ED,ED1,NE-CHU-SHOW
13452,4503,OP,OP1,Enter
13453,4503,ED,ED1,Treasure Chest
13658,4503,ED,ED2,MIRROR
13703,4503,ED,ED3,Tapestry
13456,4504,OP,OP1,L'oN
13457,4504,ED,ED1,With a Wish
13458,4505,OP,OP1,"Arigato, Daisuki ni Natte Kurete"
13459,4505,ED,ED1,Unmei?
13500,4505,ED,ED2,Unmei?
13462,4506,OP,OP1,Kinnikuman Hero
13463,4506,ED,ED1,29
13467,4507,OP,OP1,True Peak
13468,4507,ED,ED1,THE IOLITE
13471,4508,OP,OP1,UNFAIR
13472,4508,ED,ED1,Prayer
13477,4509,OP,OP1,Uni:Birth
13478,4509,ED,ED1,DOPE
13496,4509,ED,ED2,Honne no Uta
13511,4509,ED,ED3,IN&OUT (JAXX/JAXX ver.)
13545,4509,ED,ED4,Wish You Happiness
13546,4509,ED,ED5,Keep it high
13560,4509,ED,ED6,Unite up!
13561,4509,ED,ED7,Konna Sekai nara
13694,4509,ED,ED8,Harmony Bright
13479,4510,OP,OP1,Cuz I
13480,4510,ED,ED1,Explosive Heart
13485,4511,ED,ED1,Doko ni Itemo Kimi wa Kimi
13486,4511,ED,ED1-Theatrical3,Doko ni Itemo Kimi wa Kimi
13487,4511,ED,ED1-Theatrical4,Doko ni Itemo Kimi wa Kimi
13488,4511,ED,ED1-Theatrical5,Doko ni Itemo Kimi wa Kimi
13489,4511,ED,ED1-Theatrical6,Doko ni Itemo Kimi wa Kimi
13490,4511,ED,ED1-Theatrical7,Doko ni Itemo Kimi wa Kimi
13491,4511,ED,ED1-Theatrical8,Doko ni Itemo Kimi wa Kimi
13492,4511,OP,OP1,Rise Up High!
13494,4512,ED,ED1,BLOOM OF COLORS [YOU & I edit]
13495,4513,ED,ED1,Orange
13497,4514,OP,OP1,Kimi to Idol Precure♪ Light Up!
13498,4514,ED,ED1,Trio Dreams
13778,4514,ED,ED2,Kimi to Lulala
13945,4514,ED,ED3-TV,♪HiBiKi Au Uta♪
13946,4514,OP,OP2-TV,Kimi to Idol Precure♪ Light Up! ReMix for You and Idol Precure♪
13499,4515,ED,ED1,Matatabi
13512,4516,OP,OP1,Precious Friends!
13513,4516,ED,ED1,Zutto... Zutto...
13517,4517,OP,OP1,Tsukinami ni Kagayake
13518,4517,ED,ED1,"Ima, Boku, Underground kara"
13519,4518,OP,OP1,Doppelganger
13520,4518,ED,ED1,Re:Re:
13536,4519,OP,OP1,Meramera
13537,4519,ED,ED1,Amairo
13542,4520,ED,ED1,in the pocket
13558,4521,ED,ED1,SKATERS’ QUEST
13562,4522,OP,OP1,FACSTORY
13606,4522,ED,ED1,Haru ni Kiete
13563,4523,OP,OP1,Hurray!!
13564,4523,ED,ED1,Ballpark de Shake! Don't Shake!
13717,4523,ED,ED3,Akiramerarenai no sa
13718,4523,ED,ED2,Convert
13565,4524,ED,ED1,Zutto Zutto Zutto ~cocoon Ver.~
13566,4525,OP,OP1,Baby Baby Baby
13624,4525,ED,ED1,Hightail it
13567,4526,OP,OP1,KINGSBLOOD
13568,4526,ED,ED1,Mahiru no Tsuki
13569,4527,OP,OP1,BOYZ
13570,4527,ED,ED1,It's myself
13571,4528,OP,OP1,"Shitsumon, Koitte Nandeshou ka?"
13633,4528,ED,ED1,Dear my Soleil
13574,4529,OP,OP1,Ai Uta
13575,4529,ED,ED1,Find A Way
13576,4530,OP,OP1,Tsuyobi
13577,4530,ED,ED1,Urusiren
13579,4531,OP,OP1,Aufheben
13653,4531,ED,ED1,MOONWORK
13729,4531,ED,ED2,Sacred Ashes [form the] Butterfly
13580,4532,OP,OP1,MONTAGE
13581,4532,ED,ED1,Rhapsody
13582,4533,OP,OP1,Summertime Ghost
13664,4533,ED,ED1,Koi no Retronym
13714,4533,ED,ED2,Watashi dake no Polaris
13715,4533,ED,ED3,You Wanna Mellow
13583,4534,OP,OP1,AXCLUSION
13584,4534,ED,ED1,Arika
13585,4535,OP,OP1,Kaseijin
13586,4535,ED,ED1,SugaRiddle
13587,4536,OP,OP1,BLADE
13588,4536,ED,ED1,pineapple tart
13733,4536,ED,ED2,ACTION!
13591,4537,OP,OP1,HEROES
13592,4537,ED,ED1,Alright!!!
13593,4538,OP,OP1,Singularist
13594,4538,ED,ED1,BEYOND★CLASSIC
13595,4539,OP,OP1,Watch me!
13636,4539,ED,ED1,Mahou wa Spice
13731,4539,OP,OP2,Tokihanate!
13732,4539,ED,ED2,Tsuki to Watashi no Kakurenbo
13781,4539,OP,OP3,Bitter end
13782,4539,ED,ED3,FLASHBACK SYNDROME
13596,4540,OP,OP1,Bokutachi no Gag Manga Biyori
13597,4541,OP,OP1,INERTIA
13641,4541,ED,ED1,KONTINUUM
13704,4541,ED,ED2,NEON RAIN
13951,4541,OP,OP2,INERTIA
13598,4542,OP,OP1,Ie de Yeah! tte Age Tiger
13599,4542,ED,ED1,Android ni Kubittake
13600,4543,OP,OP1,MAISIE Produced by HYDE
13601,4543,ED,ED1,WALTZ
13602,4544,OP,OP1,Koeru
13603,4544,ED,ED1,∞
13604,4545,OP,OP1,Illuminate
13605,4545,ED,ED1,Serendipity
13607,4546,OP,OP1,Alka Tale
13637,4546,ED,ED1,Lasting Moment
13880,4546,OP,OP2,Finis Teller
13881,4546,ED,ED2,Mahou no Enikki
13897,4546,ED,ED3,Hane no Yurikago
13608,4547,OP,OP1,Tabi Shiyo! don't you?
13713,4547,ED,ED1,bookmarks
13609,4548,OP,OP1,Binetsuma
13610,4548,ED,ED1,Twilight
13611,4549,OP,OP1,Kekka Oorai
13612,4549,ED,ED1,Speed
13613,4550,OP,OP1,Hakudou
13671,4550,ED,ED1,Heartache
13705,4550,ED,ED2,Perfect Perfait Parade
13614,4551,OP,OP1,"Kanojo wa Ima, Meikyuu no Naka."
13615,4551,ED,ED1,Kimi no Shiranai Koto
13616,4552,OP,OP1,Everyday Host
13740,4552,ED,ED1,Natsu wa Take-out
13741,4552,ED,ED2,Top of the Tower
13742,4552,ED,ED3,Doutonbori
13743,4552,ED,ED4,Bou & Ryoku
13744,4552,ED,ED5,Aporia Inga Sekai
13617,4553,OP,OP1,Honey Lemon
13642,4553,ED,ED1,LIKE YOU o(>< = ><)o LOVE YOU?
13618,4554,OP,OP1,Drops
13619,4554,ED,ED1,Hanasaku Michi de
13620,4555,ED,ED1,Mou Dou Natte mo Ii ya
13655,4555,OP,OP1,Plazma
13716,4555,ED,ED2,BEYOND THE TIME ~Moebius no Sora wo Koete~
13724,4555,ED,ED3,Suisou no Machi Kara
13621,4556,ED,ED1,Capsule
13654,4556,OP,OP1,skirt
13702,4556,ED,ED2,Apocalypse
13622,4557,OP,OP1,Ring Ring Ring feat. Himari
13623,4557,ED,ED1,Himitsu no Fufufu
13625,4558,OP,OP1,Aitoka.
13626,4558,ED,ED1,Sister
13627,4559,OP,OP1,Fushigi na Kimi
13628,4559,ED,ED1,Sayonara Jinrui
13734,4559,OP,OP2,MOVE MOVE
13735,4559,ED,ED2,Subarashii Hibi
13629,4560,OP,OP1,Uchuuteki MYSTERY
13630,4560,ED,ED1,Nantonaku
13631,4561,OP,OP1,GRIDOUT
13632,4561,ED,ED1,Neo-Luddite
13634,4562,OP,OP1,Ready to Rock
13635,4562,ED,ED1,Yume ja Nai nara Nannano sa
13638,4563,OP,OP1,Sonna Mon ne
13661,4563,ED,ED1,Miso Shiro to Butter
13639,4564,OP,OP1,So☆Lucky
13640,4564,ED,ED1,Ini Mini Mani Mo
13719,4564,ED,ED2,Umarekawarou to
13643,4565,OP,OP1,Sugosugi Maebashi Witches!
13644,4565,ED,ED1,Sorezore no Door
13645,4566,OP,OP1,Yarenno? Endless
13646,4566,ED,ED1,Ninkoro Dance
13647,4567,OP,OP1,Light Maker
13648,4567,ED,ED1,Tsuki ni Negau
13649,4568,OP,OP1,Clockwork Flowers
13650,4568,ED,ED1,Fall leaves after leaves fall
13651,4569,OP,OP1,Omoi Ai
13652,4569,ED,ED1,Sunadokei
13656,4570,OP,OP1,Shoudou
13657,4570,ED,ED1,Tsuki to Boku to Atarashii Jibun
13659,4571,OP,OP1,Yokan
13660,4571,ED,ED1,heart
13662,4572,OP,OP1,Many Merry Memories!
13663,4572,ED,ED1,Weekend Roll
13665,4573,OP,OP1,Continue
13666,4573,ED,ED1,Senya Ichiya feat. Izumi Nakasone (HY)
13873,4573,OP,OP2,Ash
13874,4573,ED,ED2,Enrin
13667,4574,OP,OP1,Kuchinaoshi
13668,4574,ED,ED1,Mada Shiranai Story
13669,4575,OP,OP1,Maji de Sekai Kaechau 5-byou Mae
13670,4575,ED,ED1,Seigi
13749,4575,ED,ED2,Jikai Yokoku
13674,4576,OP,OP1,Zettai Utahime Sengen!
13675,4576,ED,ED1,Kimi to Tsunagu Orchestra
13706,4576,ED,ED2,Jinsei wa Ryuusei da☆彡
13867,4576,ED,ED3,Shimei wa Akaki Serenade
13958,4576,ED,ED4,Shinku no Ibara
14045,4576,OP,OP2,FUTURE SESSION
14046,4576,ED,ED5,ONENESS HARMONY
14120,4576,OP,OP3,FUTURE SESSION -Ver.Constellation-
14121,4576,ED,ED6,ONENESS HARMONY -Ver. Constellation-
14238,4576,ED,ED7,QUINTET PULSE
14239,4576,ED,ED8,Future Never Ends
14249,4576,ED,ED9,LEGENDARY REVIVAL
14250,4576,ED,ED10,Luminous Bloom
13678,4577,OP,OP1,Gotoubun no Egao
13679,4577,ED,ED1,Memories
13692,4578,OP,OP1,The Eye
13693,4578,ED,ED1,Lull
13695,4579,OP,OP1,Growing Up
13696,4579,ED,ED1,Ano Hi no Mama no Bokura
13697,4580,OP,OP1,Ready!! Steady!! Derby!!
13698,4580,ED,ED1,Umapyoi Densetsu
13701,4581,ED,ED1,étoile et toi [édition le noir]
13707,4582,OP,OP1,Moonrise - Main Title
13708,4582,ED,ED1,Daijoubu
13709,4583,ED,ED1,Hana no Tou
13712,4584,ED,ED1,Wish
13720,4585,OP,OP2,JUNK BOY
13721,4585,ED,ED2,BE MY BOY!
13722,4585,OP,OP1,YOU!YOU!YOU!
13723,4585,ED,ED1,HOLD ME!
13727,4586,OP,OP1,The Flame
13728,4586,ED,ED1,The Moment of Love
13736,4587,OP,OP1,Vortex
13737,4587,ED,ED1,Lazarus
13738,4588,OP,OP1,Kakumei Douchuu
13739,4588,ED,ED1,Doukashiteru
13745,4589,OP,OP1,Unique
13747,4589,ED,ED1,Magokoro My Heart
13748,4590,OP,OP1,Feel
13840,4590,ED,ED1,mild days
13751,4591,OP,OP1,Happy Lucky Chappy
13752,4591,ED,ED1,Garasu no Sen
13753,4592,OP,OP1,Super Big Love!
13754,4592,ED,ED1,BAD SURPRISE
13906,4592,ED,ED2,Heart Kakimawashite Ageru♡
13755,4593,OP,OP1,POWER -Akuryou Taisan-
13756,4593,ED,ED1,Himawari
13757,4594,OP,OP1,Enja
13831,4594,ED,ED1,her
13758,4595,OP,OP1,Blue Motion
13759,4595,ED,ED1,Tayutau Mama ni
13760,4596,OP,OP1,Mirage
13761,4596,ED,ED1,Nemure
13762,4597,OP,OP1,CRY OUT CRY OVER
13763,4597,ED,ED1,TURN OVER
13764,4598,OP,OP1,Yuurei ni Naritai
13765,4598,ED,ED1,Ai Ai Ai Ai Ai
13988,4598,OP,OP2,Futaribun
13989,4598,ED,ED2,Shippai Shinai Menhera no Sodatekata
13766,4599,OP,OP1,Junjou de Are.
13767,4599,ED,ED1,Hikaru Sasu Tobira
13769,4600,OP,OP1,Utahime
13770,4600,ED,ED1,Tsuioku
13885,4600,ED,ED2,BREATHE
13886,4600,ED,ED3,Senkou datta
13887,4600,ED,ED4,Kyori.
13888,4600,ED,ED5,Shangri-La
13915,4600,ED,ED6,Hitoeni Kowarete
13916,4600,ED,ED7,Senkou datta
13917,4600,ED,ED8,BREATHE
13918,4600,ED,ED9,Yokubou
13919,4600,ED,ED10,Dennou sinka ver
13771,4601,ED,ED1,Sukima Jikan
13844,4601,OP,OP1,Tenden Barabara
13772,4602,OP,OP1,Wish for you
13773,4602,ED,ED1,Shoujo no Susume
13774,4603,OP,OP1,Snowdrop
13775,4603,ED,ED1,Suiheisen wa Boku no Furukizu
13892,4603,ED,ED2,Suiheisen wa Boku no Furukizu
13893,4603,ED,ED3,Suiheisen wa Boku no Furukizu
13935,4603,ED,ED4,Suiheisen wa Boku no Furukizu
13947,4603,ED,ED5,Suiheisen wa Boku no Furukizu
13968,4603,ED,ED6,Suiheisen wa Boku no Furukizu
13776,4604,OP,OP1,Manazashi wa Hikari
13777,4604,ED,ED1,Hare no Hi ni
13950,4604,ED,ED2,Hitohira
13779,4605,OP,OP1,Hello
13780,4605,ED,ED1,LUCKY
13955,4605,ED,ED2,
13956,4605,ED,ED3,MAMBO NO. 5
13957,4605,ED,ED4,
13783,4606,OP,OP1,BLOOM (feat. Ayumu Imazu)
13858,4606,ED,ED1,Souvenir
13784,4607,OP,OP1,Gesshoku
13785,4607,ED,ED1,Marie
13786,4608,OP,OP1,Ame to
13787,4608,ED,ED1,filled
13788,4609,ED,ED1,Puni Puni PuniRunes Punix Version
13789,4610,OP,OP1,Seishun Towa
13790,4610,ED,ED1,Hadaka de Dotsukiai feat. May'n
13791,4611,OP,OP1,Muri Muri Shinkaron
13852,4611,ED,ED1,Mayocchauwa
13792,4612,OP,OP1,Futari no Start Bottom
13793,4612,ED,ED1,Amusing Flavor
13794,4613,ED,ED1,Dark Dream
13795,4614,OP,OP1,ResoNAnce
13865,4614,ED,ED1,Pale Blaze
13796,4615,OP,OP1,Hikari no Sumika
13797,4615,ED,ED1,Sapphire
13907,4615,ED,ED2,Atarashii Tomodachi
13798,4616,OP,OP1,Mirai Cider
13799,4616,ED,ED1,Boku dake no Chiheisen
13800,4617,OP,OP1,Suffer
13801,4617,ED,ED1,GORI☆GORI Feez e-Girl!!
13802,4618,OP,OP1,Mikansei ni Matataite
13803,4618,ED,ED1,Tonari Awase
13804,4619,OP,OP1,Majestic Catastrophe
13805,4619,ED,ED1,more than W
13806,4620,OP,OP1,CAT CITY
13807,4620,ED,ED1,Matatabi
13808,4621,OP,OP1,My Way
13809,4621,ED,ED1,Bansoukou
13810,4622,OP,OP1,Kakushouron
13819,4622,ED,ED1,PANDORA feat. Noa (from Colorful Peach)
13811,4623,OP,OP1,Kamidanomi
13859,4623,ED,ED1,Kensou feat. Aile The Shota
13812,4624,OP,OP1,Brun-Brun
13843,4624,ED,ED1,Ao to Natsu
13813,4625,OP,OP1,Kagome Kagome
13814,4625,ED,ED1,mo∞ent
13815,4626,OP,OP1,Umitsuki
13816,4626,ED,ED1,Boku no Vega
13817,4627,OP,OP1,Kimi ga Kureta Mono
13818,4627,ED,ED1,Anata de Nakucha
13820,4628,OP,OP1,Osomatsu-san no Bomba Sheeeh!
13821,4628,ED,ED1,Buddy
13822,4629,OP,OP1,Ruler
13823,4629,ED,ED1,Destiny
13824,4630,OP,OP1,Resolution
13862,4630,ED,ED1,Eien ni Ikkai no
13825,4631,OP,OP1,Kimi ni Fusawashii Kiseki
13826,4631,ED,ED1,Aimai Graffiti
13828,4632,ED,ED1,RECKLESS
13868,4632,OP,OP1,Theme of New PANTY & STOCKING
13829,4633,OP,OP1,DiZZY
13830,4633,ED,ED1,Abyss
13832,4634,OP,OP1,Maillard
13833,4634,ED,ED1,Change Over
13834,4635,OP,OP1,Mr. Moonlight
13835,4635,ED,ED1,Merry Go Round
13836,4636,OP,OP1,SUPERNOVA
13837,4636,ED,ED1,no man's world
13838,4637,OP,OP1,End of Days
13839,4637,ED,ED1,Truth
13841,4638,OP,OP1,Ao to Kirameki
13842,4638,ED,ED1,Kawaii Kaiwai
13845,4639,OP,OP1,HUGs
13846,4639,ED,ED1,Tomoshibi
14029,4639,OP,OP2,LET'S JUST CRASH
14030,4639,ED,ED2,Ban
13847,4640,OP,OP1,Saikai
13848,4640,ED,ED1,Anata wa Kaibutsu
13849,4641,OP,OP1,OVERNIGHT
13866,4641,ED,ED1,What is justice?
13986,4641,OP,OP2,Amidakuji
13987,4641,ED,ED2,ACTION
13850,4642,OP,OP1,Method
13851,4642,ED,ED1,Dandelion
13853,4643,OP,OP1,Haikara de GO!!
13854,4643,ED,ED1,Zankou in your eyes
13855,4644,OP,OP1,Hyakunichisou
13856,4644,ED,ED1,Moshimo
13899,4644,ED,ED2,Flashback
13900,4644,ED,ED3,sincerity flower
13901,4644,ED,ED4,Strike freedom!
13904,4644,OP,OP2,Hyakunichisou
13905,4644,ED,ED5,Natsu no Sumika
12940,4645,ED,ED1,Nisen-nen... Moshiku wa... Niman-nengo no Kimi e...
12941,4645,OP,OP1-TV,Saigo no Kyojin
12942,4645,ED,ED1-TV,Itterasshai
13857,4646,ED,ED1,Doubt
13860,4647,OP,OP1,CALLING†
13861,4647,ED,ED1,Meteor
13863,4648,OP,OP1,WORK HARD
13864,4648,ED,ED1,Glass Door
13869,4649,OP,OP1,Love Is Entropy
13870,4649,ED,ED1,The Other Side
13871,4650,OP,OP1,Utopia or Dystopia
13876,4650,ED,ED1,Saikai-kei Joshi wa Dou Surya Ii desu ka?
13875,4651,OP,OP1,Omoidebanashi
13877,4652,OP,OP1,HOWL
13878,4653,ED,ED1,Kawaii
13883,4655,OP,OP1,You Can't Run From Yourself
13884,4655,ED,ED1,Beautiful Colors
13908,4656,ED,ED1,Invincible
13909,4657,OP,OP1,Taiyou ga Noboranai Sekai
13910,4657,ED,ED1,Zankoku na Yoru ni Kagayake
13911,4658,ED,ED1,Ai ga Hoshii
13912,4658,OP,OP1,Boku wa Imouto ni Koi wo Suru - Main Theme
13913,4659,OP,OP1,Akari wa Tooku
13914,4659,ED,ED1,Futari Camp feat.SPECIAL OTHERS
13977,4659,OP,OP2,Futari de Iyou ka
13936,4660,OP,OP1,Feathered Dreams
13937,4660,ED,ED1,Drive Your Heart
13938,4660,ED,ED2,Shien
13939,4660,ED,ED3,Zankonji
13940,4660,ED,ED4,Color of Us
13941,4660,ED,ED5,Starring ☆Jibun☆
13942,4660,ED,ED6,Suki×Suki×Color Free
13943,4660,ED,ED7,Mayonaka Yuuenchi
13944,4660,ED,ED8,'FIGHT' ADDICT
13953,4660,ED,ED9,Part of the Life
13954,4660,ED,ED10,'S/' The Way
13959,4661,OP,OP1,Rubble
13960,4661,ED,ED1,Bitansan Adolescence
13961,4662,OP,OP1,POP LIFE
13962,4662,ED,ED1,Better Off
13963,4663,ED,ED1,CAT'S EYE
14115,4663,OP,OP1,MAGIC
13964,4664,OP,OP1,"1, 2, Play"
13965,4664,ED,ED1,Left & Right
13966,4665,OP,OP1,Reincarnation
13967,4665,ED,ED1,Kiseki nanka Iranai
13969,4666,OP,OP1,-nie-
13970,4666,ED,ED1,Lily
14072,4666,ED,ED2,"Taiyou, Natte Age Yokka? ♡"
14122,4666,ED,ED3,Lily [Another ver.]
13971,4667,OP,OP1,Prologue
13972,4667,ED,ED1,Mugen Trip
13973,4668,OP,OP1,Platform
14019,4668,ED,ED1,Hoshi Tsumugi
14020,4668,ED,ED2,Two Of Us
13974,4669,ED,ED1,Ganso! Bandori-chan no Theme
13975,4670,OP,OP1,Bukiyou na I Love You
13976,4670,ED,ED1,Bukiyou ni Kimi no Tonari
13978,4671,OP,OP1,Koi no Magic Potion
13979,4671,ED,ED1,MIRACRAID
13980,4672,OP,OP1,Sugary Story
13981,4672,ED,ED1,Kibou Koudo
13982,4673,OP,OP1,Senjou no Hana
13983,4673,ED,ED1,Inferior
13984,4674,OP,OP1,Uza Kawaikute Nani ga Warui!
13985,4674,ED,ED1,Hoshi no Kodou
13990,4675,OP,OP1,Gohan Tabe yo
13991,4675,ED,ED1,Kyou no Gohan wa Nandarou na
13992,4676,OP,OP1,Adult Chick Children
13993,4676,ED,ED1,Diary
13994,4677,ED,ED1,Glide
14049,4677,OP,OP1,Touring
13995,4678,OP,OP1,Mad Pulse
13996,4678,ED,ED1,beat up
14571,4678,ED,ED2,BRAVE GROOVE
14572,4678,ED,ED3,Mira Mira
14573,4678,ED,ED4,BREAK IT
13997,4679,OP,OP1,Inochi no Parade
13998,4679,ED,ED1,Myakumyaku
13999,4680,OP,OP1,THE REVO
14031,4680,ED,ED1,I
14000,4681,OP,OP1,Fumetsu no Anata
14001,4681,ED,ED1,Recollections
14254,4681,ED,ED2,Recollections Ver. 2
14002,4682,OP,OP1,Spurt Syndromer
14003,4682,ED,ED1,Futari
14004,4683,OP,OP1,Hyaku Mensou
14005,4683,ED,ED1,Amanojaku Hero
14006,4684,OP,OP1,Honto to Uso
14007,4684,ED,ED1,Cross heart ~Itsuwari no Nai Kimochi
14073,4684,ED,ED2,Cross heart ~Itsuwari no Nai Kimochi (duet ver.)
14008,4685,OP,OP1,Level wo Agete Butsuri de Naguru
14009,4685,ED,ED1,Migi Hidari
14010,4686,OP,OP1,Daybreak
14011,4686,ED,ED1,any if
14012,4687,OP,OP1,"Hira-yori Raiya, Sara-riya Takaki"
14106,4687,ED,ED1,Shirogarasu
14013,4688,OP,OP1,Quest
14014,4688,ED,ED1,Kakera
14015,4689,OP,OP1,Wo Ai Ni
14016,4689,ED,ED1,Panda Girl
14017,4690,OP,OP1,Happy Yummy Lucky Yummy
14018,4690,ED,ED1,Watashi de Yokatta!!!
14021,4691,OP,OP1,Dramatic Overlay
14022,4691,ED,ED1,Arifuretetai
14023,4692,OP,OP1,Algorithm
14024,4692,ED,ED1,Yume e no Hitokakera
14025,4693,OP,OP1,Mahou
14026,4693,ED,ED1,Family
14027,4694,OP,OP1,Wanna be
14028,4694,ED,ED1,One More Time
14032,4695,OP,OP1,Issen
14033,4695,ED,ED1,Like Gravity
14125,4695,ED,ED2,Issen
14034,4696,OP,OP1,Hi wo Mamoru
14035,4696,ED,ED1,Actor
14036,4697,OP,OP1,Get No Satisfied!
14037,4697,ED,ED1,Soko ni Aru Akari
14038,4698,OP,OP1,Zettai Shousan!
14039,4698,ED,ED1,Thankful
14040,4699,OP,OP1,Amadeus
14041,4699,ED,ED1,Ao no Mahou
14042,4700,OP,OP1,Sweet Disaster
14043,4700,ED,ED1,Until You Die Out
14044,4700,ED,ED2,Kodoku no Uta
14047,4701,OP,OP1,yummy goodday
14048,4701,ED,ED1,SALT AND PEPPER
14050,4702,OP,OP1,Seishun no Silhouette
14051,4702,ED,ED1,Senkou Hanabi
14052,4703,OP,OP1,Black Flame
14053,4703,ED,ED1,Regene
14054,4704,OP,OP1,Tooryanse
14055,4704,ED,ED1,Namida no Recipe
14056,4704,ED,ED2,Hito Saji no Hikari
14057,4704,ED,ED3,Namida no Recipe × Hito Saji no Hikari
14058,4705,OP,OP1,Kusuguttai.
14059,4705,ED,ED1,Kimi ni Naretara
14060,4706,OP,OP1,IRIS OUT
14061,4706,ED,ED1,JANE DOE
14064,4707,OP,OP1,Liar
14065,4707,ED,ED1,Kagerou
14066,4708,OP,OP1,Stare In Wonder
14067,4708,ED,ED1,Wondrous
14068,4709,OP,OP1,So Far Away
14069,4709,ED,ED1,FRIENDS & SMILE
14070,4710,OP,OP1,Sakura Kaze
14071,4710,ED,ED1,Underclass HERO
14076,4711,OP,OP1,Hajimari no Mirai
14077,4711,ED,ED1,Worlders
14100,4712,ED,ED1,Melting White
14101,4713,ED,ED1,Muchuu Neko
14102,4714,OP,OP1,Stellar Days
14103,4714,ED,ED1,Saishinwa
14104,4715,OP,OP1,Porphy no Nagai Tabi
14105,4715,ED,ED1,Kimi e to Tsuzuku Michi
14107,4717,OP,OP1,U.K.U
14108,4717,ED,ED1,Joujou↑High Tension
14109,4718,OP,OP1,Isekai Concerto
14110,4718,ED,ED1,"Kimi-iro, Boku-iro"
14111,4719,OP,OP1,"Ikite, Sansan"
14112,4719,ED,ED1,Houkou
14113,4720,OP,OP1,Rude Loose Dance
14114,4720,ED,ED1,Inori
14116,4721,OP,OP1,Piece of my world
14117,4721,ED,ED1,Obedience
14118,4722,OP,OP1,Bake no Kawa
14119,4722,ED,ED1,Loo% Who%
14123,4723,OP,OP1,Monster
14124,4723,ED,ED1,THE GAME
14126,4724,OP,OP1,Abunai Kioku
14127,4724,ED,ED1,Aka to Ao
14129,4725,OP,OP1,
14130,4725,ED,ED1,Rashisa
14131,4726,OP,OP1,Sweet Magic
14172,4726,ED,ED1,Hana to Yume
14132,4727,OP,OP1,Shirube
14167,4727,ED,ED1,sukuu
14134,4728,OP,OP1,Ougon no Kanata
14221,4728,ED,ED1,The Ballad
14135,4729,OP,OP1,GO GO PARADISE!!
14208,4729,ED,ED1,Ashita Tenki ni Naare
14136,4730,OP,OP1,Adrena
14137,4730,ED,ED1,BABY
14138,4731,OP,OP1,Sonare
14139,4731,ED,ED1,Kotozute
14140,4732,OP,OP1,Kirei.
14141,4732,ED,ED1,Wakaba no Koro
14142,4733,OP,OP1,Break off
14143,4733,ED,ED1,You'll Be In My Heart ~Soba ni~
14144,4734,OP,OP1,Rakenaria no Yume
14145,4734,ED,ED1,Story feat. katagiri
14146,4735,OP,OP1,I Love You ♡
14147,4735,ED,ED1,Amanojaku
14148,4736,OP,OP1,CATCH!!!
14149,4736,ED,ED1,Miss You
14150,4737,OP,OP1,TIMELESS POWER feat. MOTSU
14151,4737,ED,ED1,Yokan no Tochuu Prod. ☆Taku Takahashi (m-flo)
14152,4738,OP,OP1,Kimi ga Tomoshite Kureta Hikari wo Ima
14227,4738,ED,ED1,Kimi no Tonari wa Kuuki ga Oishii
14153,4739,OP,OP1,Q.E.D.
14224,4739,ED,ED1,Ningyou no Machi
14154,4740,OP,OP1,Mahoutsukai no Nikki
14155,4740,ED,ED1,Kimi wa
14289,4740,OP,OP2,Kimi wa
14290,4740,ED,ED2,Mahoutsukai no Nikki
14156,4741,OP,OP1,AIZO
14157,4741,ED,ED1,Yoake no Uta
14158,4742,OP,OP1,Tsuki ni Mukatte Ute
14207,4742,ED,ED1,Koe no Kiseki
14263,4742,ED,ED2,ask for the moon
14159,4743,OP,OP1,We Can Do!!
14160,4743,ED,ED1,Ikko Nikoniko
14286,4743,ED,ED2,Dou nara Dekiru yo
14161,4744,OP,OP1,Magic
14222,4744,ED,ED1,Back to Back
14162,4745,OP,OP1,Lavish!!
14223,4745,ED,ED1,Kimi Kouryaku Game
14252,4745,ED,ED2,YES! Summer Love♡
14163,4746,OP,OP1,YOAKE
14226,4746,ED,ED1,POWER
14164,4747,OP,OP1,Okirakuzation
14165,4747,ED,ED1,Make it
14261,4747,ED,ED2,Magic Clock
14168,4748,OP,OP1,¬Ersterbend
14169,4748,ED,ED1,"Whatever Will Be, Will Be (Que Sera, Sera)"
14211,4748,ED,ED2,Inori
14170,4749,OP,OP1,Gypso
14171,4749,ED,ED1,Ussura
14173,4750,OP,OP1,Happy Ever After feat. YU-KA
14229,4750,ED,ED1,Camellia
14174,4751,ED,ED1,Hoshimegane
14225,4751,OP,OP1,Ding-dong
14175,4752,OP,OP1,"Hikari yo, Boku ni."
14176,4752,ED,ED1,Cipher Cipher
14177,4753,OP,OP1,Liberator
14178,4753,ED,ED1,I need
14179,4754,OP,OP1,L to R
14180,4754,ED,ED1,Hatsukoi
14181,4755,OP,OP1,Ignis
14214,4755,ED,ED1,Speak of the Devil
14251,4755,ED,ED2,Speak of the Devil feat. Masato from coldrain
14443,4755,ED,ED3,Bakusou Yumeuta
14182,4756,OP,OP1,PICARESQUE HERO
14183,4756,ED,ED1,Stardust
14184,4757,OP,OP1,Haku
14230,4757,ED,ED1,Sanctuary
14185,4758,OP,OP1,One In A Billion (Japanese Ver.)
14186,4758,ED,ED1,Fatal Trouble
14217,4758,ED,ED2,CRIMINAL LOVE
14187,4759,OP,OP1,Gliding Claw
14188,4759,ED,ED1,Sky Clipper
14189,4760,OP,OP1,Dead End
14190,4760,ED,ED1,Raise wa Douse
14191,4761,OP,OP1,Ningen
14192,4761,ED,ED1,Ningen Come True!
14253,4761,ED,ED2,Sora no Iro
14193,4762,OP,OP1,GUN POWDER
14194,4762,ED,ED1,Mental Rental
14195,4763,OP,OP1,Uruwashi
14196,4763,ED,ED1,Azalea no Kaze
14197,4764,OP,OP1,Megane wo Hazushite
14198,4764,ED,ED1,Pure feat. Eriko Hashimoto
14199,4765,OP,OP1,Maboroshi no Yukue
14200,4765,ED,ED1,Playmour feat. Kaya-chan
14201,4766,OP,OP1,Blue Noise
14202,4766,ED,ED1,Utakata
14203,4767,OP,OP1,Ai no Fanfare
14204,4767,ED,ED1,Mahou no Oto
14205,4768,OP,OP1,Kasukana Hana
14206,4768,ED,ED1,PERSONAL
14209,4769,OP,OP1,Sunday Morning
14210,4769,ED,ED1,Ohimesama ni wa Narenai
14212,4770,OP,OP1,B no Revenge
14213,4770,OP,OP2,TEST ME
14231,4770,ED,ED1,Serenade
14215,4771,OP,OP1,lulu.
14216,4771,ED,ED1,The Story of Us
14278,4771,ED,ED2,Trace
14218,4772,ED,ED1,Masquerade Night
14219,4773,OP,OP1,Hamidashi Gomen
14220,4773,ED,ED1,Kagerou
14228,4774,OP,OP1,Kill the Noise
14279,4774,ED,ED1,Kill the Noise
14280,4774,ED,ED2,Seigi no Yukue
14232,4775,ED,ED1,Miracle
14233,4775,ED,ED2,Tsumuji
14234,4776,OP,OP1,Heart ni Hint! Meitantei Precure!
14235,4776,ED,ED1,Naze? Nazo?! ANSWER
14684,4776,ED,ED2,Itsuka Wakaru☆Kitto Aeru
14725,4776,ED,ED3-TV,FIRST PRISM
14236,4777,OP,OP1,Cold Night
14237,4777,ED,ED1,Rookies
14240,4778,ED,ED1-CN,Lying Under the Clear Sky
14241,4779,OP,OP1,Make Me Wonder
14242,4779,ED,ED1,Turn It Up
14243,4780,ED,ED1,Android de Shin Jidai
14244,4781,OP,OP1,Funky Spice feat. TOMOO
14245,4781,ED,ED1,Suteki!!
14246,4782,OP,OP1,ERASE
14247,4782,ED,ED1,MAGICAL
14248,4783,ED,ED1,Light song
14255,4784,OP,OP1,Genkai
14256,4784,ED,ED1,Gira Gira
14257,4784,OP,OP2,World's End Trigger
14260,4785,OP,OP1,Nanairo Nadeshiko
14262,4786,ED,ED1,Dance with STEEL BALL RUN
14281,4787,OP,OP1,Petals feat. Kase
14312,4787,ED,ED1,Hanaikada feat. Kase
14282,4788,OP,OP1,What's a Hero?
14283,4788,ED,ED1,We're Loose Stars
14284,4789,OP,OP1,MONSTER
14285,4789,ED,ED1,Liar Veil
14287,4790,OP,OP1,Toumei
14288,4790,ED,ED1,Sakasama
14291,4791,OP,OP1,Kimi wa Koibito
14292,4791,ED,ED1,Ureshii! Tanoshii! Daisuki!
14379,4791,ED,ED2,Natsumatsuri
14454,4791,ED,ED3,Heavy Rotation
14455,4791,ED,ED4,Ashita e no Tobira
14293,4792,OP,OP1,Esoragoto
14294,4792,ED,ED1,Katsubou
14485,4792,ED,ED2,Walk on you way
14486,4792,OP,OP2,TACTIC
14487,4792,ED,ED3,Hymnal
14295,4793,OP,OP1,Fly Again!!
14338,4793,ED,ED1,Dramatic Touhikou
14444,4793,ED,ED2,Taisetsu na Mono
14296,4794,OP,OP1,Hitotarashi
14360,4794,ED,ED1,AKANE On My Mind ~Manjuu Kowai
14297,4795,OP,OP1,Zettai MUST Danmen
14298,4795,ED,ED1,Return to Atama
14299,4796,OP,OP1,Sayonara ja Nai Hou ga Ii
14300,4796,ED,ED1,Futatsu no Michi
14301,4797,OP,OP1,Jihankism
14302,4797,ED,ED1,Mekurumeku Rendezvous
14303,4798,OP,OP1,Ribbon
14304,4798,ED,ED1,Shiawase Flavor
14305,4799,OP,OP1,Kaze no Anthem
14306,4799,ED,ED1,Tada Utsukushii Noroi
14420,4799,ED,ED2,Yoru ni Ukabu
14442,4799,ED,ED3,Hikari
14307,4800,OP,OP1,LA FERALIA
14308,4800,ED,ED1,Tiny Light
14309,4801,ED,ED1,Flyers!!!
14310,4802,OP,OP1,It's a beautiful story
14311,4802,ED,ED1,Sunny Steps
14313,4803,OP,OP1,Compass wa Toumei
14314,4803,ED,ED1,Mo-ii-kai?
14315,4804,ED,ED1,Savage
14316,4805,OP,OP1,Chikai wa Kyun to.
14317,4805,ED,ED1,DEAD OR LOVE
14318,4806,OP,OP1,Shunpatsuteki ni Koi Shiyou
14319,4806,ED,ED1,Hatsukoi
14320,4806,ED,ED2,WON'T BE LONG
14321,4806,ED,ED3,Konya wa Boogie Back smooth rap
14403,4806,ED,ED4,Makeru Monka
14404,4806,ED,ED5,Flyday Chinatown
14405,4806,ED,ED6,Sekai de Ichiban Atsui Natsu (Heisei Recording)
14406,4806,ED,ED7,Rouningyou No Yakata
14322,4807,OP,OP1,Hitorigoto
14332,4807,ED,ED1,Heya to Garakuta to Watashi
14323,4808,OP,OP1,Submarine Youth
14324,4808,ED,ED1,Zutto 1-ban ni Shite ne
14325,4809,OP,OP1,Mebuku Toki
14326,4809,ED,ED1,Kanjou Glass
14361,4809,ED,ED2,Kanjou Glass
14362,4809,ED,ED3,Kanjou Glass
14374,4809,ED,ED4,Kanjou Glass
14402,4809,ED,ED5,Kanjou Glass
14441,4809,ED,ED6,Kanjou Glass
14449,4809,ED,ED7,Akane-iro no Yuuhi
14327,4810,OP,OP1,Refrain
14328,4810,ED,ED1,Awa
14329,4811,OP,OP1,Recollect
14339,4811,ED,ED1,Ender Ember
14448,4811,ED,ED2,Stay Alive ~Regain~
14748,4811,ED,ED3,Redo
14330,4812,OP,OP1,Kimi no Sei de Aishiteru
14331,4812,ED,ED1,Little World
14333,4813,OP,OP1,BELIEVERS
14340,4813,ED,ED1,Reachlight
14334,4814,OP,OP1,Cusp
14337,4814,ED,ED1,Tune Up☆
14560,4814,OP,OP2,∞Rettou Hoshi
14561,4814,ED,ED2,Twilight Magic
14335,4815,OP,OP1,HIDE AND SEEK
14336,4815,ED,ED1,Isshou Nakako
14457,4815,ED,ED2,Plastic Love
14341,4816,OP,OP1,Ciao Ciao
14342,4816,ED,ED1,Yawayawa NERD Chou FreQuency
14343,4817,OP,OP1,INTERNET ANGEL
14344,4817,ED,ED1,Levitation
14345,4817,ED,ED2,INTERNET OVERDOSE (Anime version)
14380,4817,ED,ED3,Tsumi to Batsu
14456,4817,ED,ED4,Galge
14346,4818,OP,OP1,COMIT COMET
14347,4818,ED,ED1,Yowayowa Tsuyotsuyo Minimini Kowakowa
14348,4819,OP,OP1,La Fleur
14349,4819,ED,ED1,Magic
14350,4820,OP,OP1,Hatsukoi Moment
14351,4820,ED,ED1,Hop Snack Junk na HUNNY
14352,4821,OP,OP1,Bubee
14353,4821,ED,ED1,Calling
14354,4822,OP,OP1,Onegai AiPri!
14355,4822,ED,ED1,Houkago no Onegai!
14356,4823,OP,OP1,Stardust Eureka
14357,4823,ED,ED1,Lilithea no Uta
14358,4824,OP,OP1,Tensei Ganbou
14359,4824,ED,ED1,Nan Nan desu ka?
14363,4825,OP,OP1,BEAUTIFUL
14364,4825,ED,ED1,Shirubeki Koto
14365,4826,ED,ED1,Hakaritai Koukando
14366,4827,ED,ED1,Danchizuma no Yuuwaku Part 2
14367,4828,OP,OP1,Ego
14368,4828,ED,ED1,Tarareba
14369,4829,OP,OP1,"What's ""KAZOKU""?"
14370,4829,ED,ED1,shalala
14371,4830,ED,ED1,Yume no Recipe
14372,4830,ED,ED2,Check Shiyo!
14373,4830,OP,OP1,Get Set Go!
14375,4831,OP,OP1,Tobu Toki
14376,4831,ED,ED1,Tobou yo
14511,4831,OP,OP2,back shot
14512,4831,ED,ED2,Kujaku
14377,4832,OP,OP1,Abuku
14378,4832,ED,ED1,Asahi
14536,4832,OP,OP2,All in
14537,4832,ED,ED2,Tarinai
14381,4833,OP,OP1,Non Scenario Etude
14382,4833,ED,ED1,204-goushitsu
14383,4834,OP,OP1,Skins
14384,4834,ED,ED1,ROCKET
14385,4835,OP,OP1,Pages
14386,4835,ED,ED1,"Ima mo, Arigatou"
14597,4835,OP,OP2,Power of Love
14598,4835,ED,ED2,Wanna me
14387,4836,ED,ED1,Je t'aime♡Je t'aime
14388,4837,OP,OP1,Odoroki no Ko
14389,4837,ED,ED1,Utamahi
14390,4838,OP,OP1,Ichi Ni San
14391,4838,ED,ED1,Super Yuushou Tune!
14595,4838,ED,ED2,Lilith Carpet
14392,4839,OP,OP1,Komorebizaka
14393,4839,ED,ED1,Hororo Shouyou
14394,4840,OP,OP1,ATTITUDE
14395,4840,ED,ED1,KILL SHOT
14396,4841,OP,OP1,Kill or Kiss
14397,4841,ED,ED1,Shake Na Baby
14400,4842,OP,OP1,FANCLUB
14401,4842,ED,ED1,Harmony
14407,4843,OP,OP1,Glitch*
14408,4843,ED,ED1,Zero
14409,4844,OP,OP1,Shouki no Sata
14410,4844,ED,ED1,STORY
14411,4845,OP,OP1,zero
14412,4845,ED,ED1,Ima Kono Mune ni Tagiru no wa
14413,4846,ED,ED1,stay with me
14414,4847,OP,OP1,HEARTLOUD
14415,4847,ED,ED1,Juai
14669,4847,OP,OP2,Bokura ga Uwagaki suru Sekai
14670,4847,ED,ED2,Tayutau
14416,4848,OP,OP1,Let's Go Crazy
14417,4848,ED,ED1,NUMBER
14418,4849,OP,OP1,Hidane
14419,4849,ED,ED1,Chikai
14423,4850,OP,OP1,Date A Live
14424,4850,ED,ED1,Hatsukoi Winding Road
14436,4851,ED,ED1,Invisible Date
14439,4852,OP,OP1,Trust in you
14440,4852,ED,ED1,Day to Story
14445,4853,OP,OP1,HEART☆BEAT
14446,4853,OP,OP2,Boku no Taiyou
14447,4853,OP,OP3,In This Life ~ Tabidachi made no 3 Step
14450,4854,OP,OP1,blue hour
14451,4854,ED,ED1,Hikari
14452,4855,OP,OP1,C'est la vie
14453,4855,ED,ED1,Sankaku Game
14538,4856,OP,OP1,Ketsui no Uta
14539,4856,ED,ED1,"Inori, Owareba"
14663,4856,OP,OP2,Mebuki no Uta
14690,4856,OP,OP3,Hikari no Uta
14726,4856,ED,ED2,Ichiru
14466,4857,OP,OP1,Windmaker
14467,4857,ED,ED1,Unknown Me
14458,4858,OP,OP1,Madual↔Heart
14459,4858,ED,ED1,Handmaid
14470,4859,OP,OP1,Not a Hero
14471,4859,ED,ED1,HP
14472,4860,OP,OP1,FLASHBULB
14473,4860,ED,ED1,Hanataba
14474,4861,OP,OP1,Dara Dara ♡ Dancing
14475,4861,ED,ED1,Hinatabokko
14683,4861,ED,ED2,Gan Baruzee no Theme
14479,4862,ED,ED1,Bokura
14482,4863,OP,OP1,Kore wa Bokutachi no Seizon no Arasuji
14483,4863,ED,ED1,Uchuu no Fushigi
14460,4864,OP,OP1,+ENCOUNT
14478,4864,ED,ED1,Shoukei
14480,4865,OP,OP1,Awake
14481,4865,ED,ED1,Lv.1 Shokugyou:Ningen
14476,4866,OP,OP1,Nanmonee
14477,4866,ED,ED1,Kemuri to Blue
14723,4866,OP,OP2,Nanmonee
14724,4866,ED,ED2,Kemuri to Blue
14461,4867,OP,OP1,Shuushou
14462,4867,ED,ED1,Na mo Nai Hana
14575,4868,OP,OP1,Otome Kaijuu
14576,4868,ED,ED1,Otome no Honki
14577,4869,OP,OP1,Soredemo Donten wo Koete Yuku
14578,4869,ED,ED1,Arikitari na Nichijou to Kouun na Hibi e
14484,4870,ED,ED1,Hoshifuru Yoru no Yakusoku
14579,4870,OP,OP1,Wonder
14580,4871,OP,OP1,Isho
14581,4871,ED,ED1,Conifer
14582,4872,OP,OP1,Ai Kotoba
14583,4872,ED,ED1,Clover
14491,4873,OP,OP1,○✕△□
14492,4873,ED,ED1,Firetail
14493,4874,OP,OP1,Joubutsu Come true
14494,4874,ED,ED1,SAY-BYE!!
14509,4875,OP,OP1,"Roman Kaidou, Osanpo-chuu"
14510,4875,ED,ED1,Kiseki wa Okinai
14465,4876,OP,OP1,Nekohi
14496,4876,ED,ED1,Tadaima no Basho
14505,4877,OP,OP1,FREEZE ME UP
14506,4877,ED,ED1,Groooovy
14507,4878,OP,OP1,BUDDING
14508,4878,ED,ED1,Koko ni Iru
14497,4879,OP,OP1,Stella
14498,4879,ED,ED1,Hoshi
14495,4880,OP,OP1,Yurari Yureru
14596,4880,ED,ED1,DAYS!
14503,4881,OP,OP1,Hitokoto
14504,4881,ED,ED1,Shinboshi
14555,4882,OP,OP1,CRIMSON BULLET
14556,4882,ED,ED1,Ephemeral
14499,4883,OP,OP1,Latte Magic
14500,4883,ED,ED1,BooooM!!!
14501,4884,OP,OP1,Itsuka Chanto.
14502,4884,ED,ED1,Saishuukai
14601,4885,OP,OP1,Saisaisaikoukyuu no Osewa Shite
14602,4885,ED,ED1,Kanpeki ja Nai Watashi
14513,4886,OP,OP1,Kimi ga Waruin Dakara Nee
14514,4886,ED,ED1,Noro wa Shite ne?
14520,4887,OP,OP1,Nekojarashi
14521,4887,ED,ED1,Unmei no Kimi
14609,4888,OP,OP1,Kaen
14610,4888,ED,ED1,Naita Akuma
14515,4889,OP,OP1,license
14516,4889,ED,ED1,Owaranai Yoru no Mamorikata
14517,4890,OP,OP1,Daisuki♡Zutto Eien ni♡
14518,4890,ED,ED1,Kore Koi Itare Ai
14727,4890,ED,ED2,Daidaidaidaidaisuki na Kimi e♡
14614,4891,OP,OP1,Eureka Evrika
14615,4891,ED,ED1,Soarin'
14687,4891,ED,ED2,Ukiyobanare
14527,4893,OP,OP1,Sayonara Lara
14612,4893,ED,ED1,Hearts Glow
14519,4894,ED,ED1,Shaisuma!
14611,4894,ED,ED2,Lu lu lun♪ ~Urahara Kibun wa Automatic~
14586,4895,OP,OP1,I'm a Loser
14587,4895,ED,ED1,Shiroi Chou ga Tondara
14522,4896,OP,OP1,Script
14523,4896,ED,ED1,Suteki na Kanchigai
14524,4897,OP,OP1,Hitohira
14525,4897,ED,ED1,Hikari
14528,4898,OP,OP1,Q.E.D.
14529,4898,ED,ED1,Goodbye Lullaby
14548,4899,OP,OP1,Kaishin no Ichigeki
14549,4899,ED,ED1,Welcome to Azatosa World
14530,4900,OP,OP1,Butterfly
14531,4900,ED,ED1,Holy Sweet Home
14532,4901,OP,OP1,Natsu ni Kasanete
14533,4901,ED,ED1,Tilt
14534,4902,OP,OP1,Natsuko
14535,4902,ED,ED1,Hadaka no Mermaid
14540,4903,OP,OP1,Inochi Mijikashi Taisuru Otome yo
14648,4903,ED,ED1,NEW GAME
14543,4904,OP,OP1,Amore
14649,4904,ED,ED1,Eternal
14691,4904,ED,ED2,Statice
14550,4905,ED,ED1,Tokete Hirameru
14541,4906,OP,OP1,GO GHOST
14542,4906,ED,ED1,Blue
14714,4906,ED,ED2,She is a bit too Clever
14546,4907,OP,OP1,BAD Idenshi
14547,4907,ED,ED1,Bakemon
14544,4908,OP,OP1,Isshin
14545,4908,ED,ED1,En no Tsuki
14551,4909,OP,OP1,Akatsuki no Sora
14656,4909,ED,ED1,Reunion
14749,4909,OP,OP2,Akatsuki no Hoshi
14750,4909,ED,ED2,flow feat. Yuuko Andou
14552,4910,OP,OP1,Foreshadow
14653,4910,ED,ED1,Awake Anew
14651,4911,OP,OP1,Why? RED induction
14652,4911,ED,ED1,Weiter! Weiter!
14557,4912,ED,ED1,ADDICTED
14559,4913,OP,OP1,Amayadori no Shoukei
14658,4913,ED,ED1,Clair
14562,4914,OP,OP1,Jinsei End Roll
14563,4914,ED,ED1,Ashita wa Ashita no Ke Sera Sera!
14566,4915,OP,OP1,Thunderbolt
14567,4915,ED,ED1,Sharurerira
14584,4916,OP,OP1,Kurenai no Ha
14585,4916,ED,ED1,Mikansei
14564,4917,OP,OP1,SHOW DOWN
14565,4917,ED,ED1,To Be Continued
14574,4918,OP,OP1,Mebius
14659,4918,ED,ED1,Dilemma
14463,4919,OP,OP1-AdvPrem,Kuzuri Nen
14464,4919,ED,ED1-AdvPrem,NIGHT DANCER
14568,4919,OP,OP1,Ichijiku Kemuri
14569,4919,ED,ED1,Fiction
14599,4920,OP,OP1,High Maintenance Girl
14600,4920,ED,ED1,Very Good Encount
14608,4921,OP,OP1,Sunny
14667,4921,ED,ED1,Houkiboshi
14657,4922,ED,ED1,Yami Shibai no Blues
14671,4923,OP,OP1,I-BULL
14672,4923,ED,ED1,Rasen
14693,4923,ED,ED2,Rasen -Acoustic Ver.-
14660,4924,OP,OP1,Onigoto
14661,4924,ED,ED1,"Romantic ga Hoshii nara feat. Nao Kosaka, Youko Shougenji, Kaho Fujishima (Hinatazaka46)"
14468,4925,OP,OP1,FUNKIN' BEAUTIFUL feat. ZORN
14469,4925,ED,ED1,New Walk
14488,4926,OP,OP1,hate you? love you?
14489,4926,ED,ED1,Kami no Shizuku
14490,4926,ED,ED2,Every Summer
14662,4926,OP,OP2,Call Me Asap
14553,4927,OP,OP1,Ba Ba Bi Li Li Li
14554,4927,ED,ED1,
14558,4928,ED,ED1,Bouei Rain (Daitai Heiwa desu)
14570,4929,ED,ED1,Nyandaful☆Nyanda~Land
14593,4930,OP,OP1,Heaven Knows
14594,4930,ED,ED1,7 DAYS
14604,4931,ED,ED1,Reach for the Rainbow
14605,4931,ED,ED2,Live to Survive
14616,4932,ED,ED1,Gemini
14617,4933,ED,ED2,Inori
14618,4933,ED,ED1,L-O-V-E
14619,4934,ED,ED1,Ima wo Mirai wo Arigatou
14627,4935,ED,ED1,Utopia
14631,4936,OP,OP1,Namida no Parade
14632,4936,ED,ED1,Bokutachi no Hibi
14634,4937,ED,ED1,ChaO!
14635,4938,OP,OP1,Itoshiki Yume yo Izanaite
14636,4938,ED,ED1,Yakusoku ni Nare Bokura no Uta
14637,4938,ED,ED1-Theatrical2,Yakusoku ni Nare Bokura no Uta
14638,4938,ED,ED1-Theatrical3,Yakusoku ni Nare Bokura no Uta
14639,4938,ED,ED1-Theatrical4,Yakusoku ni Nare Bokura no Uta
14640,4938,ED,ED1-Theatrical5,Yakusoku ni Nare Bokura no Uta
14641,4938,ED,ED1-Theatrical6,Yakusoku ni Nare Bokura no Uta
14642,4938,ED,ED1-Theatrical7,Yakusoku ni Nare Bokura no Uta
14650,4939,ED,ED1,Akane
14654,4940,OP,OP1,Hana Sakeba Yume Kakeru
14655,4940,ED,ED1,Hikari no Naka de Hana Saite
14664,4941,OP,OP1,Tagatame ni
14665,4941,ED,ED1,Climal
14666,4942,OP,OP1,Gachi de Furuu
14668,4943,ED,ED1,Teacher
14677,4944,ED,ED1,Hero too -10th Anniversary ver.-
14678,4945,OP,OP1,Mou Nanimo Iranai Mirai
14679,4945,ED,ED1,Inochi wo Kure yo
14680,4946,OP,OP1,arrow
14681,4946,ED,ED1,Ibara no Bara
14682,4947,ED,ED1,Mirai Contrail
14685,4948,ED,ED1,Reborn
14686,4948,ED,ED2,Fuyugare no Tabibito
14688,4949,OP,OP1,Reimei Compass
14689,4949,ED,ED1,Baton
14694,4950,ED,ED1,Do Do Do Pink Power
14696,4951,ED,ED1,Kanata
14697,4952,ED,ED1,One Last Kiss
14698,4952,ED,ED2,Beautiful World (Da Capo Version)
14703,4953,ED,ED1,FIRST PRISM
14705,4954,OP,OP1,Koi
14706,4954,ED,ED1,ToCoda (TRUE & Wind Orchestra Ver.)
14712,4955,OP,OP1,Click
14713,4955,ED,ED1,Null
14707,4956,OP,OP1,Wangjile Ye Meiguanxi
14708,4956,ED,ED1,Jiyi Guanli Ju 2026
14709,4956,ED,ED2,Shamo Jiyi Ceng
14710,4956,ED,ED4,Fei Song
14711,4956,ED,ED3,Wangjile Ye Meiguanxi
14715,4957,OP,OP1,LILIUM
14716,4957,ED,ED1,be your girl
14717,4958,OP,OP1,Iijan! Yuujou
14718,4958,ED,ED1,Yumemiru Otome
14719,4959,ED,ED1,Nikoichi Mirai
14720,4960,OP,OP1,Remember
14721,4960,ED,ED1,ray Chou Kaguya-hime! Version
14722,4960,ED,ED2,Melt CPK! Remix
14728,4961,OP,OP1,DREAM OF BUTTERFLY
14729,4961,ED,ED1,Baribari Buddy
14730,4962,OP,OP1,Kumo wo Nuke Kazashimo e Watashi dake
14732,4963,OP,OP1,Kienai Riyuu
14733,4963,ED,ED1,Yellow Brick Road
14734,4964,OP,OP1,SPIN
14735,4964,ED,ED1,Shinu ka Ikiru ka
14736,4965,OP,OP1,SATISFY
14737,4965,ED,ED1,Ray of Emotion
14738,4966,OP,OP1,Still Water
14739,4966,ED,ED1,Hibi wo Koete
14740,4967,OP,OP1,Walls And Bridges
14741,4967,ED,ED1,Kinkanshoku phenomenal
14742,4968,OP,OP1,FX Senshi Kurumi-chan
14743,4968,ED,ED1,＄・￥・€
14744,4969,OP,OP1,Karei Naru Revenge
14745,4969,ED,ED1,Nagi no Soko
14746,4970,OP,OP1,Melodic Impact
14747,4970,ED,ED1,Yurete Skirt
14751,4971,ED,ED1,Hallelujah
